ISO-10303-21;
HEADER;
FILE_DESCRIPTION(('KiCad electronic assembly'),'2;1');
FILE_NAME('CIS_Integration_V4.step','2026-09-09T14:35:48',('Pcbnew'),(
    'Kicad'),'Open CASCADE STEP processor 7.9','KiCad to STEP converter'
  ,'Unknown');
FILE_SCHEMA(('AUTOMOTIVE_DESIGN { 1 0 10303 214 1 1 1 1 }'));
ENDSEC;
DATA;
#1 = APPLICATION_PROTOCOL_DEFINITION('international standard',
  'automotive_design',2000,#2);
#2 = APPLICATION_CONTEXT(
  'core data for automotive mechanical design processes');
#3 = SHAPE_DEFINITION_REPRESENTATION(#4,#10);
#4 = PRODUCT_DEFINITION_SHAPE('','',#5);
#5 = PRODUCT_DEFINITION('design','',#6,#9);
#6 = PRODUCT_DEFINITION_FORMATION('','',#7);
#7 = PRODUCT('CIS_Integration_V4 1','CIS_Integration_V4 1','',(#8));
#8 = PRODUCT_CONTEXT('',#2,'mechanical');
#9 = PRODUCT_DEFINITION_CONTEXT('part definition',#2,'design');
#10 = SHAPE_REPRESENTATION('',(#11,#15,#19,#23,#27),#31);
#11 = AXIS2_PLACEMENT_3D('',#12,#13,#14);
#12 = CARTESIAN_POINT('',(0.,0.,0.));
#13 = DIRECTION('',(0.,0.,1.));
#14 = DIRECTION('',(1.,0.,-0.));
#15 = AXIS2_PLACEMENT_3D('',#16,#17,#18);
#16 = CARTESIAN_POINT('',(28.363616,9.2713,0.995));
#17 = DIRECTION('',(0.,-0.,1.));
#18 = DIRECTION('',(1.110223024625E-16,1.,0.));
#19 = AXIS2_PLACEMENT_3D('',#20,#21,#22);
#20 = CARTESIAN_POINT('',(47.52549,11.258803,0.995));
#21 = DIRECTION('',(0.,0.,1.));
#22 = DIRECTION('',(1.,0.,0.));
#23 = AXIS2_PLACEMENT_3D('',#24,#25,#26);
#24 = CARTESIAN_POINT('',(8.826499,9.,0.995));
#25 = DIRECTION('',(-0.,0.,1.));
#26 = DIRECTION('',(1.110223024625E-16,-1.,0.));
#27 = AXIS2_PLACEMENT_3D('',#28,#29,#30);
#28 = CARTESIAN_POINT('',(0.,0.,0.));
#29 = DIRECTION('',(0.,0.,1.));
#30 = DIRECTION('',(1.,0.,-0.));
#31 = ( GEOMETRIC_REPRESENTATION_CONTEXT(3) 
GLOBAL_UNCERTAINTY_ASSIGNED_CONTEXT((#35)) GLOBAL_UNIT_ASSIGNED_CONTEXT(
(#32,#33,#34)) REPRESENTATION_CONTEXT('Context #1',
  '3D Context with UNIT and UNCERTAINTY') );
#32 = ( LENGTH_UNIT() NAMED_UNIT(*) SI_UNIT(.MILLI.,.METRE.) );
#33 = ( NAMED_UNIT(*) PLANE_ANGLE_UNIT() SI_UNIT($,.RADIAN.) );
#34 = ( NAMED_UNIT(*) SI_UNIT($,.STERADIAN.) SOLID_ANGLE_UNIT() );
#35 = UNCERTAINTY_MEASURE_WITH_UNIT(LENGTH_MEASURE(1.E-07),#32,
  'distance_accuracy_value','confusion accuracy');
#36 = PRODUCT_RELATED_PRODUCT_CATEGORY('part',$,(#7));
#37 = SHAPE_DEFINITION_REPRESENTATION(#38,#44);
#38 = PRODUCT_DEFINITION_SHAPE('','',#39);
#39 = PRODUCT_DEFINITION('design','',#40,#43);
#40 = PRODUCT_DEFINITION_FORMATION('','',#41);
#41 = PRODUCT('J2_envelope','J2_envelope','',(#42));
#42 = PRODUCT_CONTEXT('',#2,'mechanical');
#43 = PRODUCT_DEFINITION_CONTEXT('part definition',#2,'design');
#44 = ADVANCED_BREP_SHAPE_REPRESENTATION('',(#11,#45),#337);
#45 = MANIFOLD_SOLID_BREP('',#46);
#46 = CLOSED_SHELL('',(#47,#87,#118,#176,#200,#217,#229,#260,#284,#308,
    #325));
#47 = ADVANCED_FACE('',(#48),#82,.F.);
#48 = FACE_BOUND('',#49,.F.);
#49 = EDGE_LOOP('',(#50,#60,#68,#76));
#50 = ORIENTED_EDGE('',*,*,#51,.F.);
#51 = EDGE_CURVE('',#52,#54,#56,.T.);
#52 = VERTEX_POINT('',#53);
#53 = CARTESIAN_POINT('',(-3.6,1.9,0.));
#54 = VERTEX_POINT('',#55);
#55 = CARTESIAN_POINT('',(-3.6,1.9,0.58));
#56 = LINE('',#57,#58);
#57 = CARTESIAN_POINT('',(-3.6,1.9,0.));
#58 = VECTOR('',#59,1.);
#59 = DIRECTION('',(0.,0.,1.));
#60 = ORIENTED_EDGE('',*,*,#61,.T.);
#61 = EDGE_CURVE('',#52,#62,#64,.T.);
#62 = VERTEX_POINT('',#63);
#63 = CARTESIAN_POINT('',(3.6,1.9,0.));
#64 = LINE('',#65,#66);
#65 = CARTESIAN_POINT('',(-3.6,1.9,0.));
#66 = VECTOR('',#67,1.);
#67 = DIRECTION('',(1.,1.110223024625E-16,0.));
#68 = ORIENTED_EDGE('',*,*,#69,.T.);
#69 = EDGE_CURVE('',#62,#70,#72,.T.);
#70 = VERTEX_POINT('',#71);
#71 = CARTESIAN_POINT('',(3.6,1.9,0.58));
#72 = LINE('',#73,#74);
#73 = CARTESIAN_POINT('',(3.6,1.9,0.));
#74 = VECTOR('',#75,1.);
#75 = DIRECTION('',(0.,0.,1.));
#76 = ORIENTED_EDGE('',*,*,#77,.F.);
#77 = EDGE_CURVE('',#54,#70,#78,.T.);
#78 = LINE('',#79,#80);
#79 = CARTESIAN_POINT('',(-3.6,1.9,0.58));
#80 = VECTOR('',#81,1.);
#81 = DIRECTION('',(1.,1.110223024625E-16,0.));
#82 = PLANE('',#83);
#83 = AXIS2_PLACEMENT_3D('',#84,#85,#86);
#84 = CARTESIAN_POINT('',(-3.6,1.9,0.));
#85 = DIRECTION('',(1.110223024625E-16,-1.,0.));
#86 = DIRECTION('',(0.,0.,1.));
#87 = ADVANCED_FACE('',(#88),#113,.F.);
#88 = FACE_BOUND('',#89,.F.);
#89 = EDGE_LOOP('',(#90,#98,#99,#107));
#90 = ORIENTED_EDGE('',*,*,#91,.F.);
#91 = EDGE_CURVE('',#52,#92,#94,.T.);
#92 = VERTEX_POINT('',#93);
#93 = CARTESIAN_POINT('',(-3.6,-1.9,0.));
#94 = LINE('',#95,#96);
#95 = CARTESIAN_POINT('',(-3.6,1.9,0.));
#96 = VECTOR('',#97,1.);
#97 = DIRECTION('',(1.110223024625E-16,-1.,0.));
#98 = ORIENTED_EDGE('',*,*,#51,.T.);
#99 = ORIENTED_EDGE('',*,*,#100,.T.);
#100 = EDGE_CURVE('',#54,#101,#103,.T.);
#101 = VERTEX_POINT('',#102);
#102 = CARTESIAN_POINT('',(-3.6,-1.9,0.58));
#103 = LINE('',#104,#105);
#104 = CARTESIAN_POINT('',(-3.6,1.9,0.58));
#105 = VECTOR('',#106,1.);
#106 = DIRECTION('',(1.110223024625E-16,-1.,0.));
#107 = ORIENTED_EDGE('',*,*,#108,.F.);
#108 = EDGE_CURVE('',#92,#101,#109,.T.);
#109 = LINE('',#110,#111);
#110 = CARTESIAN_POINT('',(-3.6,-1.9,0.));
#111 = VECTOR('',#112,1.);
#112 = DIRECTION('',(0.,0.,1.));
#113 = PLANE('',#114);
#114 = AXIS2_PLACEMENT_3D('',#115,#116,#117);
#115 = CARTESIAN_POINT('',(-3.6,1.9,0.));
#116 = DIRECTION('',(1.,1.110223024625E-16,0.));
#117 = DIRECTION('',(0.,-0.,1.));
#118 = ADVANCED_FACE('',(#119,#137),#171,.T.);
#119 = FACE_BOUND('',#120,.T.);
#120 = EDGE_LOOP('',(#121,#122,#123,#131));
#121 = ORIENTED_EDGE('',*,*,#77,.F.);
#122 = ORIENTED_EDGE('',*,*,#100,.T.);
#123 = ORIENTED_EDGE('',*,*,#124,.T.);
#124 = EDGE_CURVE('',#101,#125,#127,.T.);
#125 = VERTEX_POINT('',#126);
#126 = CARTESIAN_POINT('',(3.6,-1.9,0.58));
#127 = LINE('',#128,#129);
#128 = CARTESIAN_POINT('',(-3.6,-1.9,0.58));
#129 = VECTOR('',#130,1.);
#130 = DIRECTION('',(1.,1.110223024625E-16,0.));
#131 = ORIENTED_EDGE('',*,*,#132,.F.);
#132 = EDGE_CURVE('',#70,#125,#133,.T.);
#133 = LINE('',#134,#135);
#134 = CARTESIAN_POINT('',(3.6,1.9,0.58));
#135 = VECTOR('',#136,1.);
#136 = DIRECTION('',(1.110223024625E-16,-1.,0.));
#137 = FACE_BOUND('',#138,.T.);
#138 = EDGE_LOOP('',(#139,#149,#157,#165));
#139 = ORIENTED_EDGE('',*,*,#140,.T.);
#140 = EDGE_CURVE('',#141,#143,#145,.T.);
#141 = VERTEX_POINT('',#142);
#142 = CARTESIAN_POINT('',(-3.38,-1.68,0.58));
#143 = VERTEX_POINT('',#144);
#144 = CARTESIAN_POINT('',(-3.38,1.68,0.58));
#145 = LINE('',#146,#147);
#146 = CARTESIAN_POINT('',(-3.38,1.79,0.58));
#147 = VECTOR('',#148,1.);
#148 = DIRECTION('',(-1.110223024625E-16,1.,0.));
#149 = ORIENTED_EDGE('',*,*,#150,.T.);
#150 = EDGE_CURVE('',#143,#151,#153,.T.);
#151 = VERTEX_POINT('',#152);
#152 = CARTESIAN_POINT('',(3.38,1.68,0.58));
#153 = LINE('',#154,#155);
#154 = CARTESIAN_POINT('',(-3.49,1.68,0.58));
#155 = VECTOR('',#156,1.);
#156 = DIRECTION('',(1.,1.110223024625E-16,0.));
#157 = ORIENTED_EDGE('',*,*,#158,.F.);
#158 = EDGE_CURVE('',#159,#151,#161,.T.);
#159 = VERTEX_POINT('',#160);
#160 = CARTESIAN_POINT('',(3.38,-1.68,0.58));
#161 = LINE('',#162,#163);
#162 = CARTESIAN_POINT('',(3.38,1.79,0.58));
#163 = VECTOR('',#164,1.);
#164 = DIRECTION('',(-1.110223024625E-16,1.,0.));
#165 = ORIENTED_EDGE('',*,*,#166,.F.);
#166 = EDGE_CURVE('',#141,#159,#167,.T.);
#167 = LINE('',#168,#169);
#168 = CARTESIAN_POINT('',(-3.49,-1.68,0.58));
#169 = VECTOR('',#170,1.);
#170 = DIRECTION('',(1.,1.110223024625E-16,0.));
#171 = PLANE('',#172);
#172 = AXIS2_PLACEMENT_3D('',#173,#174,#175);
#173 = CARTESIAN_POINT('',(-3.6,1.9,0.58));
#174 = DIRECTION('',(0.,0.,1.));
#175 = DIRECTION('',(1.110223024625E-16,-1.,0.));
#176 = ADVANCED_FACE('',(#177),#195,.T.);
#177 = FACE_BOUND('',#178,.T.);
#178 = EDGE_LOOP('',(#179,#187,#188,#189));
#179 = ORIENTED_EDGE('',*,*,#180,.F.);
#180 = EDGE_CURVE('',#62,#181,#183,.T.);
#181 = VERTEX_POINT('',#182);
#182 = CARTESIAN_POINT('',(3.6,-1.9,0.));
#183 = LINE('',#184,#185);
#184 = CARTESIAN_POINT('',(3.6,1.9,0.));
#185 = VECTOR('',#186,1.);
#186 = DIRECTION('',(1.110223024625E-16,-1.,0.));
#187 = ORIENTED_EDGE('',*,*,#69,.T.);
#188 = ORIENTED_EDGE('',*,*,#132,.T.);
#189 = ORIENTED_EDGE('',*,*,#190,.F.);
#190 = EDGE_CURVE('',#181,#125,#191,.T.);
#191 = LINE('',#192,#193);
#192 = CARTESIAN_POINT('',(3.6,-1.9,0.));
#193 = VECTOR('',#194,1.);
#194 = DIRECTION('',(0.,0.,1.));
#195 = PLANE('',#196);
#196 = AXIS2_PLACEMENT_3D('',#197,#198,#199);
#197 = CARTESIAN_POINT('',(3.6,1.9,0.));
#198 = DIRECTION('',(1.,1.110223024625E-16,0.));
#199 = DIRECTION('',(0.,-0.,1.));
#200 = ADVANCED_FACE('',(#201),#212,.F.);
#201 = FACE_BOUND('',#202,.F.);
#202 = EDGE_LOOP('',(#203,#204,#205,#211));
#203 = ORIENTED_EDGE('',*,*,#61,.F.);
#204 = ORIENTED_EDGE('',*,*,#91,.T.);
#205 = ORIENTED_EDGE('',*,*,#206,.T.);
#206 = EDGE_CURVE('',#92,#181,#207,.T.);
#207 = LINE('',#208,#209);
#208 = CARTESIAN_POINT('',(-3.6,-1.9,0.));
#209 = VECTOR('',#210,1.);
#210 = DIRECTION('',(1.,1.110223024625E-16,0.));
#211 = ORIENTED_EDGE('',*,*,#180,.F.);
#212 = PLANE('',#213);
#213 = AXIS2_PLACEMENT_3D('',#214,#215,#216);
#214 = CARTESIAN_POINT('',(-3.6,1.9,0.));
#215 = DIRECTION('',(0.,0.,1.));
#216 = DIRECTION('',(1.110223024625E-16,-1.,0.));
#217 = ADVANCED_FACE('',(#218),#224,.T.);
#218 = FACE_BOUND('',#219,.T.);
#219 = EDGE_LOOP('',(#220,#221,#222,#223));
#220 = ORIENTED_EDGE('',*,*,#108,.F.);
#221 = ORIENTED_EDGE('',*,*,#206,.T.);
#222 = ORIENTED_EDGE('',*,*,#190,.T.);
#223 = ORIENTED_EDGE('',*,*,#124,.F.);
#224 = PLANE('',#225);
#225 = AXIS2_PLACEMENT_3D('',#226,#227,#228);
#226 = CARTESIAN_POINT('',(-3.6,-1.9,0.));
#227 = DIRECTION('',(1.110223024625E-16,-1.,0.));
#228 = DIRECTION('',(0.,0.,1.));
#229 = ADVANCED_FACE('',(#230),#255,.T.);
#230 = FACE_BOUND('',#231,.T.);
#231 = EDGE_LOOP('',(#232,#240,#248,#254));
#232 = ORIENTED_EDGE('',*,*,#233,.F.);
#233 = EDGE_CURVE('',#234,#141,#236,.T.);
#234 = VERTEX_POINT('',#235);
#235 = CARTESIAN_POINT('',(-3.38,-1.68,0.16));
#236 = LINE('',#237,#238);
#237 = CARTESIAN_POINT('',(-3.38,-1.68,0.16));
#238 = VECTOR('',#239,1.);
#239 = DIRECTION('',(0.,0.,1.));
#240 = ORIENTED_EDGE('',*,*,#241,.F.);
#241 = EDGE_CURVE('',#242,#234,#244,.T.);
#242 = VERTEX_POINT('',#243);
#243 = CARTESIAN_POINT('',(-3.38,1.68,0.16));
#244 = LINE('',#245,#246);
#245 = CARTESIAN_POINT('',(-3.38,1.68,0.16));
#246 = VECTOR('',#247,1.);
#247 = DIRECTION('',(1.110223024625E-16,-1.,0.));
#248 = ORIENTED_EDGE('',*,*,#249,.T.);
#249 = EDGE_CURVE('',#242,#143,#250,.T.);
#250 = LINE('',#251,#252);
#251 = CARTESIAN_POINT('',(-3.38,1.68,0.16));
#252 = VECTOR('',#253,1.);
#253 = DIRECTION('',(0.,0.,1.));
#254 = ORIENTED_EDGE('',*,*,#140,.F.);
#255 = PLANE('',#256);
#256 = AXIS2_PLACEMENT_3D('',#257,#258,#259);
#257 = CARTESIAN_POINT('',(-3.38,1.68,0.16));
#258 = DIRECTION('',(1.,1.110223024625E-16,0.));
#259 = DIRECTION('',(0.,-0.,1.));
#260 = ADVANCED_FACE('',(#261),#279,.F.);
#261 = FACE_BOUND('',#262,.F.);
#262 = EDGE_LOOP('',(#263,#264,#272,#278));
#263 = ORIENTED_EDGE('',*,*,#233,.F.);
#264 = ORIENTED_EDGE('',*,*,#265,.T.);
#265 = EDGE_CURVE('',#234,#266,#268,.T.);
#266 = VERTEX_POINT('',#267);
#267 = CARTESIAN_POINT('',(3.38,-1.68,0.16));
#268 = LINE('',#269,#270);
#269 = CARTESIAN_POINT('',(-3.38,-1.68,0.16));
#270 = VECTOR('',#271,1.);
#271 = DIRECTION('',(1.,1.110223024625E-16,0.));
#272 = ORIENTED_EDGE('',*,*,#273,.T.);
#273 = EDGE_CURVE('',#266,#159,#274,.T.);
#274 = LINE('',#275,#276);
#275 = CARTESIAN_POINT('',(3.38,-1.68,0.16));
#276 = VECTOR('',#277,1.);
#277 = DIRECTION('',(0.,0.,1.));
#278 = ORIENTED_EDGE('',*,*,#166,.F.);
#279 = PLANE('',#280);
#280 = AXIS2_PLACEMENT_3D('',#281,#282,#283);
#281 = CARTESIAN_POINT('',(-3.38,-1.68,0.16));
#282 = DIRECTION('',(1.110223024625E-16,-1.,0.));
#283 = DIRECTION('',(0.,0.,1.));
#284 = ADVANCED_FACE('',(#285),#303,.F.);
#285 = FACE_BOUND('',#286,.F.);
#286 = EDGE_LOOP('',(#287,#288,#296,#302));
#287 = ORIENTED_EDGE('',*,*,#273,.F.);
#288 = ORIENTED_EDGE('',*,*,#289,.F.);
#289 = EDGE_CURVE('',#290,#266,#292,.T.);
#290 = VERTEX_POINT('',#291);
#291 = CARTESIAN_POINT('',(3.38,1.68,0.16));
#292 = LINE('',#293,#294);
#293 = CARTESIAN_POINT('',(3.38,1.68,0.16));
#294 = VECTOR('',#295,1.);
#295 = DIRECTION('',(1.110223024625E-16,-1.,0.));
#296 = ORIENTED_EDGE('',*,*,#297,.T.);
#297 = EDGE_CURVE('',#290,#151,#298,.T.);
#298 = LINE('',#299,#300);
#299 = CARTESIAN_POINT('',(3.38,1.68,0.16));
#300 = VECTOR('',#301,1.);
#301 = DIRECTION('',(0.,0.,1.));
#302 = ORIENTED_EDGE('',*,*,#158,.F.);
#303 = PLANE('',#304);
#304 = AXIS2_PLACEMENT_3D('',#305,#306,#307);
#305 = CARTESIAN_POINT('',(3.38,1.68,0.16));
#306 = DIRECTION('',(1.,1.110223024625E-16,0.));
#307 = DIRECTION('',(0.,-0.,1.));
#308 = ADVANCED_FACE('',(#309),#320,.T.);
#309 = FACE_BOUND('',#310,.T.);
#310 = EDGE_LOOP('',(#311,#312,#318,#319));
#311 = ORIENTED_EDGE('',*,*,#249,.F.);
#312 = ORIENTED_EDGE('',*,*,#313,.T.);
#313 = EDGE_CURVE('',#242,#290,#314,.T.);
#314 = LINE('',#315,#316);
#315 = CARTESIAN_POINT('',(-3.38,1.68,0.16));
#316 = VECTOR('',#317,1.);
#317 = DIRECTION('',(1.,1.110223024625E-16,0.));
#318 = ORIENTED_EDGE('',*,*,#297,.T.);
#319 = ORIENTED_EDGE('',*,*,#150,.F.);
#320 = PLANE('',#321);
#321 = AXIS2_PLACEMENT_3D('',#322,#323,#324);
#322 = CARTESIAN_POINT('',(-3.38,1.68,0.16));
#323 = DIRECTION('',(1.110223024625E-16,-1.,0.));
#324 = DIRECTION('',(0.,0.,1.));
#325 = ADVANCED_FACE('',(#326),#332,.T.);
#326 = FACE_BOUND('',#327,.T.);
#327 = EDGE_LOOP('',(#328,#329,#330,#331));
#328 = ORIENTED_EDGE('',*,*,#313,.F.);
#329 = ORIENTED_EDGE('',*,*,#241,.T.);
#330 = ORIENTED_EDGE('',*,*,#265,.T.);
#331 = ORIENTED_EDGE('',*,*,#289,.F.);
#332 = PLANE('',#333);
#333 = AXIS2_PLACEMENT_3D('',#334,#335,#336);
#334 = CARTESIAN_POINT('',(-3.38,1.68,0.16));
#335 = DIRECTION('',(0.,0.,1.));
#336 = DIRECTION('',(1.110223024625E-16,-1.,0.));
#337 = ( GEOMETRIC_REPRESENTATION_CONTEXT(3) 
GLOBAL_UNCERTAINTY_ASSIGNED_CONTEXT((#341)) GLOBAL_UNIT_ASSIGNED_CONTEXT
((#338,#339,#340)) REPRESENTATION_CONTEXT('Context #1',
  '3D Context with UNIT and UNCERTAINTY') );
#338 = ( LENGTH_UNIT() NAMED_UNIT(*) SI_UNIT(.MILLI.,.METRE.) );
#339 = ( NAMED_UNIT(*) PLANE_ANGLE_UNIT() SI_UNIT($,.RADIAN.) );
#340 = ( NAMED_UNIT(*) SI_UNIT($,.STERADIAN.) SOLID_ANGLE_UNIT() );
#341 = UNCERTAINTY_MEASURE_WITH_UNIT(LENGTH_MEASURE(1.E-07),#338,
  'distance_accuracy_value','confusion accuracy');
#342 = CONTEXT_DEPENDENT_SHAPE_REPRESENTATION(#343,#345);
#343 = ( REPRESENTATION_RELATIONSHIP('','',#44,#10) 
REPRESENTATION_RELATIONSHIP_WITH_TRANSFORMATION(#344) 
SHAPE_REPRESENTATION_RELATIONSHIP() );
#344 = ITEM_DEFINED_TRANSFORMATION('','',#11,#15);
#345 = PRODUCT_DEFINITION_SHAPE('Placement','Placement of an item',#346
  );
#346 = NEXT_ASSEMBLY_USAGE_OCCURRENCE('1','J2','',#5,#39,$);
#347 = PRODUCT_RELATED_PRODUCT_CATEGORY('part',$,(#41));
#348 = SHAPE_DEFINITION_REPRESENTATION(#349,#355);
#349 = PRODUCT_DEFINITION_SHAPE('','',#350);
#350 = PRODUCT_DEFINITION('design','',#351,#354);
#351 = PRODUCT_DEFINITION_FORMATION('','',#352);
#352 = PRODUCT('J1_envelope','J1_envelope','',(#353));
#353 = PRODUCT_CONTEXT('',#2,'mechanical');
#354 = PRODUCT_DEFINITION_CONTEXT('part definition',#2,'design');
#355 = ADVANCED_BREP_SHAPE_REPRESENTATION('',(#11,#356),#648);
#356 = MANIFOLD_SOLID_BREP('',#357);
#357 = CLOSED_SHELL('',(#358,#398,#429,#487,#511,#528,#540,#571,#595,
    #619,#636));
#358 = ADVANCED_FACE('',(#359),#393,.F.);
#359 = FACE_BOUND('',#360,.F.);
#360 = EDGE_LOOP('',(#361,#371,#379,#387));
#361 = ORIENTED_EDGE('',*,*,#362,.F.);
#362 = EDGE_CURVE('',#363,#365,#367,.T.);
#363 = VERTEX_POINT('',#364);
#364 = CARTESIAN_POINT('',(-4.275,-0.85,0.));
#365 = VERTEX_POINT('',#366);
#366 = CARTESIAN_POINT('',(-4.275,-0.85,0.48));
#367 = LINE('',#368,#369);
#368 = CARTESIAN_POINT('',(-4.275,-0.85,0.));
#369 = VECTOR('',#370,1.);
#370 = DIRECTION('',(0.,0.,1.));
#371 = ORIENTED_EDGE('',*,*,#372,.T.);
#372 = EDGE_CURVE('',#363,#373,#375,.T.);
#373 = VERTEX_POINT('',#374);
#374 = CARTESIAN_POINT('',(-4.275,0.85,0.));
#375 = LINE('',#376,#377);
#376 = CARTESIAN_POINT('',(-4.275,-0.85,0.));
#377 = VECTOR('',#378,1.);
#378 = DIRECTION('',(0.,1.,0.));
#379 = ORIENTED_EDGE('',*,*,#380,.T.);
#380 = EDGE_CURVE('',#373,#381,#383,.T.);
#381 = VERTEX_POINT('',#382);
#382 = CARTESIAN_POINT('',(-4.275,0.85,0.48));
#383 = LINE('',#384,#385);
#384 = CARTESIAN_POINT('',(-4.275,0.85,0.));
#385 = VECTOR('',#386,1.);
#386 = DIRECTION('',(0.,0.,1.));
#387 = ORIENTED_EDGE('',*,*,#388,.F.);
#388 = EDGE_CURVE('',#365,#381,#389,.T.);
#389 = LINE('',#390,#391);
#390 = CARTESIAN_POINT('',(-4.275,-0.85,0.48));
#391 = VECTOR('',#392,1.);
#392 = DIRECTION('',(0.,1.,0.));
#393 = PLANE('',#394);
#394 = AXIS2_PLACEMENT_3D('',#395,#396,#397);
#395 = CARTESIAN_POINT('',(-4.275,-0.85,0.));
#396 = DIRECTION('',(1.,0.,0.));
#397 = DIRECTION('',(0.,0.,1.));
#398 = ADVANCED_FACE('',(#399),#424,.F.);
#399 = FACE_BOUND('',#400,.F.);
#400 = EDGE_LOOP('',(#401,#409,#410,#418));
#401 = ORIENTED_EDGE('',*,*,#402,.F.);
#402 = EDGE_CURVE('',#363,#403,#405,.T.);
#403 = VERTEX_POINT('',#404);
#404 = CARTESIAN_POINT('',(4.275,-0.85,0.));
#405 = LINE('',#406,#407);
#406 = CARTESIAN_POINT('',(-4.275,-0.85,0.));
#407 = VECTOR('',#408,1.);
#408 = DIRECTION('',(1.,0.,0.));
#409 = ORIENTED_EDGE('',*,*,#362,.T.);
#410 = ORIENTED_EDGE('',*,*,#411,.T.);
#411 = EDGE_CURVE('',#365,#412,#414,.T.);
#412 = VERTEX_POINT('',#413);
#413 = CARTESIAN_POINT('',(4.275,-0.85,0.48));
#414 = LINE('',#415,#416);
#415 = CARTESIAN_POINT('',(-4.275,-0.85,0.48));
#416 = VECTOR('',#417,1.);
#417 = DIRECTION('',(1.,0.,0.));
#418 = ORIENTED_EDGE('',*,*,#419,.F.);
#419 = EDGE_CURVE('',#403,#412,#420,.T.);
#420 = LINE('',#421,#422);
#421 = CARTESIAN_POINT('',(4.275,-0.85,0.));
#422 = VECTOR('',#423,1.);
#423 = DIRECTION('',(0.,0.,1.));
#424 = PLANE('',#425);
#425 = AXIS2_PLACEMENT_3D('',#426,#427,#428);
#426 = CARTESIAN_POINT('',(-4.275,-0.85,0.));
#427 = DIRECTION('',(0.,1.,0.));
#428 = DIRECTION('',(0.,-0.,1.));
#429 = ADVANCED_FACE('',(#430,#448),#482,.T.);
#430 = FACE_BOUND('',#431,.T.);
#431 = EDGE_LOOP('',(#432,#433,#434,#442));
#432 = ORIENTED_EDGE('',*,*,#388,.F.);
#433 = ORIENTED_EDGE('',*,*,#411,.T.);
#434 = ORIENTED_EDGE('',*,*,#435,.T.);
#435 = EDGE_CURVE('',#412,#436,#438,.T.);
#436 = VERTEX_POINT('',#437);
#437 = CARTESIAN_POINT('',(4.275,0.85,0.48));
#438 = LINE('',#439,#440);
#439 = CARTESIAN_POINT('',(4.275,-0.85,0.48));
#440 = VECTOR('',#441,1.);
#441 = DIRECTION('',(0.,1.,0.));
#442 = ORIENTED_EDGE('',*,*,#443,.F.);
#443 = EDGE_CURVE('',#381,#436,#444,.T.);
#444 = LINE('',#445,#446);
#445 = CARTESIAN_POINT('',(-4.275,0.85,0.48));
#446 = VECTOR('',#447,1.);
#447 = DIRECTION('',(1.,0.,0.));
#448 = FACE_BOUND('',#449,.T.);
#449 = EDGE_LOOP('',(#450,#460,#468,#476));
#450 = ORIENTED_EDGE('',*,*,#451,.T.);
#451 = EDGE_CURVE('',#452,#454,#456,.T.);
#452 = VERTEX_POINT('',#453);
#453 = CARTESIAN_POINT('',(4.055,-0.63,0.48));
#454 = VERTEX_POINT('',#455);
#455 = CARTESIAN_POINT('',(-4.055,-0.63,0.48));
#456 = LINE('',#457,#458);
#457 = CARTESIAN_POINT('',(-4.165,-0.63,0.48));
#458 = VECTOR('',#459,1.);
#459 = DIRECTION('',(-1.,0.,0.));
#460 = ORIENTED_EDGE('',*,*,#461,.T.);
#461 = EDGE_CURVE('',#454,#462,#464,.T.);
#462 = VERTEX_POINT('',#463);
#463 = CARTESIAN_POINT('',(-4.055,0.63,0.48));
#464 = LINE('',#465,#466);
#465 = CARTESIAN_POINT('',(-4.055,-0.74,0.48));
#466 = VECTOR('',#467,1.);
#467 = DIRECTION('',(0.,1.,0.));
#468 = ORIENTED_EDGE('',*,*,#469,.F.);
#469 = EDGE_CURVE('',#470,#462,#472,.T.);
#470 = VERTEX_POINT('',#471);
#471 = CARTESIAN_POINT('',(4.055,0.63,0.48));
#472 = LINE('',#473,#474);
#473 = CARTESIAN_POINT('',(-4.165,0.63,0.48));
#474 = VECTOR('',#475,1.);
#475 = DIRECTION('',(-1.,0.,0.));
#476 = ORIENTED_EDGE('',*,*,#477,.F.);
#477 = EDGE_CURVE('',#452,#470,#478,.T.);
#478 = LINE('',#479,#480);
#479 = CARTESIAN_POINT('',(4.055,-0.74,0.48));
#480 = VECTOR('',#481,1.);
#481 = DIRECTION('',(0.,1.,0.));
#482 = PLANE('',#483);
#483 = AXIS2_PLACEMENT_3D('',#484,#485,#486);
#484 = CARTESIAN_POINT('',(-4.275,-0.85,0.48));
#485 = DIRECTION('',(0.,0.,1.));
#486 = DIRECTION('',(1.,0.,-0.));
#487 = ADVANCED_FACE('',(#488),#506,.T.);
#488 = FACE_BOUND('',#489,.T.);
#489 = EDGE_LOOP('',(#490,#498,#499,#500));
#490 = ORIENTED_EDGE('',*,*,#491,.F.);
#491 = EDGE_CURVE('',#373,#492,#494,.T.);
#492 = VERTEX_POINT('',#493);
#493 = CARTESIAN_POINT('',(4.275,0.85,0.));
#494 = LINE('',#495,#496);
#495 = CARTESIAN_POINT('',(-4.275,0.85,0.));
#496 = VECTOR('',#497,1.);
#497 = DIRECTION('',(1.,0.,0.));
#498 = ORIENTED_EDGE('',*,*,#380,.T.);
#499 = ORIENTED_EDGE('',*,*,#443,.T.);
#500 = ORIENTED_EDGE('',*,*,#501,.F.);
#501 = EDGE_CURVE('',#492,#436,#502,.T.);
#502 = LINE('',#503,#504);
#503 = CARTESIAN_POINT('',(4.275,0.85,0.));
#504 = VECTOR('',#505,1.);
#505 = DIRECTION('',(0.,0.,1.));
#506 = PLANE('',#507);
#507 = AXIS2_PLACEMENT_3D('',#508,#509,#510);
#508 = CARTESIAN_POINT('',(-4.275,0.85,0.));
#509 = DIRECTION('',(0.,1.,0.));
#510 = DIRECTION('',(0.,-0.,1.));
#511 = ADVANCED_FACE('',(#512),#523,.F.);
#512 = FACE_BOUND('',#513,.F.);
#513 = EDGE_LOOP('',(#514,#515,#516,#522));
#514 = ORIENTED_EDGE('',*,*,#372,.F.);
#515 = ORIENTED_EDGE('',*,*,#402,.T.);
#516 = ORIENTED_EDGE('',*,*,#517,.T.);
#517 = EDGE_CURVE('',#403,#492,#518,.T.);
#518 = LINE('',#519,#520);
#519 = CARTESIAN_POINT('',(4.275,-0.85,0.));
#520 = VECTOR('',#521,1.);
#521 = DIRECTION('',(0.,1.,0.));
#522 = ORIENTED_EDGE('',*,*,#491,.F.);
#523 = PLANE('',#524);
#524 = AXIS2_PLACEMENT_3D('',#525,#526,#527);
#525 = CARTESIAN_POINT('',(-4.275,-0.85,0.));
#526 = DIRECTION('',(0.,0.,1.));
#527 = DIRECTION('',(1.,0.,-0.));
#528 = ADVANCED_FACE('',(#529),#535,.T.);
#529 = FACE_BOUND('',#530,.T.);
#530 = EDGE_LOOP('',(#531,#532,#533,#534));
#531 = ORIENTED_EDGE('',*,*,#419,.F.);
#532 = ORIENTED_EDGE('',*,*,#517,.T.);
#533 = ORIENTED_EDGE('',*,*,#501,.T.);
#534 = ORIENTED_EDGE('',*,*,#435,.F.);
#535 = PLANE('',#536);
#536 = AXIS2_PLACEMENT_3D('',#537,#538,#539);
#537 = CARTESIAN_POINT('',(4.275,-0.85,0.));
#538 = DIRECTION('',(1.,0.,0.));
#539 = DIRECTION('',(0.,0.,1.));
#540 = ADVANCED_FACE('',(#541),#566,.T.);
#541 = FACE_BOUND('',#542,.T.);
#542 = EDGE_LOOP('',(#543,#551,#559,#565));
#543 = ORIENTED_EDGE('',*,*,#544,.F.);
#544 = EDGE_CURVE('',#545,#452,#547,.T.);
#545 = VERTEX_POINT('',#546);
#546 = CARTESIAN_POINT('',(4.055,-0.63,0.16));
#547 = LINE('',#548,#549);
#548 = CARTESIAN_POINT('',(4.055,-0.63,0.16));
#549 = VECTOR('',#550,1.);
#550 = DIRECTION('',(0.,0.,1.));
#551 = ORIENTED_EDGE('',*,*,#552,.F.);
#552 = EDGE_CURVE('',#553,#545,#555,.T.);
#553 = VERTEX_POINT('',#554);
#554 = CARTESIAN_POINT('',(-4.055,-0.63,0.16));
#555 = LINE('',#556,#557);
#556 = CARTESIAN_POINT('',(-4.055,-0.63,0.16));
#557 = VECTOR('',#558,1.);
#558 = DIRECTION('',(1.,0.,0.));
#559 = ORIENTED_EDGE('',*,*,#560,.T.);
#560 = EDGE_CURVE('',#553,#454,#561,.T.);
#561 = LINE('',#562,#563);
#562 = CARTESIAN_POINT('',(-4.055,-0.63,0.16));
#563 = VECTOR('',#564,1.);
#564 = DIRECTION('',(0.,0.,1.));
#565 = ORIENTED_EDGE('',*,*,#451,.F.);
#566 = PLANE('',#567);
#567 = AXIS2_PLACEMENT_3D('',#568,#569,#570);
#568 = CARTESIAN_POINT('',(-4.055,-0.63,0.16));
#569 = DIRECTION('',(0.,1.,0.));
#570 = DIRECTION('',(0.,-0.,1.));
#571 = ADVANCED_FACE('',(#572),#590,.F.);
#572 = FACE_BOUND('',#573,.F.);
#573 = EDGE_LOOP('',(#574,#575,#583,#589));
#574 = ORIENTED_EDGE('',*,*,#544,.F.);
#575 = ORIENTED_EDGE('',*,*,#576,.T.);
#576 = EDGE_CURVE('',#545,#577,#579,.T.);
#577 = VERTEX_POINT('',#578);
#578 = CARTESIAN_POINT('',(4.055,0.63,0.16));
#579 = LINE('',#580,#581);
#580 = CARTESIAN_POINT('',(4.055,-0.63,0.16));
#581 = VECTOR('',#582,1.);
#582 = DIRECTION('',(0.,1.,0.));
#583 = ORIENTED_EDGE('',*,*,#584,.T.);
#584 = EDGE_CURVE('',#577,#470,#585,.T.);
#585 = LINE('',#586,#587);
#586 = CARTESIAN_POINT('',(4.055,0.63,0.16));
#587 = VECTOR('',#588,1.);
#588 = DIRECTION('',(0.,0.,1.));
#589 = ORIENTED_EDGE('',*,*,#477,.F.);
#590 = PLANE('',#591);
#591 = AXIS2_PLACEMENT_3D('',#592,#593,#594);
#592 = CARTESIAN_POINT('',(4.055,-0.63,0.16));
#593 = DIRECTION('',(1.,0.,0.));
#594 = DIRECTION('',(0.,0.,1.));
#595 = ADVANCED_FACE('',(#596),#614,.F.);
#596 = FACE_BOUND('',#597,.F.);
#597 = EDGE_LOOP('',(#598,#599,#607,#613));
#598 = ORIENTED_EDGE('',*,*,#584,.F.);
#599 = ORIENTED_EDGE('',*,*,#600,.F.);
#600 = EDGE_CURVE('',#601,#577,#603,.T.);
#601 = VERTEX_POINT('',#602);
#602 = CARTESIAN_POINT('',(-4.055,0.63,0.16));
#603 = LINE('',#604,#605);
#604 = CARTESIAN_POINT('',(-4.055,0.63,0.16));
#605 = VECTOR('',#606,1.);
#606 = DIRECTION('',(1.,0.,0.));
#607 = ORIENTED_EDGE('',*,*,#608,.T.);
#608 = EDGE_CURVE('',#601,#462,#609,.T.);
#609 = LINE('',#610,#611);
#610 = CARTESIAN_POINT('',(-4.055,0.63,0.16));
#611 = VECTOR('',#612,1.);
#612 = DIRECTION('',(0.,0.,1.));
#613 = ORIENTED_EDGE('',*,*,#469,.F.);
#614 = PLANE('',#615);
#615 = AXIS2_PLACEMENT_3D('',#616,#617,#618);
#616 = CARTESIAN_POINT('',(-4.055,0.63,0.16));
#617 = DIRECTION('',(0.,1.,0.));
#618 = DIRECTION('',(0.,-0.,1.));
#619 = ADVANCED_FACE('',(#620),#631,.T.);
#620 = FACE_BOUND('',#621,.T.);
#621 = EDGE_LOOP('',(#622,#623,#629,#630));
#622 = ORIENTED_EDGE('',*,*,#560,.F.);
#623 = ORIENTED_EDGE('',*,*,#624,.T.);
#624 = EDGE_CURVE('',#553,#601,#625,.T.);
#625 = LINE('',#626,#627);
#626 = CARTESIAN_POINT('',(-4.055,-0.63,0.16));
#627 = VECTOR('',#628,1.);
#628 = DIRECTION('',(0.,1.,0.));
#629 = ORIENTED_EDGE('',*,*,#608,.T.);
#630 = ORIENTED_EDGE('',*,*,#461,.F.);
#631 = PLANE('',#632);
#632 = AXIS2_PLACEMENT_3D('',#633,#634,#635);
#633 = CARTESIAN_POINT('',(-4.055,-0.63,0.16));
#634 = DIRECTION('',(1.,0.,0.));
#635 = DIRECTION('',(0.,0.,1.));
#636 = ADVANCED_FACE('',(#637),#643,.T.);
#637 = FACE_BOUND('',#638,.T.);
#638 = EDGE_LOOP('',(#639,#640,#641,#642));
#639 = ORIENTED_EDGE('',*,*,#624,.F.);
#640 = ORIENTED_EDGE('',*,*,#552,.T.);
#641 = ORIENTED_EDGE('',*,*,#576,.T.);
#642 = ORIENTED_EDGE('',*,*,#600,.F.);
#643 = PLANE('',#644);
#644 = AXIS2_PLACEMENT_3D('',#645,#646,#647);
#645 = CARTESIAN_POINT('',(-4.055,-0.63,0.16));
#646 = DIRECTION('',(0.,0.,1.));
#647 = DIRECTION('',(1.,0.,-0.));
#648 = ( GEOMETRIC_REPRESENTATION_CONTEXT(3) 
GLOBAL_UNCERTAINTY_ASSIGNED_CONTEXT((#652)) GLOBAL_UNIT_ASSIGNED_CONTEXT
((#649,#650,#651)) REPRESENTATION_CONTEXT('Context #1',
  '3D Context with UNIT and UNCERTAINTY') );
#649 = ( LENGTH_UNIT() NAMED_UNIT(*) SI_UNIT(.MILLI.,.METRE.) );
#650 = ( NAMED_UNIT(*) PLANE_ANGLE_UNIT() SI_UNIT($,.RADIAN.) );
#651 = ( NAMED_UNIT(*) SI_UNIT($,.STERADIAN.) SOLID_ANGLE_UNIT() );
#652 = UNCERTAINTY_MEASURE_WITH_UNIT(LENGTH_MEASURE(1.E-07),#649,
  'distance_accuracy_value','confusion accuracy');
#653 = CONTEXT_DEPENDENT_SHAPE_REPRESENTATION(#654,#656);
#654 = ( REPRESENTATION_RELATIONSHIP('','',#355,#10) 
REPRESENTATION_RELATIONSHIP_WITH_TRANSFORMATION(#655) 
SHAPE_REPRESENTATION_RELATIONSHIP() );
#655 = ITEM_DEFINED_TRANSFORMATION('','',#11,#19);
#656 = PRODUCT_DEFINITION_SHAPE('Placement','Placement of an item',#657
  );
#657 = NEXT_ASSEMBLY_USAGE_OCCURRENCE('2','J1','',#5,#350,$);
#658 = PRODUCT_RELATED_PRODUCT_CATEGORY('part',$,(#352));
#659 = SHAPE_DEFINITION_REPRESENTATION(#660,#666);
#660 = PRODUCT_DEFINITION_SHAPE('','',#661);
#661 = PRODUCT_DEFINITION('design','',#662,#665);
#662 = PRODUCT_DEFINITION_FORMATION('','',#663);
#663 = PRODUCT('J4_envelope','J4_envelope','',(#664));
#664 = PRODUCT_CONTEXT('',#2,'mechanical');
#665 = PRODUCT_DEFINITION_CONTEXT('part definition',#2,'design');
#666 = ADVANCED_BREP_SHAPE_REPRESENTATION('',(#11,#667),#959);
#667 = MANIFOLD_SOLID_BREP('',#668);
#668 = CLOSED_SHELL('',(#669,#743,#774,#798,#822,#839,#870,#894,#918,
    #935,#947));
#669 = ADVANCED_FACE('',(#670,#704),#738,.F.);
#670 = FACE_BOUND('',#671,.F.);
#671 = EDGE_LOOP('',(#672,#682,#690,#698));
#672 = ORIENTED_EDGE('',*,*,#673,.F.);
#673 = EDGE_CURVE('',#674,#676,#678,.T.);
#674 = VERTEX_POINT('',#675);
#675 = CARTESIAN_POINT('',(8.2,-8.8265,0.));
#676 = VERTEX_POINT('',#677);
#677 = CARTESIAN_POINT('',(8.2,-8.8265,13.4));
#678 = LINE('',#679,#680);
#679 = CARTESIAN_POINT('',(8.2,-8.8265,0.));
#680 = VECTOR('',#681,1.);
#681 = DIRECTION('',(0.,0.,1.));
#682 = ORIENTED_EDGE('',*,*,#683,.T.);
#683 = EDGE_CURVE('',#674,#684,#686,.T.);
#684 = VERTEX_POINT('',#685);
#685 = CARTESIAN_POINT('',(-8.2,-8.8265,0.));
#686 = LINE('',#687,#688);
#687 = CARTESIAN_POINT('',(8.2,-8.8265,0.));
#688 = VECTOR('',#689,1.);
#689 = DIRECTION('',(-1.,-2.22044604925E-16,0.));
#690 = ORIENTED_EDGE('',*,*,#691,.T.);
#691 = EDGE_CURVE('',#684,#692,#694,.T.);
#692 = VERTEX_POINT('',#693);
#693 = CARTESIAN_POINT('',(-8.2,-8.8265,13.4));
#694 = LINE('',#695,#696);
#695 = CARTESIAN_POINT('',(-8.2,-8.8265,0.));
#696 = VECTOR('',#697,1.);
#697 = DIRECTION('',(0.,0.,1.));
#698 = ORIENTED_EDGE('',*,*,#699,.F.);
#699 = EDGE_CURVE('',#676,#692,#700,.T.);
#700 = LINE('',#701,#702);
#701 = CARTESIAN_POINT('',(8.2,-8.8265,13.4));
#702 = VECTOR('',#703,1.);
#703 = DIRECTION('',(-1.,-2.22044604925E-16,0.));
#704 = FACE_BOUND('',#705,.F.);
#705 = EDGE_LOOP('',(#706,#716,#724,#732));
#706 = ORIENTED_EDGE('',*,*,#707,.T.);
#707 = EDGE_CURVE('',#708,#710,#712,.T.);
#708 = VERTEX_POINT('',#709);
#709 = CARTESIAN_POINT('',(-6.,-8.8265,1.1));
#710 = VERTEX_POINT('',#711);
#711 = CARTESIAN_POINT('',(6.,-8.8265,1.1));
#712 = LINE('',#713,#714);
#713 = CARTESIAN_POINT('',(7.1,-8.8265,1.1));
#714 = VECTOR('',#715,1.);
#715 = DIRECTION('',(1.,2.22044604925E-16,0.));
#716 = ORIENTED_EDGE('',*,*,#717,.T.);
#717 = EDGE_CURVE('',#710,#718,#720,.T.);
#718 = VERTEX_POINT('',#719);
#719 = CARTESIAN_POINT('',(6.,-8.8265,9.6));
#720 = LINE('',#721,#722);
#721 = CARTESIAN_POINT('',(6.,-8.8265,0.55));
#722 = VECTOR('',#723,1.);
#723 = DIRECTION('',(0.,0.,1.));
#724 = ORIENTED_EDGE('',*,*,#725,.F.);
#725 = EDGE_CURVE('',#726,#718,#728,.T.);
#726 = VERTEX_POINT('',#727);
#727 = CARTESIAN_POINT('',(-6.,-8.8265,9.6));
#728 = LINE('',#729,#730);
#729 = CARTESIAN_POINT('',(7.1,-8.8265,9.6));
#730 = VECTOR('',#731,1.);
#731 = DIRECTION('',(1.,2.22044604925E-16,0.));
#732 = ORIENTED_EDGE('',*,*,#733,.F.);
#733 = EDGE_CURVE('',#708,#726,#734,.T.);
#734 = LINE('',#735,#736);
#735 = CARTESIAN_POINT('',(-6.,-8.8265,0.55));
#736 = VECTOR('',#737,1.);
#737 = DIRECTION('',(0.,0.,1.));
#738 = PLANE('',#739);
#739 = AXIS2_PLACEMENT_3D('',#740,#741,#742);
#740 = CARTESIAN_POINT('',(8.2,-8.8265,0.));
#741 = DIRECTION('',(-2.22044604925E-16,1.,0.));
#742 = DIRECTION('',(0.,0.,1.));
#743 = ADVANCED_FACE('',(#744),#769,.F.);
#744 = FACE_BOUND('',#745,.F.);
#745 = EDGE_LOOP('',(#746,#754,#755,#763));
#746 = ORIENTED_EDGE('',*,*,#747,.F.);
#747 = EDGE_CURVE('',#674,#748,#750,.T.);
#748 = VERTEX_POINT('',#749);
#749 = CARTESIAN_POINT('',(8.2,6.8735,0.));
#750 = LINE('',#751,#752);
#751 = CARTESIAN_POINT('',(8.2,-8.8265,0.));
#752 = VECTOR('',#753,1.);
#753 = DIRECTION('',(-2.22044604925E-16,1.,0.));
#754 = ORIENTED_EDGE('',*,*,#673,.T.);
#755 = ORIENTED_EDGE('',*,*,#756,.T.);
#756 = EDGE_CURVE('',#676,#757,#759,.T.);
#757 = VERTEX_POINT('',#758);
#758 = CARTESIAN_POINT('',(8.2,6.8735,13.4));
#759 = LINE('',#760,#761);
#760 = CARTESIAN_POINT('',(8.2,-8.8265,13.4));
#761 = VECTOR('',#762,1.);
#762 = DIRECTION('',(-2.22044604925E-16,1.,0.));
#763 = ORIENTED_EDGE('',*,*,#764,.F.);
#764 = EDGE_CURVE('',#748,#757,#765,.T.);
#765 = LINE('',#766,#767);
#766 = CARTESIAN_POINT('',(8.2,6.8735,0.));
#767 = VECTOR('',#768,1.);
#768 = DIRECTION('',(0.,0.,1.));
#769 = PLANE('',#770);
#770 = AXIS2_PLACEMENT_3D('',#771,#772,#773);
#771 = CARTESIAN_POINT('',(8.2,-8.8265,0.));
#772 = DIRECTION('',(-1.,-2.22044604925E-16,0.));
#773 = DIRECTION('',(0.,0.,1.));
#774 = ADVANCED_FACE('',(#775),#793,.T.);
#775 = FACE_BOUND('',#776,.T.);
#776 = EDGE_LOOP('',(#777,#778,#779,#787));
#777 = ORIENTED_EDGE('',*,*,#699,.F.);
#778 = ORIENTED_EDGE('',*,*,#756,.T.);
#779 = ORIENTED_EDGE('',*,*,#780,.T.);
#780 = EDGE_CURVE('',#757,#781,#783,.T.);
#781 = VERTEX_POINT('',#782);
#782 = CARTESIAN_POINT('',(-8.2,6.8735,13.4));
#783 = LINE('',#784,#785);
#784 = CARTESIAN_POINT('',(8.2,6.8735,13.4));
#785 = VECTOR('',#786,1.);
#786 = DIRECTION('',(-1.,-2.22044604925E-16,0.));
#787 = ORIENTED_EDGE('',*,*,#788,.F.);
#788 = EDGE_CURVE('',#692,#781,#789,.T.);
#789 = LINE('',#790,#791);
#790 = CARTESIAN_POINT('',(-8.2,-8.8265,13.4));
#791 = VECTOR('',#792,1.);
#792 = DIRECTION('',(-2.22044604925E-16,1.,0.));
#793 = PLANE('',#794);
#794 = AXIS2_PLACEMENT_3D('',#795,#796,#797);
#795 = CARTESIAN_POINT('',(8.2,-8.8265,13.4));
#796 = DIRECTION('',(0.,0.,1.));
#797 = DIRECTION('',(-2.22044604925E-16,1.,0.));
#798 = ADVANCED_FACE('',(#799),#817,.F.);
#799 = FACE_BOUND('',#800,.F.);
#800 = EDGE_LOOP('',(#801,#802,#803,#811));
#801 = ORIENTED_EDGE('',*,*,#683,.F.);
#802 = ORIENTED_EDGE('',*,*,#747,.T.);
#803 = ORIENTED_EDGE('',*,*,#804,.T.);
#804 = EDGE_CURVE('',#748,#805,#807,.T.);
#805 = VERTEX_POINT('',#806);
#806 = CARTESIAN_POINT('',(-8.2,6.8735,0.));
#807 = LINE('',#808,#809);
#808 = CARTESIAN_POINT('',(8.2,6.8735,0.));
#809 = VECTOR('',#810,1.);
#810 = DIRECTION('',(-1.,-2.22044604925E-16,0.));
#811 = ORIENTED_EDGE('',*,*,#812,.F.);
#812 = EDGE_CURVE('',#684,#805,#813,.T.);
#813 = LINE('',#814,#815);
#814 = CARTESIAN_POINT('',(-8.2,-8.8265,0.));
#815 = VECTOR('',#816,1.);
#816 = DIRECTION('',(-2.22044604925E-16,1.,0.));
#817 = PLANE('',#818);
#818 = AXIS2_PLACEMENT_3D('',#819,#820,#821);
#819 = CARTESIAN_POINT('',(8.2,-8.8265,0.));
#820 = DIRECTION('',(0.,0.,1.));
#821 = DIRECTION('',(-2.22044604925E-16,1.,0.));
#822 = ADVANCED_FACE('',(#823),#834,.T.);
#823 = FACE_BOUND('',#824,.T.);
#824 = EDGE_LOOP('',(#825,#826,#827,#828));
#825 = ORIENTED_EDGE('',*,*,#812,.F.);
#826 = ORIENTED_EDGE('',*,*,#691,.T.);
#827 = ORIENTED_EDGE('',*,*,#788,.T.);
#828 = ORIENTED_EDGE('',*,*,#829,.F.);
#829 = EDGE_CURVE('',#805,#781,#830,.T.);
#830 = LINE('',#831,#832);
#831 = CARTESIAN_POINT('',(-8.2,6.8735,0.));
#832 = VECTOR('',#833,1.);
#833 = DIRECTION('',(0.,0.,1.));
#834 = PLANE('',#835);
#835 = AXIS2_PLACEMENT_3D('',#836,#837,#838);
#836 = CARTESIAN_POINT('',(-8.2,-8.8265,0.));
#837 = DIRECTION('',(-1.,-2.22044604925E-16,0.));
#838 = DIRECTION('',(0.,0.,1.));
#839 = ADVANCED_FACE('',(#840),#865,.T.);
#840 = FACE_BOUND('',#841,.T.);
#841 = EDGE_LOOP('',(#842,#850,#851,#859));
#842 = ORIENTED_EDGE('',*,*,#843,.F.);
#843 = EDGE_CURVE('',#708,#844,#846,.T.);
#844 = VERTEX_POINT('',#845);
#845 = CARTESIAN_POINT('',(-6.,3.1635,1.1));
#846 = LINE('',#847,#848);
#847 = CARTESIAN_POINT('',(-6.,-8.8365,1.1));
#848 = VECTOR('',#849,1.);
#849 = DIRECTION('',(-2.22044604925E-16,1.,0.));
#850 = ORIENTED_EDGE('',*,*,#707,.T.);
#851 = ORIENTED_EDGE('',*,*,#852,.T.);
#852 = EDGE_CURVE('',#710,#853,#855,.T.);
#853 = VERTEX_POINT('',#854);
#854 = CARTESIAN_POINT('',(6.,3.1635,1.1));
#855 = LINE('',#856,#857);
#856 = CARTESIAN_POINT('',(6.,-8.8365,1.1));
#857 = VECTOR('',#858,1.);
#858 = DIRECTION('',(-2.22044604925E-16,1.,0.));
#859 = ORIENTED_EDGE('',*,*,#860,.T.);
#860 = EDGE_CURVE('',#853,#844,#861,.T.);
#861 = LINE('',#862,#863);
#862 = CARTESIAN_POINT('',(6.,3.1635,1.1));
#863 = VECTOR('',#864,1.);
#864 = DIRECTION('',(-1.,-2.22044604925E-16,0.));
#865 = PLANE('',#866);
#866 = AXIS2_PLACEMENT_3D('',#867,#868,#869);
#867 = CARTESIAN_POINT('',(6.,-8.8365,1.1));
#868 = DIRECTION('',(0.,0.,1.));
#869 = DIRECTION('',(-2.22044604925E-16,1.,0.));
#870 = ADVANCED_FACE('',(#871),#889,.F.);
#871 = FACE_BOUND('',#872,.F.);
#872 = EDGE_LOOP('',(#873,#874,#875,#883));
#873 = ORIENTED_EDGE('',*,*,#843,.F.);
#874 = ORIENTED_EDGE('',*,*,#733,.T.);
#875 = ORIENTED_EDGE('',*,*,#876,.T.);
#876 = EDGE_CURVE('',#726,#877,#879,.T.);
#877 = VERTEX_POINT('',#878);
#878 = CARTESIAN_POINT('',(-6.,3.1635,9.6));
#879 = LINE('',#880,#881);
#880 = CARTESIAN_POINT('',(-6.,-8.8365,9.6));
#881 = VECTOR('',#882,1.);
#882 = DIRECTION('',(-2.22044604925E-16,1.,0.));
#883 = ORIENTED_EDGE('',*,*,#884,.F.);
#884 = EDGE_CURVE('',#844,#877,#885,.T.);
#885 = LINE('',#886,#887);
#886 = CARTESIAN_POINT('',(-6.,3.1635,1.1));
#887 = VECTOR('',#888,1.);
#888 = DIRECTION('',(0.,0.,1.));
#889 = PLANE('',#890);
#890 = AXIS2_PLACEMENT_3D('',#891,#892,#893);
#891 = CARTESIAN_POINT('',(-6.,-8.8365,1.1));
#892 = DIRECTION('',(-1.,-2.22044604925E-16,0.));
#893 = DIRECTION('',(0.,0.,1.));
#894 = ADVANCED_FACE('',(#895),#913,.F.);
#895 = FACE_BOUND('',#896,.F.);
#896 = EDGE_LOOP('',(#897,#898,#899,#907));
#897 = ORIENTED_EDGE('',*,*,#876,.F.);
#898 = ORIENTED_EDGE('',*,*,#725,.T.);
#899 = ORIENTED_EDGE('',*,*,#900,.T.);
#900 = EDGE_CURVE('',#718,#901,#903,.T.);
#901 = VERTEX_POINT('',#902);
#902 = CARTESIAN_POINT('',(6.,3.1635,9.6));
#903 = LINE('',#904,#905);
#904 = CARTESIAN_POINT('',(6.,-8.8365,9.6));
#905 = VECTOR('',#906,1.);
#906 = DIRECTION('',(-2.22044604925E-16,1.,0.));
#907 = ORIENTED_EDGE('',*,*,#908,.T.);
#908 = EDGE_CURVE('',#901,#877,#909,.T.);
#909 = LINE('',#910,#911);
#910 = CARTESIAN_POINT('',(6.,3.1635,9.6));
#911 = VECTOR('',#912,1.);
#912 = DIRECTION('',(-1.,-2.22044604925E-16,0.));
#913 = PLANE('',#914);
#914 = AXIS2_PLACEMENT_3D('',#915,#916,#917);
#915 = CARTESIAN_POINT('',(6.,-8.8365,9.6));
#916 = DIRECTION('',(0.,0.,1.));
#917 = DIRECTION('',(-2.22044604925E-16,1.,0.));
#918 = ADVANCED_FACE('',(#919),#930,.T.);
#919 = FACE_BOUND('',#920,.T.);
#920 = EDGE_LOOP('',(#921,#922,#923,#924));
#921 = ORIENTED_EDGE('',*,*,#852,.F.);
#922 = ORIENTED_EDGE('',*,*,#717,.T.);
#923 = ORIENTED_EDGE('',*,*,#900,.T.);
#924 = ORIENTED_EDGE('',*,*,#925,.F.);
#925 = EDGE_CURVE('',#853,#901,#926,.T.);
#926 = LINE('',#927,#928);
#927 = CARTESIAN_POINT('',(6.,3.1635,1.1));
#928 = VECTOR('',#929,1.);
#929 = DIRECTION('',(0.,0.,1.));
#930 = PLANE('',#931);
#931 = AXIS2_PLACEMENT_3D('',#932,#933,#934);
#932 = CARTESIAN_POINT('',(6.,-8.8365,1.1));
#933 = DIRECTION('',(-1.,-2.22044604925E-16,0.));
#934 = DIRECTION('',(0.,0.,1.));
#935 = ADVANCED_FACE('',(#936),#942,.T.);
#936 = FACE_BOUND('',#937,.T.);
#937 = EDGE_LOOP('',(#938,#939,#940,#941));
#938 = ORIENTED_EDGE('',*,*,#764,.F.);
#939 = ORIENTED_EDGE('',*,*,#804,.T.);
#940 = ORIENTED_EDGE('',*,*,#829,.T.);
#941 = ORIENTED_EDGE('',*,*,#780,.F.);
#942 = PLANE('',#943);
#943 = AXIS2_PLACEMENT_3D('',#944,#945,#946);
#944 = CARTESIAN_POINT('',(8.2,6.8735,0.));
#945 = DIRECTION('',(-2.22044604925E-16,1.,0.));
#946 = DIRECTION('',(0.,0.,1.));
#947 = ADVANCED_FACE('',(#948),#954,.F.);
#948 = FACE_BOUND('',#949,.F.);
#949 = EDGE_LOOP('',(#950,#951,#952,#953));
#950 = ORIENTED_EDGE('',*,*,#925,.F.);
#951 = ORIENTED_EDGE('',*,*,#860,.T.);
#952 = ORIENTED_EDGE('',*,*,#884,.T.);
#953 = ORIENTED_EDGE('',*,*,#908,.F.);
#954 = PLANE('',#955);
#955 = AXIS2_PLACEMENT_3D('',#956,#957,#958);
#956 = CARTESIAN_POINT('',(6.,3.1635,1.1));
#957 = DIRECTION('',(-2.22044604925E-16,1.,0.));
#958 = DIRECTION('',(0.,0.,1.));
#959 = ( GEOMETRIC_REPRESENTATION_CONTEXT(3) 
GLOBAL_UNCERTAINTY_ASSIGNED_CONTEXT((#963)) GLOBAL_UNIT_ASSIGNED_CONTEXT
((#960,#961,#962)) REPRESENTATION_CONTEXT('Context #1',
  '3D Context with UNIT and UNCERTAINTY') );
#960 = ( LENGTH_UNIT() NAMED_UNIT(*) SI_UNIT(.MILLI.,.METRE.) );
#961 = ( NAMED_UNIT(*) PLANE_ANGLE_UNIT() SI_UNIT($,.RADIAN.) );
#962 = ( NAMED_UNIT(*) SI_UNIT($,.STERADIAN.) SOLID_ANGLE_UNIT() );
#963 = UNCERTAINTY_MEASURE_WITH_UNIT(LENGTH_MEASURE(1.E-07),#960,
  'distance_accuracy_value','confusion accuracy');
#964 = CONTEXT_DEPENDENT_SHAPE_REPRESENTATION(#965,#967);
#965 = ( REPRESENTATION_RELATIONSHIP('','',#666,#10) 
REPRESENTATION_RELATIONSHIP_WITH_TRANSFORMATION(#966) 
SHAPE_REPRESENTATION_RELATIONSHIP() );
#966 = ITEM_DEFINED_TRANSFORMATION('','',#11,#23);
#967 = PRODUCT_DEFINITION_SHAPE('Placement','Placement of an item',#968
  );
#968 = NEXT_ASSEMBLY_USAGE_OCCURRENCE('3','J4','',#5,#661,$);
#969 = PRODUCT_RELATED_PRODUCT_CATEGORY('part',$,(#663));
#970 = SHAPE_DEFINITION_REPRESENTATION(#971,#977);
#971 = PRODUCT_DEFINITION_SHAPE('','',#972);
#972 = PRODUCT_DEFINITION('design','',#973,#976);
#973 = PRODUCT_DEFINITION_FORMATION('','',#974);
#974 = PRODUCT('CIS_Integration_V4_PCB','CIS_Integration_V4_PCB','',(
    #975));
#975 = PRODUCT_CONTEXT('',#2,'mechanical');
#976 = PRODUCT_DEFINITION_CONTEXT('part definition',#2,'design');
#977 = ADVANCED_BREP_SHAPE_REPRESENTATION('',(#11,#978),#2434);
#978 = MANIFOLD_SOLID_BREP('',#979);
#979 = CLOSED_SHELL('',(#980,#1022,#1053,#1084,#1430,#1776,#1793,#1810,
    #1827,#1844,#1861,#1878,#1895,#1912,#1929,#1946,#1963,#1980,#1997,
    #2014,#2031,#2048,#2065,#2082,#2099,#2116,#2133,#2150,#2167,#2184,
    #2201,#2218,#2235,#2252,#2269,#2286,#2303,#2320,#2337,#2354,#2371,
    #2388,#2400,#2417));
#980 = ADVANCED_FACE('',(#981),#1017,.T.);
#981 = FACE_BOUND('',#982,.T.);
#982 = EDGE_LOOP('',(#983,#993,#1002,#1010));
#983 = ORIENTED_EDGE('',*,*,#984,.T.);
#984 = EDGE_CURVE('',#985,#987,#989,.T.);
#985 = VERTEX_POINT('',#986);
#986 = CARTESIAN_POINT('',(18.4,18.,0.));
#987 = VERTEX_POINT('',#988);
#988 = CARTESIAN_POINT('',(18.4,18.,0.91));
#989 = LINE('',#990,#991);
#990 = CARTESIAN_POINT('',(18.4,18.,0.));
#991 = VECTOR('',#992,1.);
#992 = DIRECTION('',(0.,0.,1.));
#993 = ORIENTED_EDGE('',*,*,#994,.T.);
#994 = EDGE_CURVE('',#987,#995,#997,.T.);
#995 = VERTEX_POINT('',#996);
#996 = CARTESIAN_POINT('',(19.4,17.,0.91));
#997 = CIRCLE('',#998,0.999999252925);
#998 = AXIS2_PLACEMENT_3D('',#999,#1000,#1001);
#999 = CARTESIAN_POINT('',(18.400000747075,17.000000747075,0.91));
#1000 = DIRECTION('',(0.,0.,-1.));
#1001 = DIRECTION('',(-7.470757420593E-07,1.,0.));
#1002 = ORIENTED_EDGE('',*,*,#1003,.F.);
#1003 = EDGE_CURVE('',#1004,#995,#1006,.T.);
#1004 = VERTEX_POINT('',#1005);
#1005 = CARTESIAN_POINT('',(19.4,17.,0.));
#1006 = LINE('',#1007,#1008);
#1007 = CARTESIAN_POINT('',(19.4,17.,0.));
#1008 = VECTOR('',#1009,1.);
#1009 = DIRECTION('',(0.,0.,1.));
#1010 = ORIENTED_EDGE('',*,*,#1011,.F.);
#1011 = EDGE_CURVE('',#985,#1004,#1012,.T.);
#1012 = CIRCLE('',#1013,0.999999252925);
#1013 = AXIS2_PLACEMENT_3D('',#1014,#1015,#1016);
#1014 = CARTESIAN_POINT('',(18.400000747075,17.000000747075,0.));
#1015 = DIRECTION('',(0.,0.,-1.));
#1016 = DIRECTION('',(-7.470757420593E-07,1.,0.));
#1017 = CYLINDRICAL_SURFACE('',#1018,0.999999252925);
#1018 = AXIS2_PLACEMENT_3D('',#1019,#1020,#1021);
#1019 = CARTESIAN_POINT('',(18.400000747075,17.000000747075,0.));
#1020 = DIRECTION('',(0.,0.,-1.));
#1021 = DIRECTION('',(-7.470757420593E-07,1.,0.));
#1022 = ADVANCED_FACE('',(#1023),#1048,.T.);
#1023 = FACE_BOUND('',#1024,.T.);
#1024 = EDGE_LOOP('',(#1025,#1035,#1041,#1042));
#1025 = ORIENTED_EDGE('',*,*,#1026,.T.);
#1026 = EDGE_CURVE('',#1027,#1029,#1031,.T.);
#1027 = VERTEX_POINT('',#1028);
#1028 = CARTESIAN_POINT('',(1.,18.,0.));
#1029 = VERTEX_POINT('',#1030);
#1030 = CARTESIAN_POINT('',(1.,18.,0.91));
#1031 = LINE('',#1032,#1033);
#1032 = CARTESIAN_POINT('',(1.,18.,0.));
#1033 = VECTOR('',#1034,1.);
#1034 = DIRECTION('',(0.,0.,1.));
#1035 = ORIENTED_EDGE('',*,*,#1036,.T.);
#1036 = EDGE_CURVE('',#1029,#987,#1037,.T.);
#1037 = LINE('',#1038,#1039);
#1038 = CARTESIAN_POINT('',(1.,18.,0.91));
#1039 = VECTOR('',#1040,1.);
#1040 = DIRECTION('',(1.,0.,0.));
#1041 = ORIENTED_EDGE('',*,*,#984,.F.);
#1042 = ORIENTED_EDGE('',*,*,#1043,.F.);
#1043 = EDGE_CURVE('',#1027,#985,#1044,.T.);
#1044 = LINE('',#1045,#1046);
#1045 = CARTESIAN_POINT('',(1.,18.,0.));
#1046 = VECTOR('',#1047,1.);
#1047 = DIRECTION('',(1.,0.,0.));
#1048 = PLANE('',#1049);
#1049 = AXIS2_PLACEMENT_3D('',#1050,#1051,#1052);
#1050 = CARTESIAN_POINT('',(1.,18.,0.));
#1051 = DIRECTION('',(0.,1.,0.));
#1052 = DIRECTION('',(1.,0.,0.));
#1053 = ADVANCED_FACE('',(#1054),#1079,.T.);
#1054 = FACE_BOUND('',#1055,.T.);
#1055 = EDGE_LOOP('',(#1056,#1057,#1065,#1073));
#1056 = ORIENTED_EDGE('',*,*,#1003,.T.);
#1057 = ORIENTED_EDGE('',*,*,#1058,.T.);
#1058 = EDGE_CURVE('',#995,#1059,#1061,.T.);
#1059 = VERTEX_POINT('',#1060);
#1060 = CARTESIAN_POINT('',(19.4,14.25,0.91));
#1061 = LINE('',#1062,#1063);
#1062 = CARTESIAN_POINT('',(19.4,17.,0.91));
#1063 = VECTOR('',#1064,1.);
#1064 = DIRECTION('',(0.,-1.,0.));
#1065 = ORIENTED_EDGE('',*,*,#1066,.F.);
#1066 = EDGE_CURVE('',#1067,#1059,#1069,.T.);
#1067 = VERTEX_POINT('',#1068);
#1068 = CARTESIAN_POINT('',(19.4,14.25,0.));
#1069 = LINE('',#1070,#1071);
#1070 = CARTESIAN_POINT('',(19.4,14.25,0.));
#1071 = VECTOR('',#1072,1.);
#1072 = DIRECTION('',(0.,0.,1.));
#1073 = ORIENTED_EDGE('',*,*,#1074,.F.);
#1074 = EDGE_CURVE('',#1004,#1067,#1075,.T.);
#1075 = LINE('',#1076,#1077);
#1076 = CARTESIAN_POINT('',(19.4,17.,0.));
#1077 = VECTOR('',#1078,1.);
#1078 = DIRECTION('',(0.,-1.,0.));
#1079 = PLANE('',#1080);
#1080 = AXIS2_PLACEMENT_3D('',#1081,#1082,#1083);
#1081 = CARTESIAN_POINT('',(19.4,17.,0.));
#1082 = DIRECTION('',(1.,0.,-0.));
#1083 = DIRECTION('',(0.,-1.,0.));
#1084 = ADVANCED_FACE('',(#1085,#1403,#1414),#1425,.F.);
#1085 = FACE_BOUND('',#1086,.F.);
#1086 = EDGE_LOOP('',(#1087,#1088,#1089,#1098,#1106,#1115,#1123,#1132,
    #1140,#1149,#1157,#1166,#1174,#1183,#1191,#1200,#1208,#1217,#1225,
    #1234,#1242,#1251,#1259,#1268,#1276,#1285,#1293,#1302,#1310,#1319,
    #1327,#1336,#1344,#1353,#1361,#1370,#1378,#1387,#1395,#1402));
#1087 = ORIENTED_EDGE('',*,*,#1011,.F.);
#1088 = ORIENTED_EDGE('',*,*,#1043,.F.);
#1089 = ORIENTED_EDGE('',*,*,#1090,.F.);
#1090 = EDGE_CURVE('',#1091,#1027,#1093,.T.);
#1091 = VERTEX_POINT('',#1092);
#1092 = CARTESIAN_POINT('',(-1.110223024625E-16,17.,0.));
#1093 = CIRCLE('',#1094,0.999999252925);
#1094 = AXIS2_PLACEMENT_3D('',#1095,#1096,#1097);
#1095 = CARTESIAN_POINT('',(0.999999252925,17.000000747075,0.));
#1096 = DIRECTION('',(0.,0.,-1.));
#1097 = DIRECTION('',(-1.,-7.470757420593E-07,-0.));
#1098 = ORIENTED_EDGE('',*,*,#1099,.F.);
#1099 = EDGE_CURVE('',#1100,#1091,#1102,.T.);
#1100 = VERTEX_POINT('',#1101);
#1101 = CARTESIAN_POINT('',(-1.110223024625E-16,15.25,0.));
#1102 = LINE('',#1103,#1104);
#1103 = CARTESIAN_POINT('',(0.,15.25,0.));
#1104 = VECTOR('',#1105,1.);
#1105 = DIRECTION('',(0.,1.,0.));
#1106 = ORIENTED_EDGE('',*,*,#1107,.F.);
#1107 = EDGE_CURVE('',#1108,#1100,#1110,.T.);
#1108 = VERTEX_POINT('',#1109);
#1109 = CARTESIAN_POINT('',(1.,14.25,0.));
#1110 = CIRCLE('',#1111,0.999999252925);
#1111 = AXIS2_PLACEMENT_3D('',#1112,#1113,#1114);
#1112 = CARTESIAN_POINT('',(0.999999252925,15.249999252925,0.));
#1113 = DIRECTION('',(0.,0.,-1.));
#1114 = DIRECTION('',(7.470757425034E-07,-1.,0.));
#1115 = ORIENTED_EDGE('',*,*,#1116,.F.);
#1116 = EDGE_CURVE('',#1117,#1108,#1119,.T.);
#1117 = VERTEX_POINT('',#1118);
#1118 = CARTESIAN_POINT('',(4.,14.25,0.));
#1119 = LINE('',#1120,#1121);
#1120 = CARTESIAN_POINT('',(4.,14.25,0.));
#1121 = VECTOR('',#1122,1.);
#1122 = DIRECTION('',(-1.,0.,0.));
#1123 = ORIENTED_EDGE('',*,*,#1124,.F.);
#1124 = EDGE_CURVE('',#1125,#1117,#1127,.T.);
#1125 = VERTEX_POINT('',#1126);
#1126 = CARTESIAN_POINT('',(5.,13.25,0.));
#1127 = CIRCLE('',#1128,0.999999252925);
#1128 = AXIS2_PLACEMENT_3D('',#1129,#1130,#1131);
#1129 = CARTESIAN_POINT('',(4.000000747075,13.250000747075,0.));
#1130 = DIRECTION('',(0.,0.,1.));
#1131 = DIRECTION('',(1.,-7.470757420593E-07,0.));
#1132 = ORIENTED_EDGE('',*,*,#1133,.F.);
#1133 = EDGE_CURVE('',#1134,#1125,#1136,.T.);
#1134 = VERTEX_POINT('',#1135);
#1135 = CARTESIAN_POINT('',(5.,4.75,0.));
#1136 = LINE('',#1137,#1138);
#1137 = CARTESIAN_POINT('',(5.,4.75,0.));
#1138 = VECTOR('',#1139,1.);
#1139 = DIRECTION('',(0.,1.,0.));
#1140 = ORIENTED_EDGE('',*,*,#1141,.F.);
#1141 = EDGE_CURVE('',#1142,#1134,#1144,.T.);
#1142 = VERTEX_POINT('',#1143);
#1143 = CARTESIAN_POINT('',(4.,3.75,0.));
#1144 = CIRCLE('',#1145,0.999999252925);
#1145 = AXIS2_PLACEMENT_3D('',#1146,#1147,#1148);
#1146 = CARTESIAN_POINT('',(4.000000747075,4.749999252925,0.));
#1147 = DIRECTION('',(0.,0.,1.));
#1148 = DIRECTION('',(-7.470757411712E-07,-1.,0.));
#1149 = ORIENTED_EDGE('',*,*,#1150,.F.);
#1150 = EDGE_CURVE('',#1151,#1142,#1153,.T.);
#1151 = VERTEX_POINT('',#1152);
#1152 = CARTESIAN_POINT('',(1.,3.75,0.));
#1153 = LINE('',#1154,#1155);
#1154 = CARTESIAN_POINT('',(1.,3.75,0.));
#1155 = VECTOR('',#1156,1.);
#1156 = DIRECTION('',(1.,0.,0.));
#1157 = ORIENTED_EDGE('',*,*,#1158,.F.);
#1158 = EDGE_CURVE('',#1159,#1151,#1161,.T.);
#1159 = VERTEX_POINT('',#1160);
#1160 = CARTESIAN_POINT('',(5.551115123126E-17,2.75,0.));
#1161 = CIRCLE('',#1162,0.999999252925);
#1162 = AXIS2_PLACEMENT_3D('',#1163,#1164,#1165);
#1163 = CARTESIAN_POINT('',(0.999999252925,2.750000747075,0.));
#1164 = DIRECTION('',(0.,0.,-1.));
#1165 = DIRECTION('',(-1.,-7.470757420593E-07,-0.));
#1166 = ORIENTED_EDGE('',*,*,#1167,.F.);
#1167 = EDGE_CURVE('',#1168,#1159,#1170,.T.);
#1168 = VERTEX_POINT('',#1169);
#1169 = CARTESIAN_POINT('',(0.,1.,0.));
#1170 = LINE('',#1171,#1172);
#1171 = CARTESIAN_POINT('',(0.,1.,0.));
#1172 = VECTOR('',#1173,1.);
#1173 = DIRECTION('',(0.,1.,0.));
#1174 = ORIENTED_EDGE('',*,*,#1175,.F.);
#1175 = EDGE_CURVE('',#1176,#1168,#1178,.T.);
#1176 = VERTEX_POINT('',#1177);
#1177 = CARTESIAN_POINT('',(1.,0.,0.));
#1178 = CIRCLE('',#1179,0.999999252925);
#1179 = AXIS2_PLACEMENT_3D('',#1180,#1181,#1182);
#1180 = CARTESIAN_POINT('',(0.999999252925,0.999999252925,0.));
#1181 = DIRECTION('',(0.,0.,-1.));
#1182 = DIRECTION('',(7.470757411712E-07,-1.,0.));
#1183 = ORIENTED_EDGE('',*,*,#1184,.F.);
#1184 = EDGE_CURVE('',#1185,#1176,#1187,.T.);
#1185 = VERTEX_POINT('',#1186);
#1186 = CARTESIAN_POINT('',(18.4,-1.110223024625E-16,0.));
#1187 = LINE('',#1188,#1189);
#1188 = CARTESIAN_POINT('',(18.4,-0.,0.));
#1189 = VECTOR('',#1190,1.);
#1190 = DIRECTION('',(-1.,0.,0.));
#1191 = ORIENTED_EDGE('',*,*,#1192,.F.);
#1192 = EDGE_CURVE('',#1193,#1185,#1195,.T.);
#1193 = VERTEX_POINT('',#1194);
#1194 = CARTESIAN_POINT('',(19.4,1.,0.));
#1195 = CIRCLE('',#1196,0.999999252925);
#1196 = AXIS2_PLACEMENT_3D('',#1197,#1198,#1199);
#1197 = CARTESIAN_POINT('',(18.400000747075,0.999999252925,0.));
#1198 = DIRECTION('',(0.,0.,-1.));
#1199 = DIRECTION('',(1.,7.470757425034E-07,0.));
#1200 = ORIENTED_EDGE('',*,*,#1201,.F.);
#1201 = EDGE_CURVE('',#1202,#1193,#1204,.T.);
#1202 = VERTEX_POINT('',#1203);
#1203 = CARTESIAN_POINT('',(19.4,3.75,0.));
#1204 = LINE('',#1205,#1206);
#1205 = CARTESIAN_POINT('',(19.4,3.75,0.));
#1206 = VECTOR('',#1207,1.);
#1207 = DIRECTION('',(0.,-1.,0.));
#1208 = ORIENTED_EDGE('',*,*,#1209,.F.);
#1209 = EDGE_CURVE('',#1210,#1202,#1212,.T.);
#1210 = VERTEX_POINT('',#1211);
#1211 = CARTESIAN_POINT('',(20.4,4.75,0.));
#1212 = CIRCLE('',#1213,0.999999252925);
#1213 = AXIS2_PLACEMENT_3D('',#1214,#1215,#1216);
#1214 = CARTESIAN_POINT('',(20.399999252925,3.750000747075,0.));
#1215 = DIRECTION('',(0.,0.,1.));
#1216 = DIRECTION('',(7.470757349539E-07,1.,-0.));
#1217 = ORIENTED_EDGE('',*,*,#1218,.F.);
#1218 = EDGE_CURVE('',#1219,#1210,#1221,.T.);
#1219 = VERTEX_POINT('',#1220);
#1220 = CARTESIAN_POINT('',(24.4,4.75,0.));
#1221 = LINE('',#1222,#1223);
#1222 = CARTESIAN_POINT('',(24.4,4.75,0.));
#1223 = VECTOR('',#1224,1.);
#1224 = DIRECTION('',(-1.,0.,0.));
#1225 = ORIENTED_EDGE('',*,*,#1226,.F.);
#1226 = EDGE_CURVE('',#1227,#1219,#1229,.T.);
#1227 = VERTEX_POINT('',#1228);
#1228 = CARTESIAN_POINT('',(25.4,3.75,0.));
#1229 = CIRCLE('',#1230,0.999999252925);
#1230 = AXIS2_PLACEMENT_3D('',#1231,#1232,#1233);
#1231 = CARTESIAN_POINT('',(24.400000747075,3.750000747075,0.));
#1232 = DIRECTION('',(0.,0.,1.));
#1233 = DIRECTION('',(1.,-7.470757425034E-07,0.));
#1234 = ORIENTED_EDGE('',*,*,#1235,.F.);
#1235 = EDGE_CURVE('',#1236,#1227,#1238,.T.);
#1236 = VERTEX_POINT('',#1237);
#1237 = CARTESIAN_POINT('',(25.4,1.,0.));
#1238 = LINE('',#1239,#1240);
#1239 = CARTESIAN_POINT('',(25.4,1.,0.));
#1240 = VECTOR('',#1241,1.);
#1241 = DIRECTION('',(0.,1.,0.));
#1242 = ORIENTED_EDGE('',*,*,#1243,.F.);
#1243 = EDGE_CURVE('',#1244,#1236,#1246,.T.);
#1244 = VERTEX_POINT('',#1245);
#1245 = CARTESIAN_POINT('',(26.4,-4.996003610813E-16,0.));
#1246 = CIRCLE('',#1247,0.999999252925);
#1247 = AXIS2_PLACEMENT_3D('',#1248,#1249,#1250);
#1248 = CARTESIAN_POINT('',(26.399999252925,0.999999252925,0.));
#1249 = DIRECTION('',(0.,0.,-1.));
#1250 = DIRECTION('',(7.470757349539E-07,-1.,0.));
#1251 = ORIENTED_EDGE('',*,*,#1252,.F.);
#1252 = EDGE_CURVE('',#1253,#1244,#1255,.T.);
#1253 = VERTEX_POINT('',#1254);
#1254 = CARTESIAN_POINT('',(255.,2.498001805407E-15,0.));
#1255 = LINE('',#1256,#1257);
#1256 = CARTESIAN_POINT('',(255.,-0.,0.));
#1257 = VECTOR('',#1258,1.);
#1258 = DIRECTION('',(-1.,0.,0.));
#1259 = ORIENTED_EDGE('',*,*,#1260,.F.);
#1260 = EDGE_CURVE('',#1261,#1253,#1263,.T.);
#1261 = VERTEX_POINT('',#1262);
#1262 = CARTESIAN_POINT('',(256.,1.,0.));
#1263 = CIRCLE('',#1264,0.999999252925);
#1264 = AXIS2_PLACEMENT_3D('',#1265,#1266,#1267);
#1265 = CARTESIAN_POINT('',(255.00000074707,0.999999252925,0.));
#1266 = DIRECTION('',(0.,0.,-1.));
#1267 = DIRECTION('',(1.,7.470757544939E-07,0.));
#1268 = ORIENTED_EDGE('',*,*,#1269,.F.);
#1269 = EDGE_CURVE('',#1270,#1261,#1272,.T.);
#1270 = VERTEX_POINT('',#1271);
#1271 = CARTESIAN_POINT('',(256.,17.,0.));
#1272 = LINE('',#1273,#1274);
#1273 = CARTESIAN_POINT('',(256.,17.,0.));
#1274 = VECTOR('',#1275,1.);
#1275 = DIRECTION('',(0.,-1.,0.));
#1276 = ORIENTED_EDGE('',*,*,#1277,.F.);
#1277 = EDGE_CURVE('',#1278,#1270,#1280,.T.);
#1278 = VERTEX_POINT('',#1279);
#1279 = CARTESIAN_POINT('',(255.,18.,0.));
#1280 = CIRCLE('',#1281,0.999999252925);
#1281 = AXIS2_PLACEMENT_3D('',#1282,#1283,#1284);
#1282 = CARTESIAN_POINT('',(255.00000074707,17.000000747075,0.));
#1283 = DIRECTION('',(0.,0.,-1.));
#1284 = DIRECTION('',(-7.470757633756E-07,1.,0.));
#1285 = ORIENTED_EDGE('',*,*,#1286,.F.);
#1286 = EDGE_CURVE('',#1287,#1278,#1289,.T.);
#1287 = VERTEX_POINT('',#1288);
#1288 = CARTESIAN_POINT('',(38.,18.,0.));
#1289 = LINE('',#1290,#1291);
#1290 = CARTESIAN_POINT('',(38.,18.,0.));
#1291 = VECTOR('',#1292,1.);
#1292 = DIRECTION('',(1.,0.,0.));
#1293 = ORIENTED_EDGE('',*,*,#1294,.F.);
#1294 = EDGE_CURVE('',#1295,#1287,#1297,.T.);
#1295 = VERTEX_POINT('',#1296);
#1296 = CARTESIAN_POINT('',(37.,17.,0.));
#1297 = CIRCLE('',#1298,0.999999252925);
#1298 = AXIS2_PLACEMENT_3D('',#1299,#1300,#1301);
#1299 = CARTESIAN_POINT('',(37.999999252925,17.000000747075,0.));
#1300 = DIRECTION('',(0.,0.,-1.));
#1301 = DIRECTION('',(-1.,-7.470757420593E-07,-0.));
#1302 = ORIENTED_EDGE('',*,*,#1303,.F.);
#1303 = EDGE_CURVE('',#1304,#1295,#1306,.T.);
#1304 = VERTEX_POINT('',#1305);
#1305 = CARTESIAN_POINT('',(37.,9.5,0.));
#1306 = LINE('',#1307,#1308);
#1307 = CARTESIAN_POINT('',(37.,9.5,0.));
#1308 = VECTOR('',#1309,1.);
#1309 = DIRECTION('',(0.,1.,0.));
#1310 = ORIENTED_EDGE('',*,*,#1311,.F.);
#1311 = EDGE_CURVE('',#1312,#1304,#1314,.T.);
#1312 = VERTEX_POINT('',#1313);
#1313 = CARTESIAN_POINT('',(36.,8.5,0.));
#1314 = CIRCLE('',#1315,0.999999252925);
#1315 = AXIS2_PLACEMENT_3D('',#1316,#1317,#1318);
#1316 = CARTESIAN_POINT('',(36.000000747075,9.499999252925,0.));
#1317 = DIRECTION('',(0.,0.,1.));
#1318 = DIRECTION('',(-7.470757491648E-07,-1.,0.));
#1319 = ORIENTED_EDGE('',*,*,#1320,.F.);
#1320 = EDGE_CURVE('',#1321,#1312,#1323,.T.);
#1321 = VERTEX_POINT('',#1322);
#1322 = CARTESIAN_POINT('',(35.,8.5,0.));
#1323 = LINE('',#1324,#1325);
#1324 = CARTESIAN_POINT('',(35.,8.5,0.));
#1325 = VECTOR('',#1326,1.);
#1326 = DIRECTION('',(1.,0.,0.));
#1327 = ORIENTED_EDGE('',*,*,#1328,.F.);
#1328 = EDGE_CURVE('',#1329,#1321,#1331,.T.);
#1329 = VERTEX_POINT('',#1330);
#1330 = CARTESIAN_POINT('',(34.,9.5,0.));
#1331 = CIRCLE('',#1332,0.999999252925);
#1332 = AXIS2_PLACEMENT_3D('',#1333,#1334,#1335);
#1333 = CARTESIAN_POINT('',(34.999999252925,9.499999252925,0.));
#1334 = DIRECTION('',(0.,0.,1.));
#1335 = DIRECTION('',(-1.,7.470757438357E-07,0.));
#1336 = ORIENTED_EDGE('',*,*,#1337,.F.);
#1337 = EDGE_CURVE('',#1338,#1329,#1340,.T.);
#1338 = VERTEX_POINT('',#1339);
#1339 = CARTESIAN_POINT('',(34.,17.,0.));
#1340 = LINE('',#1341,#1342);
#1341 = CARTESIAN_POINT('',(34.,17.,0.));
#1342 = VECTOR('',#1343,1.);
#1343 = DIRECTION('',(0.,-1.,0.));
#1344 = ORIENTED_EDGE('',*,*,#1345,.F.);
#1345 = EDGE_CURVE('',#1346,#1338,#1348,.T.);
#1346 = VERTEX_POINT('',#1347);
#1347 = CARTESIAN_POINT('',(33.,18.,0.));
#1348 = CIRCLE('',#1349,0.999999252925);
#1349 = AXIS2_PLACEMENT_3D('',#1350,#1351,#1352);
#1350 = CARTESIAN_POINT('',(33.000000747075,17.000000747075,0.));
#1351 = DIRECTION('',(0.,0.,-1.));
#1352 = DIRECTION('',(-7.470757491648E-07,1.,0.));
#1353 = ORIENTED_EDGE('',*,*,#1354,.F.);
#1354 = EDGE_CURVE('',#1355,#1346,#1357,.T.);
#1355 = VERTEX_POINT('',#1356);
#1356 = CARTESIAN_POINT('',(26.399999,18.,0.));
#1357 = LINE('',#1358,#1359);
#1358 = CARTESIAN_POINT('',(26.399999,18.,0.));
#1359 = VECTOR('',#1360,1.);
#1360 = DIRECTION('',(1.,0.,0.));
#1361 = ORIENTED_EDGE('',*,*,#1362,.F.);
#1362 = EDGE_CURVE('',#1363,#1355,#1365,.T.);
#1363 = VERTEX_POINT('',#1364);
#1364 = CARTESIAN_POINT('',(25.399999,17.,0.));
#1365 = CIRCLE('',#1366,0.999999252925);
#1366 = AXIS2_PLACEMENT_3D('',#1367,#1368,#1369);
#1367 = CARTESIAN_POINT('',(26.399998252925,17.000000747075,0.));
#1368 = DIRECTION('',(0.,0.,-1.));
#1369 = DIRECTION('',(-1.,-7.470757420593E-07,-0.));
#1370 = ORIENTED_EDGE('',*,*,#1371,.F.);
#1371 = EDGE_CURVE('',#1372,#1363,#1374,.T.);
#1372 = VERTEX_POINT('',#1373);
#1373 = CARTESIAN_POINT('',(25.399999,14.25,0.));
#1374 = LINE('',#1375,#1376);
#1375 = CARTESIAN_POINT('',(25.399999,14.25,0.));
#1376 = VECTOR('',#1377,1.);
#1377 = DIRECTION('',(0.,1.,0.));
#1378 = ORIENTED_EDGE('',*,*,#1379,.F.);
#1379 = EDGE_CURVE('',#1380,#1372,#1382,.T.);
#1380 = VERTEX_POINT('',#1381);
#1381 = CARTESIAN_POINT('',(24.399999,13.25,0.));
#1382 = CIRCLE('',#1383,1.000000960032);
#1383 = AXIS2_PLACEMENT_3D('',#1384,#1385,#1386);
#1384 = CARTESIAN_POINT('',(24.399998039969,14.250000960031,0.));
#1385 = DIRECTION('',(0.,0.,1.));
#1386 = DIRECTION('',(9.600305104691E-07,-1.,0.));
#1387 = ORIENTED_EDGE('',*,*,#1388,.F.);
#1388 = EDGE_CURVE('',#1389,#1380,#1391,.T.);
#1389 = VERTEX_POINT('',#1390);
#1390 = CARTESIAN_POINT('',(20.4,13.25,0.));
#1391 = LINE('',#1392,#1393);
#1392 = CARTESIAN_POINT('',(20.4,13.25,0.));
#1393 = VECTOR('',#1394,1.);
#1394 = DIRECTION('',(1.,0.,0.));
#1395 = ORIENTED_EDGE('',*,*,#1396,.F.);
#1396 = EDGE_CURVE('',#1067,#1389,#1397,.T.);
#1397 = CIRCLE('',#1398,0.999999252925);
#1398 = AXIS2_PLACEMENT_3D('',#1399,#1400,#1401);
#1399 = CARTESIAN_POINT('',(20.399999252925,14.249999252925,0.));
#1400 = DIRECTION('',(0.,0.,1.));
#1401 = DIRECTION('',(-1.,7.470757385066E-07,0.));
#1402 = ORIENTED_EDGE('',*,*,#1074,.F.);
#1403 = FACE_BOUND('',#1404,.F.);
#1404 = EDGE_LOOP('',(#1405));
#1405 = ORIENTED_EDGE('',*,*,#1406,.T.);
#1406 = EDGE_CURVE('',#1407,#1407,#1409,.T.);
#1407 = VERTEX_POINT('',#1408);
#1408 = CARTESIAN_POINT('',(5.612998,1.0498,0.));
#1409 = CIRCLE('',#1410,1.6002);
#1410 = AXIS2_PLACEMENT_3D('',#1411,#1412,#1413);
#1411 = CARTESIAN_POINT('',(5.612998,2.65,0.));
#1412 = DIRECTION('',(-0.,0.,-1.));
#1413 = DIRECTION('',(-0.,-1.,0.));
#1414 = FACE_BOUND('',#1415,.F.);
#1415 = EDGE_LOOP('',(#1416));
#1416 = ORIENTED_EDGE('',*,*,#1417,.T.);
#1417 = EDGE_CURVE('',#1418,#1418,#1420,.T.);
#1418 = VERTEX_POINT('',#1419);
#1419 = CARTESIAN_POINT('',(5.612998,13.7498,0.));
#1420 = CIRCLE('',#1421,1.6002);
#1421 = AXIS2_PLACEMENT_3D('',#1422,#1423,#1424);
#1422 = CARTESIAN_POINT('',(5.612998,15.35,0.));
#1423 = DIRECTION('',(-0.,0.,-1.));
#1424 = DIRECTION('',(-0.,-1.,0.));
#1425 = PLANE('',#1426);
#1426 = AXIS2_PLACEMENT_3D('',#1427,#1428,#1429);
#1427 = CARTESIAN_POINT('',(0.,0.,0.));
#1428 = DIRECTION('',(0.,0.,1.));
#1429 = DIRECTION('',(1.,0.,-0.));
#1430 = ADVANCED_FACE('',(#1431,#1749,#1760),#1771,.T.);
#1431 = FACE_BOUND('',#1432,.T.);
#1432 = EDGE_LOOP('',(#1433,#1434,#1435,#1444,#1452,#1461,#1469,#1478,
    #1486,#1495,#1503,#1512,#1520,#1529,#1537,#1546,#1554,#1563,#1571,
    #1580,#1588,#1597,#1605,#1614,#1622,#1631,#1639,#1648,#1656,#1665,
    #1673,#1682,#1690,#1699,#1707,#1716,#1724,#1733,#1741,#1748));
#1433 = ORIENTED_EDGE('',*,*,#994,.F.);
#1434 = ORIENTED_EDGE('',*,*,#1036,.F.);
#1435 = ORIENTED_EDGE('',*,*,#1436,.F.);
#1436 = EDGE_CURVE('',#1437,#1029,#1439,.T.);
#1437 = VERTEX_POINT('',#1438);
#1438 = CARTESIAN_POINT('',(-1.110223024625E-16,17.,0.91));
#1439 = CIRCLE('',#1440,0.999999252925);
#1440 = AXIS2_PLACEMENT_3D('',#1441,#1442,#1443);
#1441 = CARTESIAN_POINT('',(0.999999252925,17.000000747075,0.91));
#1442 = DIRECTION('',(0.,0.,-1.));
#1443 = DIRECTION('',(-1.,-7.470757420593E-07,-0.));
#1444 = ORIENTED_EDGE('',*,*,#1445,.F.);
#1445 = EDGE_CURVE('',#1446,#1437,#1448,.T.);
#1446 = VERTEX_POINT('',#1447);
#1447 = CARTESIAN_POINT('',(-1.110223024625E-16,15.25,0.91));
#1448 = LINE('',#1449,#1450);
#1449 = CARTESIAN_POINT('',(0.,15.25,0.91));
#1450 = VECTOR('',#1451,1.);
#1451 = DIRECTION('',(0.,1.,0.));
#1452 = ORIENTED_EDGE('',*,*,#1453,.F.);
#1453 = EDGE_CURVE('',#1454,#1446,#1456,.T.);
#1454 = VERTEX_POINT('',#1455);
#1455 = CARTESIAN_POINT('',(1.,14.25,0.91));
#1456 = CIRCLE('',#1457,0.999999252925);
#1457 = AXIS2_PLACEMENT_3D('',#1458,#1459,#1460);
#1458 = CARTESIAN_POINT('',(0.999999252925,15.249999252925,0.91));
#1459 = DIRECTION('',(0.,0.,-1.));
#1460 = DIRECTION('',(7.470757425034E-07,-1.,0.));
#1461 = ORIENTED_EDGE('',*,*,#1462,.F.);
#1462 = EDGE_CURVE('',#1463,#1454,#1465,.T.);
#1463 = VERTEX_POINT('',#1464);
#1464 = CARTESIAN_POINT('',(4.,14.25,0.91));
#1465 = LINE('',#1466,#1467);
#1466 = CARTESIAN_POINT('',(4.,14.25,0.91));
#1467 = VECTOR('',#1468,1.);
#1468 = DIRECTION('',(-1.,0.,0.));
#1469 = ORIENTED_EDGE('',*,*,#1470,.F.);
#1470 = EDGE_CURVE('',#1471,#1463,#1473,.T.);
#1471 = VERTEX_POINT('',#1472);
#1472 = CARTESIAN_POINT('',(5.,13.25,0.91));
#1473 = CIRCLE('',#1474,0.999999252925);
#1474 = AXIS2_PLACEMENT_3D('',#1475,#1476,#1477);
#1475 = CARTESIAN_POINT('',(4.000000747075,13.250000747075,0.91));
#1476 = DIRECTION('',(0.,0.,1.));
#1477 = DIRECTION('',(1.,-7.470757420593E-07,0.));
#1478 = ORIENTED_EDGE('',*,*,#1479,.F.);
#1479 = EDGE_CURVE('',#1480,#1471,#1482,.T.);
#1480 = VERTEX_POINT('',#1481);
#1481 = CARTESIAN_POINT('',(5.,4.75,0.91));
#1482 = LINE('',#1483,#1484);
#1483 = CARTESIAN_POINT('',(5.,4.75,0.91));
#1484 = VECTOR('',#1485,1.);
#1485 = DIRECTION('',(0.,1.,0.));
#1486 = ORIENTED_EDGE('',*,*,#1487,.F.);
#1487 = EDGE_CURVE('',#1488,#1480,#1490,.T.);
#1488 = VERTEX_POINT('',#1489);
#1489 = CARTESIAN_POINT('',(4.,3.75,0.91));
#1490 = CIRCLE('',#1491,0.999999252925);
#1491 = AXIS2_PLACEMENT_3D('',#1492,#1493,#1494);
#1492 = CARTESIAN_POINT('',(4.000000747075,4.749999252925,0.91));
#1493 = DIRECTION('',(0.,0.,1.));
#1494 = DIRECTION('',(-7.470757411712E-07,-1.,0.));
#1495 = ORIENTED_EDGE('',*,*,#1496,.F.);
#1496 = EDGE_CURVE('',#1497,#1488,#1499,.T.);
#1497 = VERTEX_POINT('',#1498);
#1498 = CARTESIAN_POINT('',(1.,3.75,0.91));
#1499 = LINE('',#1500,#1501);
#1500 = CARTESIAN_POINT('',(1.,3.75,0.91));
#1501 = VECTOR('',#1502,1.);
#1502 = DIRECTION('',(1.,0.,0.));
#1503 = ORIENTED_EDGE('',*,*,#1504,.F.);
#1504 = EDGE_CURVE('',#1505,#1497,#1507,.T.);
#1505 = VERTEX_POINT('',#1506);
#1506 = CARTESIAN_POINT('',(5.551115123126E-17,2.75,0.91));
#1507 = CIRCLE('',#1508,0.999999252925);
#1508 = AXIS2_PLACEMENT_3D('',#1509,#1510,#1511);
#1509 = CARTESIAN_POINT('',(0.999999252925,2.750000747075,0.91));
#1510 = DIRECTION('',(0.,0.,-1.));
#1511 = DIRECTION('',(-1.,-7.470757420593E-07,-0.));
#1512 = ORIENTED_EDGE('',*,*,#1513,.F.);
#1513 = EDGE_CURVE('',#1514,#1505,#1516,.T.);
#1514 = VERTEX_POINT('',#1515);
#1515 = CARTESIAN_POINT('',(0.,1.,0.91));
#1516 = LINE('',#1517,#1518);
#1517 = CARTESIAN_POINT('',(0.,1.,0.91));
#1518 = VECTOR('',#1519,1.);
#1519 = DIRECTION('',(0.,1.,0.));
#1520 = ORIENTED_EDGE('',*,*,#1521,.F.);
#1521 = EDGE_CURVE('',#1522,#1514,#1524,.T.);
#1522 = VERTEX_POINT('',#1523);
#1523 = CARTESIAN_POINT('',(1.,0.,0.91));
#1524 = CIRCLE('',#1525,0.999999252925);
#1525 = AXIS2_PLACEMENT_3D('',#1526,#1527,#1528);
#1526 = CARTESIAN_POINT('',(0.999999252925,0.999999252925,0.91));
#1527 = DIRECTION('',(0.,0.,-1.));
#1528 = DIRECTION('',(7.470757411712E-07,-1.,0.));
#1529 = ORIENTED_EDGE('',*,*,#1530,.F.);
#1530 = EDGE_CURVE('',#1531,#1522,#1533,.T.);
#1531 = VERTEX_POINT('',#1532);
#1532 = CARTESIAN_POINT('',(18.4,-1.110223024625E-16,0.91));
#1533 = LINE('',#1534,#1535);
#1534 = CARTESIAN_POINT('',(18.4,0.,0.91));
#1535 = VECTOR('',#1536,1.);
#1536 = DIRECTION('',(-1.,0.,0.));
#1537 = ORIENTED_EDGE('',*,*,#1538,.F.);
#1538 = EDGE_CURVE('',#1539,#1531,#1541,.T.);
#1539 = VERTEX_POINT('',#1540);
#1540 = CARTESIAN_POINT('',(19.4,1.,0.91));
#1541 = CIRCLE('',#1542,0.999999252925);
#1542 = AXIS2_PLACEMENT_3D('',#1543,#1544,#1545);
#1543 = CARTESIAN_POINT('',(18.400000747075,0.999999252925,0.91));
#1544 = DIRECTION('',(0.,0.,-1.));
#1545 = DIRECTION('',(1.,7.470757425034E-07,0.));
#1546 = ORIENTED_EDGE('',*,*,#1547,.F.);
#1547 = EDGE_CURVE('',#1548,#1539,#1550,.T.);
#1548 = VERTEX_POINT('',#1549);
#1549 = CARTESIAN_POINT('',(19.4,3.75,0.91));
#1550 = LINE('',#1551,#1552);
#1551 = CARTESIAN_POINT('',(19.4,3.75,0.91));
#1552 = VECTOR('',#1553,1.);
#1553 = DIRECTION('',(0.,-1.,0.));
#1554 = ORIENTED_EDGE('',*,*,#1555,.F.);
#1555 = EDGE_CURVE('',#1556,#1548,#1558,.T.);
#1556 = VERTEX_POINT('',#1557);
#1557 = CARTESIAN_POINT('',(20.4,4.75,0.91));
#1558 = CIRCLE('',#1559,0.999999252925);
#1559 = AXIS2_PLACEMENT_3D('',#1560,#1561,#1562);
#1560 = CARTESIAN_POINT('',(20.399999252925,3.750000747075,0.91));
#1561 = DIRECTION('',(0.,0.,1.));
#1562 = DIRECTION('',(7.470757349539E-07,1.,-0.));
#1563 = ORIENTED_EDGE('',*,*,#1564,.F.);
#1564 = EDGE_CURVE('',#1565,#1556,#1567,.T.);
#1565 = VERTEX_POINT('',#1566);
#1566 = CARTESIAN_POINT('',(24.4,4.75,0.91));
#1567 = LINE('',#1568,#1569);
#1568 = CARTESIAN_POINT('',(24.4,4.75,0.91));
#1569 = VECTOR('',#1570,1.);
#1570 = DIRECTION('',(-1.,0.,0.));
#1571 = ORIENTED_EDGE('',*,*,#1572,.F.);
#1572 = EDGE_CURVE('',#1573,#1565,#1575,.T.);
#1573 = VERTEX_POINT('',#1574);
#1574 = CARTESIAN_POINT('',(25.4,3.75,0.91));
#1575 = CIRCLE('',#1576,0.999999252925);
#1576 = AXIS2_PLACEMENT_3D('',#1577,#1578,#1579);
#1577 = CARTESIAN_POINT('',(24.400000747075,3.750000747075,0.91));
#1578 = DIRECTION('',(0.,0.,1.));
#1579 = DIRECTION('',(1.,-7.470757425034E-07,0.));
#1580 = ORIENTED_EDGE('',*,*,#1581,.F.);
#1581 = EDGE_CURVE('',#1582,#1573,#1584,.T.);
#1582 = VERTEX_POINT('',#1583);
#1583 = CARTESIAN_POINT('',(25.4,1.,0.91));
#1584 = LINE('',#1585,#1586);
#1585 = CARTESIAN_POINT('',(25.4,1.,0.91));
#1586 = VECTOR('',#1587,1.);
#1587 = DIRECTION('',(0.,1.,0.));
#1588 = ORIENTED_EDGE('',*,*,#1589,.F.);
#1589 = EDGE_CURVE('',#1590,#1582,#1592,.T.);
#1590 = VERTEX_POINT('',#1591);
#1591 = CARTESIAN_POINT('',(26.4,-4.996003610813E-16,0.91));
#1592 = CIRCLE('',#1593,0.999999252925);
#1593 = AXIS2_PLACEMENT_3D('',#1594,#1595,#1596);
#1594 = CARTESIAN_POINT('',(26.399999252925,0.999999252925,0.91));
#1595 = DIRECTION('',(0.,0.,-1.));
#1596 = DIRECTION('',(7.470757349539E-07,-1.,0.));
#1597 = ORIENTED_EDGE('',*,*,#1598,.F.);
#1598 = EDGE_CURVE('',#1599,#1590,#1601,.T.);
#1599 = VERTEX_POINT('',#1600);
#1600 = CARTESIAN_POINT('',(255.,2.498001805407E-15,0.91));
#1601 = LINE('',#1602,#1603);
#1602 = CARTESIAN_POINT('',(255.,0.,0.91));
#1603 = VECTOR('',#1604,1.);
#1604 = DIRECTION('',(-1.,0.,0.));
#1605 = ORIENTED_EDGE('',*,*,#1606,.F.);
#1606 = EDGE_CURVE('',#1607,#1599,#1609,.T.);
#1607 = VERTEX_POINT('',#1608);
#1608 = CARTESIAN_POINT('',(256.,1.,0.91));
#1609 = CIRCLE('',#1610,0.999999252925);
#1610 = AXIS2_PLACEMENT_3D('',#1611,#1612,#1613);
#1611 = CARTESIAN_POINT('',(255.00000074707,0.999999252925,0.91));
#1612 = DIRECTION('',(0.,0.,-1.));
#1613 = DIRECTION('',(1.,7.470757544939E-07,0.));
#1614 = ORIENTED_EDGE('',*,*,#1615,.F.);
#1615 = EDGE_CURVE('',#1616,#1607,#1618,.T.);
#1616 = VERTEX_POINT('',#1617);
#1617 = CARTESIAN_POINT('',(256.,17.,0.91));
#1618 = LINE('',#1619,#1620);
#1619 = CARTESIAN_POINT('',(256.,17.,0.91));
#1620 = VECTOR('',#1621,1.);
#1621 = DIRECTION('',(0.,-1.,0.));
#1622 = ORIENTED_EDGE('',*,*,#1623,.F.);
#1623 = EDGE_CURVE('',#1624,#1616,#1626,.T.);
#1624 = VERTEX_POINT('',#1625);
#1625 = CARTESIAN_POINT('',(255.,18.,0.91));
#1626 = CIRCLE('',#1627,0.999999252925);
#1627 = AXIS2_PLACEMENT_3D('',#1628,#1629,#1630);
#1628 = CARTESIAN_POINT('',(255.00000074707,17.000000747075,0.91));
#1629 = DIRECTION('',(0.,0.,-1.));
#1630 = DIRECTION('',(-7.470757633756E-07,1.,0.));
#1631 = ORIENTED_EDGE('',*,*,#1632,.F.);
#1632 = EDGE_CURVE('',#1633,#1624,#1635,.T.);
#1633 = VERTEX_POINT('',#1634);
#1634 = CARTESIAN_POINT('',(38.,18.,0.91));
#1635 = LINE('',#1636,#1637);
#1636 = CARTESIAN_POINT('',(38.,18.,0.91));
#1637 = VECTOR('',#1638,1.);
#1638 = DIRECTION('',(1.,0.,0.));
#1639 = ORIENTED_EDGE('',*,*,#1640,.F.);
#1640 = EDGE_CURVE('',#1641,#1633,#1643,.T.);
#1641 = VERTEX_POINT('',#1642);
#1642 = CARTESIAN_POINT('',(37.,17.,0.91));
#1643 = CIRCLE('',#1644,0.999999252925);
#1644 = AXIS2_PLACEMENT_3D('',#1645,#1646,#1647);
#1645 = CARTESIAN_POINT('',(37.999999252925,17.000000747075,0.91));
#1646 = DIRECTION('',(0.,0.,-1.));
#1647 = DIRECTION('',(-1.,-7.470757420593E-07,-0.));
#1648 = ORIENTED_EDGE('',*,*,#1649,.F.);
#1649 = EDGE_CURVE('',#1650,#1641,#1652,.T.);
#1650 = VERTEX_POINT('',#1651);
#1651 = CARTESIAN_POINT('',(37.,9.5,0.91));
#1652 = LINE('',#1653,#1654);
#1653 = CARTESIAN_POINT('',(37.,9.5,0.91));
#1654 = VECTOR('',#1655,1.);
#1655 = DIRECTION('',(0.,1.,0.));
#1656 = ORIENTED_EDGE('',*,*,#1657,.F.);
#1657 = EDGE_CURVE('',#1658,#1650,#1660,.T.);
#1658 = VERTEX_POINT('',#1659);
#1659 = CARTESIAN_POINT('',(36.,8.5,0.91));
#1660 = CIRCLE('',#1661,0.999999252925);
#1661 = AXIS2_PLACEMENT_3D('',#1662,#1663,#1664);
#1662 = CARTESIAN_POINT('',(36.000000747075,9.499999252925,0.91));
#1663 = DIRECTION('',(0.,0.,1.));
#1664 = DIRECTION('',(-7.470757491648E-07,-1.,0.));
#1665 = ORIENTED_EDGE('',*,*,#1666,.F.);
#1666 = EDGE_CURVE('',#1667,#1658,#1669,.T.);
#1667 = VERTEX_POINT('',#1668);
#1668 = CARTESIAN_POINT('',(35.,8.5,0.91));
#1669 = LINE('',#1670,#1671);
#1670 = CARTESIAN_POINT('',(35.,8.5,0.91));
#1671 = VECTOR('',#1672,1.);
#1672 = DIRECTION('',(1.,0.,0.));
#1673 = ORIENTED_EDGE('',*,*,#1674,.F.);
#1674 = EDGE_CURVE('',#1675,#1667,#1677,.T.);
#1675 = VERTEX_POINT('',#1676);
#1676 = CARTESIAN_POINT('',(34.,9.5,0.91));
#1677 = CIRCLE('',#1678,0.999999252925);
#1678 = AXIS2_PLACEMENT_3D('',#1679,#1680,#1681);
#1679 = CARTESIAN_POINT('',(34.999999252925,9.499999252925,0.91));
#1680 = DIRECTION('',(0.,0.,1.));
#1681 = DIRECTION('',(-1.,7.470757438357E-07,0.));
#1682 = ORIENTED_EDGE('',*,*,#1683,.F.);
#1683 = EDGE_CURVE('',#1684,#1675,#1686,.T.);
#1684 = VERTEX_POINT('',#1685);
#1685 = CARTESIAN_POINT('',(34.,17.,0.91));
#1686 = LINE('',#1687,#1688);
#1687 = CARTESIAN_POINT('',(34.,17.,0.91));
#1688 = VECTOR('',#1689,1.);
#1689 = DIRECTION('',(0.,-1.,0.));
#1690 = ORIENTED_EDGE('',*,*,#1691,.F.);
#1691 = EDGE_CURVE('',#1692,#1684,#1694,.T.);
#1692 = VERTEX_POINT('',#1693);
#1693 = CARTESIAN_POINT('',(33.,18.,0.91));
#1694 = CIRCLE('',#1695,0.999999252925);
#1695 = AXIS2_PLACEMENT_3D('',#1696,#1697,#1698);
#1696 = CARTESIAN_POINT('',(33.000000747075,17.000000747075,0.91));
#1697 = DIRECTION('',(0.,0.,-1.));
#1698 = DIRECTION('',(-7.470757491648E-07,1.,0.));
#1699 = ORIENTED_EDGE('',*,*,#1700,.F.);
#1700 = EDGE_CURVE('',#1701,#1692,#1703,.T.);
#1701 = VERTEX_POINT('',#1702);
#1702 = CARTESIAN_POINT('',(26.399999,18.,0.91));
#1703 = LINE('',#1704,#1705);
#1704 = CARTESIAN_POINT('',(26.399999,18.,0.91));
#1705 = VECTOR('',#1706,1.);
#1706 = DIRECTION('',(1.,0.,0.));
#1707 = ORIENTED_EDGE('',*,*,#1708,.F.);
#1708 = EDGE_CURVE('',#1709,#1701,#1711,.T.);
#1709 = VERTEX_POINT('',#1710);
#1710 = CARTESIAN_POINT('',(25.399999,17.,0.91));
#1711 = CIRCLE('',#1712,0.999999252925);
#1712 = AXIS2_PLACEMENT_3D('',#1713,#1714,#1715);
#1713 = CARTESIAN_POINT('',(26.399998252925,17.000000747075,0.91));
#1714 = DIRECTION('',(0.,0.,-1.));
#1715 = DIRECTION('',(-1.,-7.470757420593E-07,-0.));
#1716 = ORIENTED_EDGE('',*,*,#1717,.F.);
#1717 = EDGE_CURVE('',#1718,#1709,#1720,.T.);
#1718 = VERTEX_POINT('',#1719);
#1719 = CARTESIAN_POINT('',(25.399999,14.25,0.91));
#1720 = LINE('',#1721,#1722);
#1721 = CARTESIAN_POINT('',(25.399999,14.25,0.91));
#1722 = VECTOR('',#1723,1.);
#1723 = DIRECTION('',(0.,1.,0.));
#1724 = ORIENTED_EDGE('',*,*,#1725,.F.);
#1725 = EDGE_CURVE('',#1726,#1718,#1728,.T.);
#1726 = VERTEX_POINT('',#1727);
#1727 = CARTESIAN_POINT('',(24.399999,13.25,0.91));
#1728 = CIRCLE('',#1729,1.000000960032);
#1729 = AXIS2_PLACEMENT_3D('',#1730,#1731,#1732);
#1730 = CARTESIAN_POINT('',(24.399998039969,14.250000960031,0.91));
#1731 = DIRECTION('',(0.,0.,1.));
#1732 = DIRECTION('',(9.600305104691E-07,-1.,0.));
#1733 = ORIENTED_EDGE('',*,*,#1734,.F.);
#1734 = EDGE_CURVE('',#1735,#1726,#1737,.T.);
#1735 = VERTEX_POINT('',#1736);
#1736 = CARTESIAN_POINT('',(20.4,13.25,0.91));
#1737 = LINE('',#1738,#1739);
#1738 = CARTESIAN_POINT('',(20.4,13.25,0.91));
#1739 = VECTOR('',#1740,1.);
#1740 = DIRECTION('',(1.,0.,0.));
#1741 = ORIENTED_EDGE('',*,*,#1742,.F.);
#1742 = EDGE_CURVE('',#1059,#1735,#1743,.T.);
#1743 = CIRCLE('',#1744,0.999999252925);
#1744 = AXIS2_PLACEMENT_3D('',#1745,#1746,#1747);
#1745 = CARTESIAN_POINT('',(20.399999252925,14.249999252925,0.91));
#1746 = DIRECTION('',(0.,0.,1.));
#1747 = DIRECTION('',(-1.,7.470757385066E-07,0.));
#1748 = ORIENTED_EDGE('',*,*,#1058,.F.);
#1749 = FACE_BOUND('',#1750,.T.);
#1750 = EDGE_LOOP('',(#1751));
#1751 = ORIENTED_EDGE('',*,*,#1752,.T.);
#1752 = EDGE_CURVE('',#1753,#1753,#1755,.T.);
#1753 = VERTEX_POINT('',#1754);
#1754 = CARTESIAN_POINT('',(5.612998,1.0498,0.91));
#1755 = CIRCLE('',#1756,1.6002);
#1756 = AXIS2_PLACEMENT_3D('',#1757,#1758,#1759);
#1757 = CARTESIAN_POINT('',(5.612998,2.65,0.91));
#1758 = DIRECTION('',(-0.,0.,-1.));
#1759 = DIRECTION('',(-0.,-1.,0.));
#1760 = FACE_BOUND('',#1761,.T.);
#1761 = EDGE_LOOP('',(#1762));
#1762 = ORIENTED_EDGE('',*,*,#1763,.T.);
#1763 = EDGE_CURVE('',#1764,#1764,#1766,.T.);
#1764 = VERTEX_POINT('',#1765);
#1765 = CARTESIAN_POINT('',(5.612998,13.7498,0.91));
#1766 = CIRCLE('',#1767,1.6002);
#1767 = AXIS2_PLACEMENT_3D('',#1768,#1769,#1770);
#1768 = CARTESIAN_POINT('',(5.612998,15.35,0.91));
#1769 = DIRECTION('',(-0.,0.,-1.));
#1770 = DIRECTION('',(-0.,-1.,0.));
#1771 = PLANE('',#1772);
#1772 = AXIS2_PLACEMENT_3D('',#1773,#1774,#1775);
#1773 = CARTESIAN_POINT('',(0.,0.,0.91));
#1774 = DIRECTION('',(0.,0.,1.));
#1775 = DIRECTION('',(1.,0.,-0.));
#1776 = ADVANCED_FACE('',(#1777),#1788,.T.);
#1777 = FACE_BOUND('',#1778,.T.);
#1778 = EDGE_LOOP('',(#1779,#1785,#1786,#1787));
#1779 = ORIENTED_EDGE('',*,*,#1780,.T.);
#1780 = EDGE_CURVE('',#1091,#1437,#1781,.T.);
#1781 = LINE('',#1782,#1783);
#1782 = CARTESIAN_POINT('',(-1.110223024625E-16,17.,0.));
#1783 = VECTOR('',#1784,1.);
#1784 = DIRECTION('',(0.,0.,1.));
#1785 = ORIENTED_EDGE('',*,*,#1436,.T.);
#1786 = ORIENTED_EDGE('',*,*,#1026,.F.);
#1787 = ORIENTED_EDGE('',*,*,#1090,.F.);
#1788 = CYLINDRICAL_SURFACE('',#1789,0.999999252925);
#1789 = AXIS2_PLACEMENT_3D('',#1790,#1791,#1792);
#1790 = CARTESIAN_POINT('',(0.999999252925,17.000000747075,0.));
#1791 = DIRECTION('',(0.,0.,-1.));
#1792 = DIRECTION('',(-1.,-7.470757420593E-07,-0.));
#1793 = ADVANCED_FACE('',(#1794),#1805,.F.);
#1794 = FACE_BOUND('',#1795,.T.);
#1795 = EDGE_LOOP('',(#1796,#1797,#1798,#1804));
#1796 = ORIENTED_EDGE('',*,*,#1066,.T.);
#1797 = ORIENTED_EDGE('',*,*,#1742,.T.);
#1798 = ORIENTED_EDGE('',*,*,#1799,.F.);
#1799 = EDGE_CURVE('',#1389,#1735,#1800,.T.);
#1800 = LINE('',#1801,#1802);
#1801 = CARTESIAN_POINT('',(20.4,13.25,0.));
#1802 = VECTOR('',#1803,1.);
#1803 = DIRECTION('',(0.,0.,1.));
#1804 = ORIENTED_EDGE('',*,*,#1396,.F.);
#1805 = CYLINDRICAL_SURFACE('',#1806,0.999999252925);
#1806 = AXIS2_PLACEMENT_3D('',#1807,#1808,#1809);
#1807 = CARTESIAN_POINT('',(20.399999252925,14.249999252925,0.));
#1808 = DIRECTION('',(-0.,-0.,-1.));
#1809 = DIRECTION('',(-1.,7.470757385066E-07,0.));
#1810 = ADVANCED_FACE('',(#1811),#1822,.T.);
#1811 = FACE_BOUND('',#1812,.T.);
#1812 = EDGE_LOOP('',(#1813,#1819,#1820,#1821));
#1813 = ORIENTED_EDGE('',*,*,#1814,.T.);
#1814 = EDGE_CURVE('',#1100,#1446,#1815,.T.);
#1815 = LINE('',#1816,#1817);
#1816 = CARTESIAN_POINT('',(-1.110223024625E-16,15.25,0.));
#1817 = VECTOR('',#1818,1.);
#1818 = DIRECTION('',(0.,0.,1.));
#1819 = ORIENTED_EDGE('',*,*,#1445,.T.);
#1820 = ORIENTED_EDGE('',*,*,#1780,.F.);
#1821 = ORIENTED_EDGE('',*,*,#1099,.F.);
#1822 = PLANE('',#1823);
#1823 = AXIS2_PLACEMENT_3D('',#1824,#1825,#1826);
#1824 = CARTESIAN_POINT('',(0.,15.25,0.));
#1825 = DIRECTION('',(-1.,0.,0.));
#1826 = DIRECTION('',(0.,1.,0.));
#1827 = ADVANCED_FACE('',(#1828),#1839,.T.);
#1828 = FACE_BOUND('',#1829,.T.);
#1829 = EDGE_LOOP('',(#1830,#1831,#1832,#1838));
#1830 = ORIENTED_EDGE('',*,*,#1799,.T.);
#1831 = ORIENTED_EDGE('',*,*,#1734,.T.);
#1832 = ORIENTED_EDGE('',*,*,#1833,.F.);
#1833 = EDGE_CURVE('',#1380,#1726,#1834,.T.);
#1834 = LINE('',#1835,#1836);
#1835 = CARTESIAN_POINT('',(24.399999,13.25,0.));
#1836 = VECTOR('',#1837,1.);
#1837 = DIRECTION('',(0.,0.,1.));
#1838 = ORIENTED_EDGE('',*,*,#1388,.F.);
#1839 = PLANE('',#1840);
#1840 = AXIS2_PLACEMENT_3D('',#1841,#1842,#1843);
#1841 = CARTESIAN_POINT('',(20.4,13.25,0.));
#1842 = DIRECTION('',(0.,1.,0.));
#1843 = DIRECTION('',(1.,0.,0.));
#1844 = ADVANCED_FACE('',(#1845),#1856,.T.);
#1845 = FACE_BOUND('',#1846,.T.);
#1846 = EDGE_LOOP('',(#1847,#1853,#1854,#1855));
#1847 = ORIENTED_EDGE('',*,*,#1848,.T.);
#1848 = EDGE_CURVE('',#1108,#1454,#1849,.T.);
#1849 = LINE('',#1850,#1851);
#1850 = CARTESIAN_POINT('',(1.,14.25,0.));
#1851 = VECTOR('',#1852,1.);
#1852 = DIRECTION('',(0.,0.,1.));
#1853 = ORIENTED_EDGE('',*,*,#1453,.T.);
#1854 = ORIENTED_EDGE('',*,*,#1814,.F.);
#1855 = ORIENTED_EDGE('',*,*,#1107,.F.);
#1856 = CYLINDRICAL_SURFACE('',#1857,0.999999252925);
#1857 = AXIS2_PLACEMENT_3D('',#1858,#1859,#1860);
#1858 = CARTESIAN_POINT('',(0.999999252925,15.249999252925,0.));
#1859 = DIRECTION('',(0.,0.,-1.));
#1860 = DIRECTION('',(7.470757425034E-07,-1.,0.));
#1861 = ADVANCED_FACE('',(#1862),#1873,.F.);
#1862 = FACE_BOUND('',#1863,.T.);
#1863 = EDGE_LOOP('',(#1864,#1865,#1866,#1872));
#1864 = ORIENTED_EDGE('',*,*,#1833,.T.);
#1865 = ORIENTED_EDGE('',*,*,#1725,.T.);
#1866 = ORIENTED_EDGE('',*,*,#1867,.F.);
#1867 = EDGE_CURVE('',#1372,#1718,#1868,.T.);
#1868 = LINE('',#1869,#1870);
#1869 = CARTESIAN_POINT('',(25.399999,14.25,0.));
#1870 = VECTOR('',#1871,1.);
#1871 = DIRECTION('',(0.,0.,1.));
#1872 = ORIENTED_EDGE('',*,*,#1379,.F.);
#1873 = CYLINDRICAL_SURFACE('',#1874,1.000000960032);
#1874 = AXIS2_PLACEMENT_3D('',#1875,#1876,#1877);
#1875 = CARTESIAN_POINT('',(24.399998039969,14.250000960031,0.));
#1876 = DIRECTION('',(-0.,-0.,-1.));
#1877 = DIRECTION('',(9.600305104691E-07,-1.,0.));
#1878 = ADVANCED_FACE('',(#1879),#1890,.T.);
#1879 = FACE_BOUND('',#1880,.T.);
#1880 = EDGE_LOOP('',(#1881,#1887,#1888,#1889));
#1881 = ORIENTED_EDGE('',*,*,#1882,.T.);
#1882 = EDGE_CURVE('',#1117,#1463,#1883,.T.);
#1883 = LINE('',#1884,#1885);
#1884 = CARTESIAN_POINT('',(4.,14.25,0.));
#1885 = VECTOR('',#1886,1.);
#1886 = DIRECTION('',(0.,0.,1.));
#1887 = ORIENTED_EDGE('',*,*,#1462,.T.);
#1888 = ORIENTED_EDGE('',*,*,#1848,.F.);
#1889 = ORIENTED_EDGE('',*,*,#1116,.F.);
#1890 = PLANE('',#1891);
#1891 = AXIS2_PLACEMENT_3D('',#1892,#1893,#1894);
#1892 = CARTESIAN_POINT('',(4.,14.25,0.));
#1893 = DIRECTION('',(0.,-1.,0.));
#1894 = DIRECTION('',(-1.,0.,0.));
#1895 = ADVANCED_FACE('',(#1896),#1907,.T.);
#1896 = FACE_BOUND('',#1897,.T.);
#1897 = EDGE_LOOP('',(#1898,#1899,#1900,#1906));
#1898 = ORIENTED_EDGE('',*,*,#1867,.T.);
#1899 = ORIENTED_EDGE('',*,*,#1717,.T.);
#1900 = ORIENTED_EDGE('',*,*,#1901,.F.);
#1901 = EDGE_CURVE('',#1363,#1709,#1902,.T.);
#1902 = LINE('',#1903,#1904);
#1903 = CARTESIAN_POINT('',(25.399999,17.,0.));
#1904 = VECTOR('',#1905,1.);
#1905 = DIRECTION('',(0.,0.,1.));
#1906 = ORIENTED_EDGE('',*,*,#1371,.F.);
#1907 = PLANE('',#1908);
#1908 = AXIS2_PLACEMENT_3D('',#1909,#1910,#1911);
#1909 = CARTESIAN_POINT('',(25.399999,14.25,0.));
#1910 = DIRECTION('',(-1.,0.,0.));
#1911 = DIRECTION('',(0.,1.,0.));
#1912 = ADVANCED_FACE('',(#1913),#1924,.F.);
#1913 = FACE_BOUND('',#1914,.T.);
#1914 = EDGE_LOOP('',(#1915,#1921,#1922,#1923));
#1915 = ORIENTED_EDGE('',*,*,#1916,.T.);
#1916 = EDGE_CURVE('',#1125,#1471,#1917,.T.);
#1917 = LINE('',#1918,#1919);
#1918 = CARTESIAN_POINT('',(5.,13.25,0.));
#1919 = VECTOR('',#1920,1.);
#1920 = DIRECTION('',(0.,0.,1.));
#1921 = ORIENTED_EDGE('',*,*,#1470,.T.);
#1922 = ORIENTED_EDGE('',*,*,#1882,.F.);
#1923 = ORIENTED_EDGE('',*,*,#1124,.F.);
#1924 = CYLINDRICAL_SURFACE('',#1925,0.999999252925);
#1925 = AXIS2_PLACEMENT_3D('',#1926,#1927,#1928);
#1926 = CARTESIAN_POINT('',(4.000000747075,13.250000747075,0.));
#1927 = DIRECTION('',(-0.,-0.,-1.));
#1928 = DIRECTION('',(1.,-7.470757420593E-07,0.));
#1929 = ADVANCED_FACE('',(#1930),#1941,.T.);
#1930 = FACE_BOUND('',#1931,.T.);
#1931 = EDGE_LOOP('',(#1932,#1933,#1934,#1940));
#1932 = ORIENTED_EDGE('',*,*,#1901,.T.);
#1933 = ORIENTED_EDGE('',*,*,#1708,.T.);
#1934 = ORIENTED_EDGE('',*,*,#1935,.F.);
#1935 = EDGE_CURVE('',#1355,#1701,#1936,.T.);
#1936 = LINE('',#1937,#1938);
#1937 = CARTESIAN_POINT('',(26.399999,18.,0.));
#1938 = VECTOR('',#1939,1.);
#1939 = DIRECTION('',(0.,0.,1.));
#1940 = ORIENTED_EDGE('',*,*,#1362,.F.);
#1941 = CYLINDRICAL_SURFACE('',#1942,0.999999252925);
#1942 = AXIS2_PLACEMENT_3D('',#1943,#1944,#1945);
#1943 = CARTESIAN_POINT('',(26.399998252925,17.000000747075,0.));
#1944 = DIRECTION('',(0.,0.,-1.));
#1945 = DIRECTION('',(-1.,-7.470757420593E-07,-0.));
#1946 = ADVANCED_FACE('',(#1947),#1958,.T.);
#1947 = FACE_BOUND('',#1948,.T.);
#1948 = EDGE_LOOP('',(#1949,#1955,#1956,#1957));
#1949 = ORIENTED_EDGE('',*,*,#1950,.T.);
#1950 = EDGE_CURVE('',#1134,#1480,#1951,.T.);
#1951 = LINE('',#1952,#1953);
#1952 = CARTESIAN_POINT('',(5.,4.75,0.));
#1953 = VECTOR('',#1954,1.);
#1954 = DIRECTION('',(0.,0.,1.));
#1955 = ORIENTED_EDGE('',*,*,#1479,.T.);
#1956 = ORIENTED_EDGE('',*,*,#1916,.F.);
#1957 = ORIENTED_EDGE('',*,*,#1133,.F.);
#1958 = PLANE('',#1959);
#1959 = AXIS2_PLACEMENT_3D('',#1960,#1961,#1962);
#1960 = CARTESIAN_POINT('',(5.,4.75,0.));
#1961 = DIRECTION('',(-1.,0.,0.));
#1962 = DIRECTION('',(0.,1.,0.));
#1963 = ADVANCED_FACE('',(#1964),#1975,.T.);
#1964 = FACE_BOUND('',#1965,.T.);
#1965 = EDGE_LOOP('',(#1966,#1967,#1968,#1974));
#1966 = ORIENTED_EDGE('',*,*,#1935,.T.);
#1967 = ORIENTED_EDGE('',*,*,#1700,.T.);
#1968 = ORIENTED_EDGE('',*,*,#1969,.F.);
#1969 = EDGE_CURVE('',#1346,#1692,#1970,.T.);
#1970 = LINE('',#1971,#1972);
#1971 = CARTESIAN_POINT('',(33.,18.,0.));
#1972 = VECTOR('',#1973,1.);
#1973 = DIRECTION('',(0.,0.,1.));
#1974 = ORIENTED_EDGE('',*,*,#1354,.F.);
#1975 = PLANE('',#1976);
#1976 = AXIS2_PLACEMENT_3D('',#1977,#1978,#1979);
#1977 = CARTESIAN_POINT('',(26.399999,18.,0.));
#1978 = DIRECTION('',(0.,1.,0.));
#1979 = DIRECTION('',(1.,0.,0.));
#1980 = ADVANCED_FACE('',(#1981),#1992,.F.);
#1981 = FACE_BOUND('',#1982,.T.);
#1982 = EDGE_LOOP('',(#1983,#1989,#1990,#1991));
#1983 = ORIENTED_EDGE('',*,*,#1984,.T.);
#1984 = EDGE_CURVE('',#1142,#1488,#1985,.T.);
#1985 = LINE('',#1986,#1987);
#1986 = CARTESIAN_POINT('',(4.,3.75,0.));
#1987 = VECTOR('',#1988,1.);
#1988 = DIRECTION('',(0.,0.,1.));
#1989 = ORIENTED_EDGE('',*,*,#1487,.T.);
#1990 = ORIENTED_EDGE('',*,*,#1950,.F.);
#1991 = ORIENTED_EDGE('',*,*,#1141,.F.);
#1992 = CYLINDRICAL_SURFACE('',#1993,0.999999252925);
#1993 = AXIS2_PLACEMENT_3D('',#1994,#1995,#1996);
#1994 = CARTESIAN_POINT('',(4.000000747075,4.749999252925,0.));
#1995 = DIRECTION('',(-0.,-0.,-1.));
#1996 = DIRECTION('',(-7.470757411712E-07,-1.,0.));
#1997 = ADVANCED_FACE('',(#1998),#2009,.T.);
#1998 = FACE_BOUND('',#1999,.T.);
#1999 = EDGE_LOOP('',(#2000,#2001,#2002,#2008));
#2000 = ORIENTED_EDGE('',*,*,#1969,.T.);
#2001 = ORIENTED_EDGE('',*,*,#1691,.T.);
#2002 = ORIENTED_EDGE('',*,*,#2003,.F.);
#2003 = EDGE_CURVE('',#1338,#1684,#2004,.T.);
#2004 = LINE('',#2005,#2006);
#2005 = CARTESIAN_POINT('',(34.,17.,0.));
#2006 = VECTOR('',#2007,1.);
#2007 = DIRECTION('',(0.,0.,1.));
#2008 = ORIENTED_EDGE('',*,*,#1345,.F.);
#2009 = CYLINDRICAL_SURFACE('',#2010,0.999999252925);
#2010 = AXIS2_PLACEMENT_3D('',#2011,#2012,#2013);
#2011 = CARTESIAN_POINT('',(33.000000747075,17.000000747075,0.));
#2012 = DIRECTION('',(0.,0.,-1.));
#2013 = DIRECTION('',(-7.470757491648E-07,1.,0.));
#2014 = ADVANCED_FACE('',(#2015),#2026,.T.);
#2015 = FACE_BOUND('',#2016,.T.);
#2016 = EDGE_LOOP('',(#2017,#2023,#2024,#2025));
#2017 = ORIENTED_EDGE('',*,*,#2018,.T.);
#2018 = EDGE_CURVE('',#1151,#1497,#2019,.T.);
#2019 = LINE('',#2020,#2021);
#2020 = CARTESIAN_POINT('',(1.,3.75,0.));
#2021 = VECTOR('',#2022,1.);
#2022 = DIRECTION('',(0.,0.,1.));
#2023 = ORIENTED_EDGE('',*,*,#1496,.T.);
#2024 = ORIENTED_EDGE('',*,*,#1984,.F.);
#2025 = ORIENTED_EDGE('',*,*,#1150,.F.);
#2026 = PLANE('',#2027);
#2027 = AXIS2_PLACEMENT_3D('',#2028,#2029,#2030);
#2028 = CARTESIAN_POINT('',(1.,3.75,0.));
#2029 = DIRECTION('',(0.,1.,0.));
#2030 = DIRECTION('',(1.,0.,0.));
#2031 = ADVANCED_FACE('',(#2032),#2043,.T.);
#2032 = FACE_BOUND('',#2033,.T.);
#2033 = EDGE_LOOP('',(#2034,#2035,#2036,#2042));
#2034 = ORIENTED_EDGE('',*,*,#2003,.T.);
#2035 = ORIENTED_EDGE('',*,*,#1683,.T.);
#2036 = ORIENTED_EDGE('',*,*,#2037,.F.);
#2037 = EDGE_CURVE('',#1329,#1675,#2038,.T.);
#2038 = LINE('',#2039,#2040);
#2039 = CARTESIAN_POINT('',(34.,9.5,0.));
#2040 = VECTOR('',#2041,1.);
#2041 = DIRECTION('',(0.,0.,1.));
#2042 = ORIENTED_EDGE('',*,*,#1337,.F.);
#2043 = PLANE('',#2044);
#2044 = AXIS2_PLACEMENT_3D('',#2045,#2046,#2047);
#2045 = CARTESIAN_POINT('',(34.,17.,0.));
#2046 = DIRECTION('',(1.,0.,-0.));
#2047 = DIRECTION('',(0.,-1.,0.));
#2048 = ADVANCED_FACE('',(#2049),#2060,.T.);
#2049 = FACE_BOUND('',#2050,.T.);
#2050 = EDGE_LOOP('',(#2051,#2057,#2058,#2059));
#2051 = ORIENTED_EDGE('',*,*,#2052,.T.);
#2052 = EDGE_CURVE('',#1159,#1505,#2053,.T.);
#2053 = LINE('',#2054,#2055);
#2054 = CARTESIAN_POINT('',(5.551115123126E-17,2.75,0.));
#2055 = VECTOR('',#2056,1.);
#2056 = DIRECTION('',(0.,0.,1.));
#2057 = ORIENTED_EDGE('',*,*,#1504,.T.);
#2058 = ORIENTED_EDGE('',*,*,#2018,.F.);
#2059 = ORIENTED_EDGE('',*,*,#1158,.F.);
#2060 = CYLINDRICAL_SURFACE('',#2061,0.999999252925);
#2061 = AXIS2_PLACEMENT_3D('',#2062,#2063,#2064);
#2062 = CARTESIAN_POINT('',(0.999999252925,2.750000747075,0.));
#2063 = DIRECTION('',(0.,0.,-1.));
#2064 = DIRECTION('',(-1.,-7.470757420593E-07,-0.));
#2065 = ADVANCED_FACE('',(#2066),#2077,.F.);
#2066 = FACE_BOUND('',#2067,.T.);
#2067 = EDGE_LOOP('',(#2068,#2069,#2070,#2076));
#2068 = ORIENTED_EDGE('',*,*,#2037,.T.);
#2069 = ORIENTED_EDGE('',*,*,#1674,.T.);
#2070 = ORIENTED_EDGE('',*,*,#2071,.F.);
#2071 = EDGE_CURVE('',#1321,#1667,#2072,.T.);
#2072 = LINE('',#2073,#2074);
#2073 = CARTESIAN_POINT('',(35.,8.5,0.));
#2074 = VECTOR('',#2075,1.);
#2075 = DIRECTION('',(0.,0.,1.));
#2076 = ORIENTED_EDGE('',*,*,#1328,.F.);
#2077 = CYLINDRICAL_SURFACE('',#2078,0.999999252925);
#2078 = AXIS2_PLACEMENT_3D('',#2079,#2080,#2081);
#2079 = CARTESIAN_POINT('',(34.999999252925,9.499999252925,0.));
#2080 = DIRECTION('',(-0.,-0.,-1.));
#2081 = DIRECTION('',(-1.,7.470757438357E-07,0.));
#2082 = ADVANCED_FACE('',(#2083),#2094,.T.);
#2083 = FACE_BOUND('',#2084,.T.);
#2084 = EDGE_LOOP('',(#2085,#2091,#2092,#2093));
#2085 = ORIENTED_EDGE('',*,*,#2086,.T.);
#2086 = EDGE_CURVE('',#1168,#1514,#2087,.T.);
#2087 = LINE('',#2088,#2089);
#2088 = CARTESIAN_POINT('',(0.,1.,0.));
#2089 = VECTOR('',#2090,1.);
#2090 = DIRECTION('',(0.,0.,1.));
#2091 = ORIENTED_EDGE('',*,*,#1513,.T.);
#2092 = ORIENTED_EDGE('',*,*,#2052,.F.);
#2093 = ORIENTED_EDGE('',*,*,#1167,.F.);
#2094 = PLANE('',#2095);
#2095 = AXIS2_PLACEMENT_3D('',#2096,#2097,#2098);
#2096 = CARTESIAN_POINT('',(0.,1.,0.));
#2097 = DIRECTION('',(-1.,0.,0.));
#2098 = DIRECTION('',(0.,1.,0.));
#2099 = ADVANCED_FACE('',(#2100),#2111,.T.);
#2100 = FACE_BOUND('',#2101,.T.);
#2101 = EDGE_LOOP('',(#2102,#2103,#2104,#2110));
#2102 = ORIENTED_EDGE('',*,*,#2071,.T.);
#2103 = ORIENTED_EDGE('',*,*,#1666,.T.);
#2104 = ORIENTED_EDGE('',*,*,#2105,.F.);
#2105 = EDGE_CURVE('',#1312,#1658,#2106,.T.);
#2106 = LINE('',#2107,#2108);
#2107 = CARTESIAN_POINT('',(36.,8.5,0.));
#2108 = VECTOR('',#2109,1.);
#2109 = DIRECTION('',(0.,0.,1.));
#2110 = ORIENTED_EDGE('',*,*,#1320,.F.);
#2111 = PLANE('',#2112);
#2112 = AXIS2_PLACEMENT_3D('',#2113,#2114,#2115);
#2113 = CARTESIAN_POINT('',(35.,8.5,0.));
#2114 = DIRECTION('',(0.,1.,0.));
#2115 = DIRECTION('',(1.,0.,0.));
#2116 = ADVANCED_FACE('',(#2117),#2128,.T.);
#2117 = FACE_BOUND('',#2118,.T.);
#2118 = EDGE_LOOP('',(#2119,#2125,#2126,#2127));
#2119 = ORIENTED_EDGE('',*,*,#2120,.T.);
#2120 = EDGE_CURVE('',#1176,#1522,#2121,.T.);
#2121 = LINE('',#2122,#2123);
#2122 = CARTESIAN_POINT('',(1.,0.,0.));
#2123 = VECTOR('',#2124,1.);
#2124 = DIRECTION('',(0.,0.,1.));
#2125 = ORIENTED_EDGE('',*,*,#1521,.T.);
#2126 = ORIENTED_EDGE('',*,*,#2086,.F.);
#2127 = ORIENTED_EDGE('',*,*,#1175,.F.);
#2128 = CYLINDRICAL_SURFACE('',#2129,0.999999252925);
#2129 = AXIS2_PLACEMENT_3D('',#2130,#2131,#2132);
#2130 = CARTESIAN_POINT('',(0.999999252925,0.999999252925,0.));
#2131 = DIRECTION('',(0.,0.,-1.));
#2132 = DIRECTION('',(7.470757411712E-07,-1.,0.));
#2133 = ADVANCED_FACE('',(#2134),#2145,.F.);
#2134 = FACE_BOUND('',#2135,.T.);
#2135 = EDGE_LOOP('',(#2136,#2137,#2138,#2144));
#2136 = ORIENTED_EDGE('',*,*,#2105,.T.);
#2137 = ORIENTED_EDGE('',*,*,#1657,.T.);
#2138 = ORIENTED_EDGE('',*,*,#2139,.F.);
#2139 = EDGE_CURVE('',#1304,#1650,#2140,.T.);
#2140 = LINE('',#2141,#2142);
#2141 = CARTESIAN_POINT('',(37.,9.5,0.));
#2142 = VECTOR('',#2143,1.);
#2143 = DIRECTION('',(0.,0.,1.));
#2144 = ORIENTED_EDGE('',*,*,#1311,.F.);
#2145 = CYLINDRICAL_SURFACE('',#2146,0.999999252925);
#2146 = AXIS2_PLACEMENT_3D('',#2147,#2148,#2149);
#2147 = CARTESIAN_POINT('',(36.000000747075,9.499999252925,0.));
#2148 = DIRECTION('',(-0.,-0.,-1.));
#2149 = DIRECTION('',(-7.470757491648E-07,-1.,0.));
#2150 = ADVANCED_FACE('',(#2151),#2162,.T.);
#2151 = FACE_BOUND('',#2152,.T.);
#2152 = EDGE_LOOP('',(#2153,#2159,#2160,#2161));
#2153 = ORIENTED_EDGE('',*,*,#2154,.T.);
#2154 = EDGE_CURVE('',#1185,#1531,#2155,.T.);
#2155 = LINE('',#2156,#2157);
#2156 = CARTESIAN_POINT('',(18.4,-1.110223024625E-16,0.));
#2157 = VECTOR('',#2158,1.);
#2158 = DIRECTION('',(0.,0.,1.));
#2159 = ORIENTED_EDGE('',*,*,#1530,.T.);
#2160 = ORIENTED_EDGE('',*,*,#2120,.F.);
#2161 = ORIENTED_EDGE('',*,*,#1184,.F.);
#2162 = PLANE('',#2163);
#2163 = AXIS2_PLACEMENT_3D('',#2164,#2165,#2166);
#2164 = CARTESIAN_POINT('',(18.4,0.,0.));
#2165 = DIRECTION('',(0.,-1.,0.));
#2166 = DIRECTION('',(-1.,0.,0.));
#2167 = ADVANCED_FACE('',(#2168),#2179,.T.);
#2168 = FACE_BOUND('',#2169,.T.);
#2169 = EDGE_LOOP('',(#2170,#2171,#2172,#2178));
#2170 = ORIENTED_EDGE('',*,*,#2139,.T.);
#2171 = ORIENTED_EDGE('',*,*,#1649,.T.);
#2172 = ORIENTED_EDGE('',*,*,#2173,.F.);
#2173 = EDGE_CURVE('',#1295,#1641,#2174,.T.);
#2174 = LINE('',#2175,#2176);
#2175 = CARTESIAN_POINT('',(37.,17.,0.));
#2176 = VECTOR('',#2177,1.);
#2177 = DIRECTION('',(0.,0.,1.));
#2178 = ORIENTED_EDGE('',*,*,#1303,.F.);
#2179 = PLANE('',#2180);
#2180 = AXIS2_PLACEMENT_3D('',#2181,#2182,#2183);
#2181 = CARTESIAN_POINT('',(37.,9.5,0.));
#2182 = DIRECTION('',(-1.,0.,0.));
#2183 = DIRECTION('',(0.,1.,0.));
#2184 = ADVANCED_FACE('',(#2185),#2196,.T.);
#2185 = FACE_BOUND('',#2186,.T.);
#2186 = EDGE_LOOP('',(#2187,#2193,#2194,#2195));
#2187 = ORIENTED_EDGE('',*,*,#2188,.T.);
#2188 = EDGE_CURVE('',#1193,#1539,#2189,.T.);
#2189 = LINE('',#2190,#2191);
#2190 = CARTESIAN_POINT('',(19.4,1.,0.));
#2191 = VECTOR('',#2192,1.);
#2192 = DIRECTION('',(0.,0.,1.));
#2193 = ORIENTED_EDGE('',*,*,#1538,.T.);
#2194 = ORIENTED_EDGE('',*,*,#2154,.F.);
#2195 = ORIENTED_EDGE('',*,*,#1192,.F.);
#2196 = CYLINDRICAL_SURFACE('',#2197,0.999999252925);
#2197 = AXIS2_PLACEMENT_3D('',#2198,#2199,#2200);
#2198 = CARTESIAN_POINT('',(18.400000747075,0.999999252925,0.));
#2199 = DIRECTION('',(0.,0.,-1.));
#2200 = DIRECTION('',(1.,7.470757425034E-07,0.));
#2201 = ADVANCED_FACE('',(#2202),#2213,.T.);
#2202 = FACE_BOUND('',#2203,.T.);
#2203 = EDGE_LOOP('',(#2204,#2205,#2206,#2212));
#2204 = ORIENTED_EDGE('',*,*,#2173,.T.);
#2205 = ORIENTED_EDGE('',*,*,#1640,.T.);
#2206 = ORIENTED_EDGE('',*,*,#2207,.F.);
#2207 = EDGE_CURVE('',#1287,#1633,#2208,.T.);
#2208 = LINE('',#2209,#2210);
#2209 = CARTESIAN_POINT('',(38.,18.,0.));
#2210 = VECTOR('',#2211,1.);
#2211 = DIRECTION('',(0.,0.,1.));
#2212 = ORIENTED_EDGE('',*,*,#1294,.F.);
#2213 = CYLINDRICAL_SURFACE('',#2214,0.999999252925);
#2214 = AXIS2_PLACEMENT_3D('',#2215,#2216,#2217);
#2215 = CARTESIAN_POINT('',(37.999999252925,17.000000747075,0.));
#2216 = DIRECTION('',(0.,0.,-1.));
#2217 = DIRECTION('',(-1.,-7.470757420593E-07,-0.));
#2218 = ADVANCED_FACE('',(#2219),#2230,.T.);
#2219 = FACE_BOUND('',#2220,.T.);
#2220 = EDGE_LOOP('',(#2221,#2227,#2228,#2229));
#2221 = ORIENTED_EDGE('',*,*,#2222,.T.);
#2222 = EDGE_CURVE('',#1202,#1548,#2223,.T.);
#2223 = LINE('',#2224,#2225);
#2224 = CARTESIAN_POINT('',(19.4,3.75,0.));
#2225 = VECTOR('',#2226,1.);
#2226 = DIRECTION('',(0.,0.,1.));
#2227 = ORIENTED_EDGE('',*,*,#1547,.T.);
#2228 = ORIENTED_EDGE('',*,*,#2188,.F.);
#2229 = ORIENTED_EDGE('',*,*,#1201,.F.);
#2230 = PLANE('',#2231);
#2231 = AXIS2_PLACEMENT_3D('',#2232,#2233,#2234);
#2232 = CARTESIAN_POINT('',(19.4,3.75,0.));
#2233 = DIRECTION('',(1.,0.,-0.));
#2234 = DIRECTION('',(0.,-1.,0.));
#2235 = ADVANCED_FACE('',(#2236),#2247,.T.);
#2236 = FACE_BOUND('',#2237,.T.);
#2237 = EDGE_LOOP('',(#2238,#2239,#2240,#2246));
#2238 = ORIENTED_EDGE('',*,*,#2207,.T.);
#2239 = ORIENTED_EDGE('',*,*,#1632,.T.);
#2240 = ORIENTED_EDGE('',*,*,#2241,.F.);
#2241 = EDGE_CURVE('',#1278,#1624,#2242,.T.);
#2242 = LINE('',#2243,#2244);
#2243 = CARTESIAN_POINT('',(255.,18.,0.));
#2244 = VECTOR('',#2245,1.);
#2245 = DIRECTION('',(0.,0.,1.));
#2246 = ORIENTED_EDGE('',*,*,#1286,.F.);
#2247 = PLANE('',#2248);
#2248 = AXIS2_PLACEMENT_3D('',#2249,#2250,#2251);
#2249 = CARTESIAN_POINT('',(38.,18.,0.));
#2250 = DIRECTION('',(0.,1.,0.));
#2251 = DIRECTION('',(1.,0.,0.));
#2252 = ADVANCED_FACE('',(#2253),#2264,.F.);
#2253 = FACE_BOUND('',#2254,.T.);
#2254 = EDGE_LOOP('',(#2255,#2261,#2262,#2263));
#2255 = ORIENTED_EDGE('',*,*,#2256,.T.);
#2256 = EDGE_CURVE('',#1210,#1556,#2257,.T.);
#2257 = LINE('',#2258,#2259);
#2258 = CARTESIAN_POINT('',(20.4,4.75,0.));
#2259 = VECTOR('',#2260,1.);
#2260 = DIRECTION('',(0.,0.,1.));
#2261 = ORIENTED_EDGE('',*,*,#1555,.T.);
#2262 = ORIENTED_EDGE('',*,*,#2222,.F.);
#2263 = ORIENTED_EDGE('',*,*,#1209,.F.);
#2264 = CYLINDRICAL_SURFACE('',#2265,0.999999252925);
#2265 = AXIS2_PLACEMENT_3D('',#2266,#2267,#2268);
#2266 = CARTESIAN_POINT('',(20.399999252925,3.750000747075,0.));
#2267 = DIRECTION('',(-0.,-0.,-1.));
#2268 = DIRECTION('',(7.470757349539E-07,1.,-0.));
#2269 = ADVANCED_FACE('',(#2270),#2281,.T.);
#2270 = FACE_BOUND('',#2271,.T.);
#2271 = EDGE_LOOP('',(#2272,#2273,#2274,#2280));
#2272 = ORIENTED_EDGE('',*,*,#2241,.T.);
#2273 = ORIENTED_EDGE('',*,*,#1623,.T.);
#2274 = ORIENTED_EDGE('',*,*,#2275,.F.);
#2275 = EDGE_CURVE('',#1270,#1616,#2276,.T.);
#2276 = LINE('',#2277,#2278);
#2277 = CARTESIAN_POINT('',(256.,17.,0.));
#2278 = VECTOR('',#2279,1.);
#2279 = DIRECTION('',(0.,0.,1.));
#2280 = ORIENTED_EDGE('',*,*,#1277,.F.);
#2281 = CYLINDRICAL_SURFACE('',#2282,0.999999252925);
#2282 = AXIS2_PLACEMENT_3D('',#2283,#2284,#2285);
#2283 = CARTESIAN_POINT('',(255.00000074707,17.000000747075,0.));
#2284 = DIRECTION('',(0.,0.,-1.));
#2285 = DIRECTION('',(-7.470757633756E-07,1.,0.));
#2286 = ADVANCED_FACE('',(#2287),#2298,.T.);
#2287 = FACE_BOUND('',#2288,.T.);
#2288 = EDGE_LOOP('',(#2289,#2295,#2296,#2297));
#2289 = ORIENTED_EDGE('',*,*,#2290,.T.);
#2290 = EDGE_CURVE('',#1219,#1565,#2291,.T.);
#2291 = LINE('',#2292,#2293);
#2292 = CARTESIAN_POINT('',(24.4,4.75,0.));
#2293 = VECTOR('',#2294,1.);
#2294 = DIRECTION('',(0.,0.,1.));
#2295 = ORIENTED_EDGE('',*,*,#1564,.T.);
#2296 = ORIENTED_EDGE('',*,*,#2256,.F.);
#2297 = ORIENTED_EDGE('',*,*,#1218,.F.);
#2298 = PLANE('',#2299);
#2299 = AXIS2_PLACEMENT_3D('',#2300,#2301,#2302);
#2300 = CARTESIAN_POINT('',(24.4,4.75,0.));
#2301 = DIRECTION('',(0.,-1.,0.));
#2302 = DIRECTION('',(-1.,0.,0.));
#2303 = ADVANCED_FACE('',(#2304),#2315,.T.);
#2304 = FACE_BOUND('',#2305,.T.);
#2305 = EDGE_LOOP('',(#2306,#2307,#2308,#2314));
#2306 = ORIENTED_EDGE('',*,*,#2275,.T.);
#2307 = ORIENTED_EDGE('',*,*,#1615,.T.);
#2308 = ORIENTED_EDGE('',*,*,#2309,.F.);
#2309 = EDGE_CURVE('',#1261,#1607,#2310,.T.);
#2310 = LINE('',#2311,#2312);
#2311 = CARTESIAN_POINT('',(256.,1.,0.));
#2312 = VECTOR('',#2313,1.);
#2313 = DIRECTION('',(0.,0.,1.));
#2314 = ORIENTED_EDGE('',*,*,#1269,.F.);
#2315 = PLANE('',#2316);
#2316 = AXIS2_PLACEMENT_3D('',#2317,#2318,#2319);
#2317 = CARTESIAN_POINT('',(256.,17.,0.));
#2318 = DIRECTION('',(1.,0.,-0.));
#2319 = DIRECTION('',(0.,-1.,0.));
#2320 = ADVANCED_FACE('',(#2321),#2332,.F.);
#2321 = FACE_BOUND('',#2322,.T.);
#2322 = EDGE_LOOP('',(#2323,#2329,#2330,#2331));
#2323 = ORIENTED_EDGE('',*,*,#2324,.T.);
#2324 = EDGE_CURVE('',#1227,#1573,#2325,.T.);
#2325 = LINE('',#2326,#2327);
#2326 = CARTESIAN_POINT('',(25.4,3.75,0.));
#2327 = VECTOR('',#2328,1.);
#2328 = DIRECTION('',(0.,0.,1.));
#2329 = ORIENTED_EDGE('',*,*,#1572,.T.);
#2330 = ORIENTED_EDGE('',*,*,#2290,.F.);
#2331 = ORIENTED_EDGE('',*,*,#1226,.F.);
#2332 = CYLINDRICAL_SURFACE('',#2333,0.999999252925);
#2333 = AXIS2_PLACEMENT_3D('',#2334,#2335,#2336);
#2334 = CARTESIAN_POINT('',(24.400000747075,3.750000747075,0.));
#2335 = DIRECTION('',(-0.,-0.,-1.));
#2336 = DIRECTION('',(1.,-7.470757425034E-07,0.));
#2337 = ADVANCED_FACE('',(#2338),#2349,.T.);
#2338 = FACE_BOUND('',#2339,.T.);
#2339 = EDGE_LOOP('',(#2340,#2341,#2342,#2348));
#2340 = ORIENTED_EDGE('',*,*,#2309,.T.);
#2341 = ORIENTED_EDGE('',*,*,#1606,.T.);
#2342 = ORIENTED_EDGE('',*,*,#2343,.F.);
#2343 = EDGE_CURVE('',#1253,#1599,#2344,.T.);
#2344 = LINE('',#2345,#2346);
#2345 = CARTESIAN_POINT('',(255.,2.498001805407E-15,0.));
#2346 = VECTOR('',#2347,1.);
#2347 = DIRECTION('',(0.,0.,1.));
#2348 = ORIENTED_EDGE('',*,*,#1260,.F.);
#2349 = CYLINDRICAL_SURFACE('',#2350,0.999999252925);
#2350 = AXIS2_PLACEMENT_3D('',#2351,#2352,#2353);
#2351 = CARTESIAN_POINT('',(255.00000074707,0.999999252925,0.));
#2352 = DIRECTION('',(0.,0.,-1.));
#2353 = DIRECTION('',(1.,7.470757544939E-07,0.));
#2354 = ADVANCED_FACE('',(#2355),#2366,.T.);
#2355 = FACE_BOUND('',#2356,.T.);
#2356 = EDGE_LOOP('',(#2357,#2363,#2364,#2365));
#2357 = ORIENTED_EDGE('',*,*,#2358,.T.);
#2358 = EDGE_CURVE('',#1236,#1582,#2359,.T.);
#2359 = LINE('',#2360,#2361);
#2360 = CARTESIAN_POINT('',(25.4,1.,0.));
#2361 = VECTOR('',#2362,1.);
#2362 = DIRECTION('',(0.,0.,1.));
#2363 = ORIENTED_EDGE('',*,*,#1581,.T.);
#2364 = ORIENTED_EDGE('',*,*,#2324,.F.);
#2365 = ORIENTED_EDGE('',*,*,#1235,.F.);
#2366 = PLANE('',#2367);
#2367 = AXIS2_PLACEMENT_3D('',#2368,#2369,#2370);
#2368 = CARTESIAN_POINT('',(25.4,1.,0.));
#2369 = DIRECTION('',(-1.,0.,0.));
#2370 = DIRECTION('',(0.,1.,0.));
#2371 = ADVANCED_FACE('',(#2372),#2383,.T.);
#2372 = FACE_BOUND('',#2373,.T.);
#2373 = EDGE_LOOP('',(#2374,#2375,#2376,#2382));
#2374 = ORIENTED_EDGE('',*,*,#2343,.T.);
#2375 = ORIENTED_EDGE('',*,*,#1598,.T.);
#2376 = ORIENTED_EDGE('',*,*,#2377,.F.);
#2377 = EDGE_CURVE('',#1244,#1590,#2378,.T.);
#2378 = LINE('',#2379,#2380);
#2379 = CARTESIAN_POINT('',(26.4,-4.996003610813E-16,0.));
#2380 = VECTOR('',#2381,1.);
#2381 = DIRECTION('',(0.,0.,1.));
#2382 = ORIENTED_EDGE('',*,*,#1252,.F.);
#2383 = PLANE('',#2384);
#2384 = AXIS2_PLACEMENT_3D('',#2385,#2386,#2387);
#2385 = CARTESIAN_POINT('',(255.,0.,0.));
#2386 = DIRECTION('',(0.,-1.,0.));
#2387 = DIRECTION('',(-1.,0.,0.));
#2388 = ADVANCED_FACE('',(#2389),#2395,.T.);
#2389 = FACE_BOUND('',#2390,.T.);
#2390 = EDGE_LOOP('',(#2391,#2392,#2393,#2394));
#2391 = ORIENTED_EDGE('',*,*,#2377,.T.);
#2392 = ORIENTED_EDGE('',*,*,#1589,.T.);
#2393 = ORIENTED_EDGE('',*,*,#2358,.F.);
#2394 = ORIENTED_EDGE('',*,*,#1243,.F.);
#2395 = CYLINDRICAL_SURFACE('',#2396,0.999999252925);
#2396 = AXIS2_PLACEMENT_3D('',#2397,#2398,#2399);
#2397 = CARTESIAN_POINT('',(26.399999252925,0.999999252925,0.));
#2398 = DIRECTION('',(0.,0.,-1.));
#2399 = DIRECTION('',(7.470757349539E-07,-1.,0.));
#2400 = ADVANCED_FACE('',(#2401),#2412,.F.);
#2401 = FACE_BOUND('',#2402,.T.);
#2402 = EDGE_LOOP('',(#2403,#2404,#2410,#2411));
#2403 = ORIENTED_EDGE('',*,*,#1406,.T.);
#2404 = ORIENTED_EDGE('',*,*,#2405,.T.);
#2405 = EDGE_CURVE('',#1407,#1753,#2406,.T.);
#2406 = LINE('',#2407,#2408);
#2407 = CARTESIAN_POINT('',(5.612998,1.0498,-4.6E-02));
#2408 = VECTOR('',#2409,1.);
#2409 = DIRECTION('',(0.,0.,1.));
#2410 = ORIENTED_EDGE('',*,*,#1752,.F.);
#2411 = ORIENTED_EDGE('',*,*,#2405,.F.);
#2412 = CYLINDRICAL_SURFACE('',#2413,1.6002);
#2413 = AXIS2_PLACEMENT_3D('',#2414,#2415,#2416);
#2414 = CARTESIAN_POINT('',(5.612998,2.65,-4.6E-02));
#2415 = DIRECTION('',(-0.,-0.,-1.));
#2416 = DIRECTION('',(-0.,-1.,0.));
#2417 = ADVANCED_FACE('',(#2418),#2429,.F.);
#2418 = FACE_BOUND('',#2419,.T.);
#2419 = EDGE_LOOP('',(#2420,#2421,#2427,#2428));
#2420 = ORIENTED_EDGE('',*,*,#1417,.T.);
#2421 = ORIENTED_EDGE('',*,*,#2422,.T.);
#2422 = EDGE_CURVE('',#1418,#1764,#2423,.T.);
#2423 = LINE('',#2424,#2425);
#2424 = CARTESIAN_POINT('',(5.612998,13.7498,-4.6E-02));
#2425 = VECTOR('',#2426,1.);
#2426 = DIRECTION('',(0.,0.,1.));
#2427 = ORIENTED_EDGE('',*,*,#1763,.F.);
#2428 = ORIENTED_EDGE('',*,*,#2422,.F.);
#2429 = CYLINDRICAL_SURFACE('',#2430,1.6002);
#2430 = AXIS2_PLACEMENT_3D('',#2431,#2432,#2433);
#2431 = CARTESIAN_POINT('',(5.612998,15.35,-4.6E-02));
#2432 = DIRECTION('',(-0.,-0.,-1.));
#2433 = DIRECTION('',(-0.,-1.,0.));
#2434 = ( GEOMETRIC_REPRESENTATION_CONTEXT(3) 
GLOBAL_UNCERTAINTY_ASSIGNED_CONTEXT((#2438)) 
GLOBAL_UNIT_ASSIGNED_CONTEXT((#2435,#2436,#2437)) REPRESENTATION_CONTEXT
('Context #1','3D Context with UNIT and UNCERTAINTY') );
#2435 = ( LENGTH_UNIT() NAMED_UNIT(*) SI_UNIT(.MILLI.,.METRE.) );
#2436 = ( NAMED_UNIT(*) PLANE_ANGLE_UNIT() SI_UNIT($,.RADIAN.) );
#2437 = ( NAMED_UNIT(*) SI_UNIT($,.STERADIAN.) SOLID_ANGLE_UNIT() );
#2438 = UNCERTAINTY_MEASURE_WITH_UNIT(LENGTH_MEASURE(1.E-07),#2435,
  'distance_accuracy_value','confusion accuracy');
#2439 = CONTEXT_DEPENDENT_SHAPE_REPRESENTATION(#2440,#2442);
#2440 = ( REPRESENTATION_RELATIONSHIP('','',#977,#10) 
REPRESENTATION_RELATIONSHIP_WITH_TRANSFORMATION(#2441) 
SHAPE_REPRESENTATION_RELATIONSHIP() );
#2441 = ITEM_DEFINED_TRANSFORMATION('','',#11,#27);
#2442 = PRODUCT_DEFINITION_SHAPE('Placement','Placement of an item',
  #2443);
#2443 = NEXT_ASSEMBLY_USAGE_OCCURRENCE('4','=>[0:1:1:5]','',#5,#972,$);
#2444 = PRODUCT_RELATED_PRODUCT_CATEGORY('part',$,(#974));
#2445 = MECHANICAL_DESIGN_GEOMETRIC_PRESENTATION_REPRESENTATION('',(
    #2446),#2434);
#2446 = STYLED_ITEM('color',(#2447),#978);
#2447 = PRESENTATION_STYLE_ASSIGNMENT((#2448));
#2448 = SURFACE_STYLE_USAGE(.BOTH.,#2449);
#2449 = SURFACE_SIDE_STYLE('',(#2450));
#2450 = SURFACE_STYLE_FILL_AREA(#2451);
#2451 = FILL_AREA_STYLE('',(#2452));
#2452 = FILL_AREA_STYLE_COLOUR('',#2453);
#2453 = COLOUR_RGB('',0.313304153717,0.484529207832,0.410020903123);
ENDSEC;
END-ISO-10303-21;
