ISO-10303-21;
HEADER;
FILE_DESCRIPTION(('KiCad electronic assembly'),'2;1');
FILE_NAME('CIS_Montage_Photos.step','2026-09-10T09:49:09',('Pcbnew'),(
    'Kicad'),'Open CASCADE STEP processor 7.9','KiCad to STEP converter'
  ,'Unknown');
FILE_SCHEMA(('AUTOMOTIVE_DESIGN { 1 0 10303 214 1 1 1 1 }'));
ENDSEC;
DATA;
#1 = APPLICATION_PROTOCOL_DEFINITION('international standard',
  'automotive_design',2000,#2);
#2 = APPLICATION_CONTEXT(
  'core data for automotive mechanical design processes');
#3 = SHAPE_DEFINITION_REPRESENTATION(#4,#10);
#4 = PRODUCT_DEFINITION_SHAPE('','',#5);
#5 = PRODUCT_DEFINITION('design','',#6,#9);
#6 = PRODUCT_DEFINITION_FORMATION('','',#7);
#7 = PRODUCT('CIS_Montage_Photos 1','CIS_Montage_Photos 1','',(#8));
#8 = PRODUCT_CONTEXT('',#2,'mechanical');
#9 = PRODUCT_DEFINITION_CONTEXT('part definition',#2,'design');
#10 = SHAPE_REPRESENTATION('',(#11,#15,#19,#23,#27,#31),#35);
#11 = AXIS2_PLACEMENT_3D('',#12,#13,#14);
#12 = CARTESIAN_POINT('',(0.,0.,0.));
#13 = DIRECTION('',(0.,0.,1.));
#14 = DIRECTION('',(1.,0.,-0.));
#15 = AXIS2_PLACEMENT_3D('',#16,#17,#18);
#16 = CARTESIAN_POINT('',(8.826499,9.,0.995));
#17 = DIRECTION('',(-0.,0.,1.));
#18 = DIRECTION('',(1.110223024625E-16,-1.,0.));
#19 = AXIS2_PLACEMENT_3D('',#20,#21,#22);
#20 = CARTESIAN_POINT('',(41.293362,11.32,0.995));
#21 = DIRECTION('',(0.,0.,1.));
#22 = DIRECTION('',(1.,0.,0.));
#23 = AXIS2_PLACEMENT_3D('',#24,#25,#26);
#24 = CARTESIAN_POINT('',(0.,0.,0.995));
#25 = DIRECTION('',(0.,0.,1.));
#26 = DIRECTION('',(1.,0.,0.));
#27 = AXIS2_PLACEMENT_3D('',#28,#29,#30);
#28 = CARTESIAN_POINT('',(25.150637,9.4755,0.995));
#29 = DIRECTION('',(-0.,0.,1.));
#30 = DIRECTION('',(1.110223024625E-16,-1.,0.));
#31 = AXIS2_PLACEMENT_3D('',#32,#33,#34);
#32 = CARTESIAN_POINT('',(0.,0.,0.));
#33 = DIRECTION('',(0.,0.,1.));
#34 = DIRECTION('',(1.,0.,-0.));
#35 = ( GEOMETRIC_REPRESENTATION_CONTEXT(3) 
GLOBAL_UNCERTAINTY_ASSIGNED_CONTEXT((#39)) GLOBAL_UNIT_ASSIGNED_CONTEXT(
(#36,#37,#38)) REPRESENTATION_CONTEXT('Context #1',
  '3D Context with UNIT and UNCERTAINTY') );
#36 = ( LENGTH_UNIT() NAMED_UNIT(*) SI_UNIT(.MILLI.,.METRE.) );
#37 = ( NAMED_UNIT(*) PLANE_ANGLE_UNIT() SI_UNIT($,.RADIAN.) );
#38 = ( NAMED_UNIT(*) SI_UNIT($,.STERADIAN.) SOLID_ANGLE_UNIT() );
#39 = UNCERTAINTY_MEASURE_WITH_UNIT(LENGTH_MEASURE(1.E-07),#36,
  'distance_accuracy_value','confusion accuracy');
#40 = PRODUCT_RELATED_PRODUCT_CATEGORY('part',$,(#7));
#41 = SHAPE_DEFINITION_REPRESENTATION(#42,#48);
#42 = PRODUCT_DEFINITION_SHAPE('','',#43);
#43 = PRODUCT_DEFINITION('design','',#44,#47);
#44 = PRODUCT_DEFINITION_FORMATION('','',#45);
#45 = PRODUCT('J4_envelope','J4_envelope','',(#46));
#46 = PRODUCT_CONTEXT('',#2,'mechanical');
#47 = PRODUCT_DEFINITION_CONTEXT('part definition',#2,'design');
#48 = ADVANCED_BREP_SHAPE_REPRESENTATION('',(#11,#49),#341);
#49 = MANIFOLD_SOLID_BREP('',#50);
#50 = CLOSED_SHELL('',(#51,#125,#156,#180,#204,#221,#252,#276,#300,#317,
    #329));
#51 = ADVANCED_FACE('',(#52,#86),#120,.F.);
#52 = FACE_BOUND('',#53,.F.);
#53 = EDGE_LOOP('',(#54,#64,#72,#80));
#54 = ORIENTED_EDGE('',*,*,#55,.F.);
#55 = EDGE_CURVE('',#56,#58,#60,.T.);
#56 = VERTEX_POINT('',#57);
#57 = CARTESIAN_POINT('',(8.2,-8.8265,0.));
#58 = VERTEX_POINT('',#59);
#59 = CARTESIAN_POINT('',(8.2,-8.8265,13.4));
#60 = LINE('',#61,#62);
#61 = CARTESIAN_POINT('',(8.2,-8.8265,0.));
#62 = VECTOR('',#63,1.);
#63 = DIRECTION('',(0.,0.,1.));
#64 = ORIENTED_EDGE('',*,*,#65,.T.);
#65 = EDGE_CURVE('',#56,#66,#68,.T.);
#66 = VERTEX_POINT('',#67);
#67 = CARTESIAN_POINT('',(-8.2,-8.8265,0.));
#68 = LINE('',#69,#70);
#69 = CARTESIAN_POINT('',(8.2,-8.8265,0.));
#70 = VECTOR('',#71,1.);
#71 = DIRECTION('',(-1.,-2.22044604925E-16,0.));
#72 = ORIENTED_EDGE('',*,*,#73,.T.);
#73 = EDGE_CURVE('',#66,#74,#76,.T.);
#74 = VERTEX_POINT('',#75);
#75 = CARTESIAN_POINT('',(-8.2,-8.8265,13.4));
#76 = LINE('',#77,#78);
#77 = CARTESIAN_POINT('',(-8.2,-8.8265,0.));
#78 = VECTOR('',#79,1.);
#79 = DIRECTION('',(0.,0.,1.));
#80 = ORIENTED_EDGE('',*,*,#81,.F.);
#81 = EDGE_CURVE('',#58,#74,#82,.T.);
#82 = LINE('',#83,#84);
#83 = CARTESIAN_POINT('',(8.2,-8.8265,13.4));
#84 = VECTOR('',#85,1.);
#85 = DIRECTION('',(-1.,-2.22044604925E-16,0.));
#86 = FACE_BOUND('',#87,.F.);
#87 = EDGE_LOOP('',(#88,#98,#106,#114));
#88 = ORIENTED_EDGE('',*,*,#89,.T.);
#89 = EDGE_CURVE('',#90,#92,#94,.T.);
#90 = VERTEX_POINT('',#91);
#91 = CARTESIAN_POINT('',(-6.,-8.8265,1.1));
#92 = VERTEX_POINT('',#93);
#93 = CARTESIAN_POINT('',(6.,-8.8265,1.1));
#94 = LINE('',#95,#96);
#95 = CARTESIAN_POINT('',(7.1,-8.8265,1.1));
#96 = VECTOR('',#97,1.);
#97 = DIRECTION('',(1.,2.22044604925E-16,0.));
#98 = ORIENTED_EDGE('',*,*,#99,.T.);
#99 = EDGE_CURVE('',#92,#100,#102,.T.);
#100 = VERTEX_POINT('',#101);
#101 = CARTESIAN_POINT('',(6.,-8.8265,9.6));
#102 = LINE('',#103,#104);
#103 = CARTESIAN_POINT('',(6.,-8.8265,0.55));
#104 = VECTOR('',#105,1.);
#105 = DIRECTION('',(0.,0.,1.));
#106 = ORIENTED_EDGE('',*,*,#107,.F.);
#107 = EDGE_CURVE('',#108,#100,#110,.T.);
#108 = VERTEX_POINT('',#109);
#109 = CARTESIAN_POINT('',(-6.,-8.8265,9.6));
#110 = LINE('',#111,#112);
#111 = CARTESIAN_POINT('',(7.1,-8.8265,9.6));
#112 = VECTOR('',#113,1.);
#113 = DIRECTION('',(1.,2.22044604925E-16,0.));
#114 = ORIENTED_EDGE('',*,*,#115,.F.);
#115 = EDGE_CURVE('',#90,#108,#116,.T.);
#116 = LINE('',#117,#118);
#117 = CARTESIAN_POINT('',(-6.,-8.8265,0.55));
#118 = VECTOR('',#119,1.);
#119 = DIRECTION('',(0.,0.,1.));
#120 = PLANE('',#121);
#121 = AXIS2_PLACEMENT_3D('',#122,#123,#124);
#122 = CARTESIAN_POINT('',(8.2,-8.8265,0.));
#123 = DIRECTION('',(-2.22044604925E-16,1.,0.));
#124 = DIRECTION('',(0.,0.,1.));
#125 = ADVANCED_FACE('',(#126),#151,.F.);
#126 = FACE_BOUND('',#127,.F.);
#127 = EDGE_LOOP('',(#128,#136,#137,#145));
#128 = ORIENTED_EDGE('',*,*,#129,.F.);
#129 = EDGE_CURVE('',#56,#130,#132,.T.);
#130 = VERTEX_POINT('',#131);
#131 = CARTESIAN_POINT('',(8.2,6.8735,0.));
#132 = LINE('',#133,#134);
#133 = CARTESIAN_POINT('',(8.2,-8.8265,0.));
#134 = VECTOR('',#135,1.);
#135 = DIRECTION('',(-2.22044604925E-16,1.,0.));
#136 = ORIENTED_EDGE('',*,*,#55,.T.);
#137 = ORIENTED_EDGE('',*,*,#138,.T.);
#138 = EDGE_CURVE('',#58,#139,#141,.T.);
#139 = VERTEX_POINT('',#140);
#140 = CARTESIAN_POINT('',(8.2,6.8735,13.4));
#141 = LINE('',#142,#143);
#142 = CARTESIAN_POINT('',(8.2,-8.8265,13.4));
#143 = VECTOR('',#144,1.);
#144 = DIRECTION('',(-2.22044604925E-16,1.,0.));
#145 = ORIENTED_EDGE('',*,*,#146,.F.);
#146 = EDGE_CURVE('',#130,#139,#147,.T.);
#147 = LINE('',#148,#149);
#148 = CARTESIAN_POINT('',(8.2,6.8735,0.));
#149 = VECTOR('',#150,1.);
#150 = DIRECTION('',(0.,0.,1.));
#151 = PLANE('',#152);
#152 = AXIS2_PLACEMENT_3D('',#153,#154,#155);
#153 = CARTESIAN_POINT('',(8.2,-8.8265,0.));
#154 = DIRECTION('',(-1.,-2.22044604925E-16,0.));
#155 = DIRECTION('',(0.,0.,1.));
#156 = ADVANCED_FACE('',(#157),#175,.T.);
#157 = FACE_BOUND('',#158,.T.);
#158 = EDGE_LOOP('',(#159,#160,#161,#169));
#159 = ORIENTED_EDGE('',*,*,#81,.F.);
#160 = ORIENTED_EDGE('',*,*,#138,.T.);
#161 = ORIENTED_EDGE('',*,*,#162,.T.);
#162 = EDGE_CURVE('',#139,#163,#165,.T.);
#163 = VERTEX_POINT('',#164);
#164 = CARTESIAN_POINT('',(-8.2,6.8735,13.4));
#165 = LINE('',#166,#167);
#166 = CARTESIAN_POINT('',(8.2,6.8735,13.4));
#167 = VECTOR('',#168,1.);
#168 = DIRECTION('',(-1.,-2.22044604925E-16,0.));
#169 = ORIENTED_EDGE('',*,*,#170,.F.);
#170 = EDGE_CURVE('',#74,#163,#171,.T.);
#171 = LINE('',#172,#173);
#172 = CARTESIAN_POINT('',(-8.2,-8.8265,13.4));
#173 = VECTOR('',#174,1.);
#174 = DIRECTION('',(-2.22044604925E-16,1.,0.));
#175 = PLANE('',#176);
#176 = AXIS2_PLACEMENT_3D('',#177,#178,#179);
#177 = CARTESIAN_POINT('',(8.2,-8.8265,13.4));
#178 = DIRECTION('',(0.,0.,1.));
#179 = DIRECTION('',(-2.22044604925E-16,1.,0.));
#180 = ADVANCED_FACE('',(#181),#199,.F.);
#181 = FACE_BOUND('',#182,.F.);
#182 = EDGE_LOOP('',(#183,#184,#185,#193));
#183 = ORIENTED_EDGE('',*,*,#65,.F.);
#184 = ORIENTED_EDGE('',*,*,#129,.T.);
#185 = ORIENTED_EDGE('',*,*,#186,.T.);
#186 = EDGE_CURVE('',#130,#187,#189,.T.);
#187 = VERTEX_POINT('',#188);
#188 = CARTESIAN_POINT('',(-8.2,6.8735,0.));
#189 = LINE('',#190,#191);
#190 = CARTESIAN_POINT('',(8.2,6.8735,0.));
#191 = VECTOR('',#192,1.);
#192 = DIRECTION('',(-1.,-2.22044604925E-16,0.));
#193 = ORIENTED_EDGE('',*,*,#194,.F.);
#194 = EDGE_CURVE('',#66,#187,#195,.T.);
#195 = LINE('',#196,#197);
#196 = CARTESIAN_POINT('',(-8.2,-8.8265,0.));
#197 = VECTOR('',#198,1.);
#198 = DIRECTION('',(-2.22044604925E-16,1.,0.));
#199 = PLANE('',#200);
#200 = AXIS2_PLACEMENT_3D('',#201,#202,#203);
#201 = CARTESIAN_POINT('',(8.2,-8.8265,0.));
#202 = DIRECTION('',(0.,0.,1.));
#203 = DIRECTION('',(-2.22044604925E-16,1.,0.));
#204 = ADVANCED_FACE('',(#205),#216,.T.);
#205 = FACE_BOUND('',#206,.T.);
#206 = EDGE_LOOP('',(#207,#208,#209,#210));
#207 = ORIENTED_EDGE('',*,*,#194,.F.);
#208 = ORIENTED_EDGE('',*,*,#73,.T.);
#209 = ORIENTED_EDGE('',*,*,#170,.T.);
#210 = ORIENTED_EDGE('',*,*,#211,.F.);
#211 = EDGE_CURVE('',#187,#163,#212,.T.);
#212 = LINE('',#213,#214);
#213 = CARTESIAN_POINT('',(-8.2,6.8735,0.));
#214 = VECTOR('',#215,1.);
#215 = DIRECTION('',(0.,0.,1.));
#216 = PLANE('',#217);
#217 = AXIS2_PLACEMENT_3D('',#218,#219,#220);
#218 = CARTESIAN_POINT('',(-8.2,-8.8265,0.));
#219 = DIRECTION('',(-1.,-2.22044604925E-16,0.));
#220 = DIRECTION('',(0.,0.,1.));
#221 = ADVANCED_FACE('',(#222),#247,.T.);
#222 = FACE_BOUND('',#223,.T.);
#223 = EDGE_LOOP('',(#224,#232,#233,#241));
#224 = ORIENTED_EDGE('',*,*,#225,.F.);
#225 = EDGE_CURVE('',#90,#226,#228,.T.);
#226 = VERTEX_POINT('',#227);
#227 = CARTESIAN_POINT('',(-6.,3.1635,1.1));
#228 = LINE('',#229,#230);
#229 = CARTESIAN_POINT('',(-6.,-8.8365,1.1));
#230 = VECTOR('',#231,1.);
#231 = DIRECTION('',(-2.22044604925E-16,1.,0.));
#232 = ORIENTED_EDGE('',*,*,#89,.T.);
#233 = ORIENTED_EDGE('',*,*,#234,.T.);
#234 = EDGE_CURVE('',#92,#235,#237,.T.);
#235 = VERTEX_POINT('',#236);
#236 = CARTESIAN_POINT('',(6.,3.1635,1.1));
#237 = LINE('',#238,#239);
#238 = CARTESIAN_POINT('',(6.,-8.8365,1.1));
#239 = VECTOR('',#240,1.);
#240 = DIRECTION('',(-2.22044604925E-16,1.,0.));
#241 = ORIENTED_EDGE('',*,*,#242,.T.);
#242 = EDGE_CURVE('',#235,#226,#243,.T.);
#243 = LINE('',#244,#245);
#244 = CARTESIAN_POINT('',(6.,3.1635,1.1));
#245 = VECTOR('',#246,1.);
#246 = DIRECTION('',(-1.,-2.22044604925E-16,0.));
#247 = PLANE('',#248);
#248 = AXIS2_PLACEMENT_3D('',#249,#250,#251);
#249 = CARTESIAN_POINT('',(6.,-8.8365,1.1));
#250 = DIRECTION('',(0.,0.,1.));
#251 = DIRECTION('',(-2.22044604925E-16,1.,0.));
#252 = ADVANCED_FACE('',(#253),#271,.F.);
#253 = FACE_BOUND('',#254,.F.);
#254 = EDGE_LOOP('',(#255,#256,#257,#265));
#255 = ORIENTED_EDGE('',*,*,#225,.F.);
#256 = ORIENTED_EDGE('',*,*,#115,.T.);
#257 = ORIENTED_EDGE('',*,*,#258,.T.);
#258 = EDGE_CURVE('',#108,#259,#261,.T.);
#259 = VERTEX_POINT('',#260);
#260 = CARTESIAN_POINT('',(-6.,3.1635,9.6));
#261 = LINE('',#262,#263);
#262 = CARTESIAN_POINT('',(-6.,-8.8365,9.6));
#263 = VECTOR('',#264,1.);
#264 = DIRECTION('',(-2.22044604925E-16,1.,0.));
#265 = ORIENTED_EDGE('',*,*,#266,.F.);
#266 = EDGE_CURVE('',#226,#259,#267,.T.);
#267 = LINE('',#268,#269);
#268 = CARTESIAN_POINT('',(-6.,3.1635,1.1));
#269 = VECTOR('',#270,1.);
#270 = DIRECTION('',(0.,0.,1.));
#271 = PLANE('',#272);
#272 = AXIS2_PLACEMENT_3D('',#273,#274,#275);
#273 = CARTESIAN_POINT('',(-6.,-8.8365,1.1));
#274 = DIRECTION('',(-1.,-2.22044604925E-16,0.));
#275 = DIRECTION('',(0.,0.,1.));
#276 = ADVANCED_FACE('',(#277),#295,.F.);
#277 = FACE_BOUND('',#278,.F.);
#278 = EDGE_LOOP('',(#279,#280,#281,#289));
#279 = ORIENTED_EDGE('',*,*,#258,.F.);
#280 = ORIENTED_EDGE('',*,*,#107,.T.);
#281 = ORIENTED_EDGE('',*,*,#282,.T.);
#282 = EDGE_CURVE('',#100,#283,#285,.T.);
#283 = VERTEX_POINT('',#284);
#284 = CARTESIAN_POINT('',(6.,3.1635,9.6));
#285 = LINE('',#286,#287);
#286 = CARTESIAN_POINT('',(6.,-8.8365,9.6));
#287 = VECTOR('',#288,1.);
#288 = DIRECTION('',(-2.22044604925E-16,1.,0.));
#289 = ORIENTED_EDGE('',*,*,#290,.T.);
#290 = EDGE_CURVE('',#283,#259,#291,.T.);
#291 = LINE('',#292,#293);
#292 = CARTESIAN_POINT('',(6.,3.1635,9.6));
#293 = VECTOR('',#294,1.);
#294 = DIRECTION('',(-1.,-2.22044604925E-16,0.));
#295 = PLANE('',#296);
#296 = AXIS2_PLACEMENT_3D('',#297,#298,#299);
#297 = CARTESIAN_POINT('',(6.,-8.8365,9.6));
#298 = DIRECTION('',(0.,0.,1.));
#299 = DIRECTION('',(-2.22044604925E-16,1.,0.));
#300 = ADVANCED_FACE('',(#301),#312,.T.);
#301 = FACE_BOUND('',#302,.T.);
#302 = EDGE_LOOP('',(#303,#304,#305,#306));
#303 = ORIENTED_EDGE('',*,*,#234,.F.);
#304 = ORIENTED_EDGE('',*,*,#99,.T.);
#305 = ORIENTED_EDGE('',*,*,#282,.T.);
#306 = ORIENTED_EDGE('',*,*,#307,.F.);
#307 = EDGE_CURVE('',#235,#283,#308,.T.);
#308 = LINE('',#309,#310);
#309 = CARTESIAN_POINT('',(6.,3.1635,1.1));
#310 = VECTOR('',#311,1.);
#311 = DIRECTION('',(0.,0.,1.));
#312 = PLANE('',#313);
#313 = AXIS2_PLACEMENT_3D('',#314,#315,#316);
#314 = CARTESIAN_POINT('',(6.,-8.8365,1.1));
#315 = DIRECTION('',(-1.,-2.22044604925E-16,0.));
#316 = DIRECTION('',(0.,0.,1.));
#317 = ADVANCED_FACE('',(#318),#324,.T.);
#318 = FACE_BOUND('',#319,.T.);
#319 = EDGE_LOOP('',(#320,#321,#322,#323));
#320 = ORIENTED_EDGE('',*,*,#146,.F.);
#321 = ORIENTED_EDGE('',*,*,#186,.T.);
#322 = ORIENTED_EDGE('',*,*,#211,.T.);
#323 = ORIENTED_EDGE('',*,*,#162,.F.);
#324 = PLANE('',#325);
#325 = AXIS2_PLACEMENT_3D('',#326,#327,#328);
#326 = CARTESIAN_POINT('',(8.2,6.8735,0.));
#327 = DIRECTION('',(-2.22044604925E-16,1.,0.));
#328 = DIRECTION('',(0.,0.,1.));
#329 = ADVANCED_FACE('',(#330),#336,.F.);
#330 = FACE_BOUND('',#331,.F.);
#331 = EDGE_LOOP('',(#332,#333,#334,#335));
#332 = ORIENTED_EDGE('',*,*,#307,.F.);
#333 = ORIENTED_EDGE('',*,*,#242,.T.);
#334 = ORIENTED_EDGE('',*,*,#266,.T.);
#335 = ORIENTED_EDGE('',*,*,#290,.F.);
#336 = PLANE('',#337);
#337 = AXIS2_PLACEMENT_3D('',#338,#339,#340);
#338 = CARTESIAN_POINT('',(6.,3.1635,1.1));
#339 = DIRECTION('',(-2.22044604925E-16,1.,0.));
#340 = DIRECTION('',(0.,0.,1.));
#341 = ( GEOMETRIC_REPRESENTATION_CONTEXT(3) 
GLOBAL_UNCERTAINTY_ASSIGNED_CONTEXT((#345)) GLOBAL_UNIT_ASSIGNED_CONTEXT
((#342,#343,#344)) REPRESENTATION_CONTEXT('Context #1',
  '3D Context with UNIT and UNCERTAINTY') );
#342 = ( LENGTH_UNIT() NAMED_UNIT(*) SI_UNIT(.MILLI.,.METRE.) );
#343 = ( NAMED_UNIT(*) PLANE_ANGLE_UNIT() SI_UNIT($,.RADIAN.) );
#344 = ( NAMED_UNIT(*) SI_UNIT($,.STERADIAN.) SOLID_ANGLE_UNIT() );
#345 = UNCERTAINTY_MEASURE_WITH_UNIT(LENGTH_MEASURE(1.E-07),#342,
  'distance_accuracy_value','confusion accuracy');
#346 = CONTEXT_DEPENDENT_SHAPE_REPRESENTATION(#347,#349);
#347 = ( REPRESENTATION_RELATIONSHIP('','',#48,#10) 
REPRESENTATION_RELATIONSHIP_WITH_TRANSFORMATION(#348) 
SHAPE_REPRESENTATION_RELATIONSHIP() );
#348 = ITEM_DEFINED_TRANSFORMATION('','',#11,#15);
#349 = PRODUCT_DEFINITION_SHAPE('Placement','Placement of an item',#350
  );
#350 = NEXT_ASSEMBLY_USAGE_OCCURRENCE('1','J4','',#5,#43,$);
#351 = PRODUCT_RELATED_PRODUCT_CATEGORY('part',$,(#45));
#352 = SHAPE_DEFINITION_REPRESENTATION(#353,#359);
#353 = PRODUCT_DEFINITION_SHAPE('','',#354);
#354 = PRODUCT_DEFINITION('design','',#355,#358);
#355 = PRODUCT_DEFINITION_FORMATION('','',#356);
#356 = PRODUCT('J1_envelope','J1_envelope','',(#357));
#357 = PRODUCT_CONTEXT('',#2,'mechanical');
#358 = PRODUCT_DEFINITION_CONTEXT('part definition',#2,'design');
#359 = ADVANCED_BREP_SHAPE_REPRESENTATION('',(#11,#360),#652);
#360 = MANIFOLD_SOLID_BREP('',#361);
#361 = CLOSED_SHELL('',(#362,#402,#433,#491,#515,#532,#544,#575,#599,
    #623,#640));
#362 = ADVANCED_FACE('',(#363),#397,.F.);
#363 = FACE_BOUND('',#364,.F.);
#364 = EDGE_LOOP('',(#365,#375,#383,#391));
#365 = ORIENTED_EDGE('',*,*,#366,.F.);
#366 = EDGE_CURVE('',#367,#369,#371,.T.);
#367 = VERTEX_POINT('',#368);
#368 = CARTESIAN_POINT('',(-4.275,-0.85,0.));
#369 = VERTEX_POINT('',#370);
#370 = CARTESIAN_POINT('',(-4.275,-0.85,0.48));
#371 = LINE('',#372,#373);
#372 = CARTESIAN_POINT('',(-4.275,-0.85,0.));
#373 = VECTOR('',#374,1.);
#374 = DIRECTION('',(0.,0.,1.));
#375 = ORIENTED_EDGE('',*,*,#376,.T.);
#376 = EDGE_CURVE('',#367,#377,#379,.T.);
#377 = VERTEX_POINT('',#378);
#378 = CARTESIAN_POINT('',(-4.275,0.85,0.));
#379 = LINE('',#380,#381);
#380 = CARTESIAN_POINT('',(-4.275,-0.85,0.));
#381 = VECTOR('',#382,1.);
#382 = DIRECTION('',(0.,1.,0.));
#383 = ORIENTED_EDGE('',*,*,#384,.T.);
#384 = EDGE_CURVE('',#377,#385,#387,.T.);
#385 = VERTEX_POINT('',#386);
#386 = CARTESIAN_POINT('',(-4.275,0.85,0.48));
#387 = LINE('',#388,#389);
#388 = CARTESIAN_POINT('',(-4.275,0.85,0.));
#389 = VECTOR('',#390,1.);
#390 = DIRECTION('',(0.,0.,1.));
#391 = ORIENTED_EDGE('',*,*,#392,.F.);
#392 = EDGE_CURVE('',#369,#385,#393,.T.);
#393 = LINE('',#394,#395);
#394 = CARTESIAN_POINT('',(-4.275,-0.85,0.48));
#395 = VECTOR('',#396,1.);
#396 = DIRECTION('',(0.,1.,0.));
#397 = PLANE('',#398);
#398 = AXIS2_PLACEMENT_3D('',#399,#400,#401);
#399 = CARTESIAN_POINT('',(-4.275,-0.85,0.));
#400 = DIRECTION('',(1.,0.,0.));
#401 = DIRECTION('',(0.,0.,1.));
#402 = ADVANCED_FACE('',(#403),#428,.F.);
#403 = FACE_BOUND('',#404,.F.);
#404 = EDGE_LOOP('',(#405,#413,#414,#422));
#405 = ORIENTED_EDGE('',*,*,#406,.F.);
#406 = EDGE_CURVE('',#367,#407,#409,.T.);
#407 = VERTEX_POINT('',#408);
#408 = CARTESIAN_POINT('',(4.275,-0.85,0.));
#409 = LINE('',#410,#411);
#410 = CARTESIAN_POINT('',(-4.275,-0.85,0.));
#411 = VECTOR('',#412,1.);
#412 = DIRECTION('',(1.,0.,0.));
#413 = ORIENTED_EDGE('',*,*,#366,.T.);
#414 = ORIENTED_EDGE('',*,*,#415,.T.);
#415 = EDGE_CURVE('',#369,#416,#418,.T.);
#416 = VERTEX_POINT('',#417);
#417 = CARTESIAN_POINT('',(4.275,-0.85,0.48));
#418 = LINE('',#419,#420);
#419 = CARTESIAN_POINT('',(-4.275,-0.85,0.48));
#420 = VECTOR('',#421,1.);
#421 = DIRECTION('',(1.,0.,0.));
#422 = ORIENTED_EDGE('',*,*,#423,.F.);
#423 = EDGE_CURVE('',#407,#416,#424,.T.);
#424 = LINE('',#425,#426);
#425 = CARTESIAN_POINT('',(4.275,-0.85,0.));
#426 = VECTOR('',#427,1.);
#427 = DIRECTION('',(0.,0.,1.));
#428 = PLANE('',#429);
#429 = AXIS2_PLACEMENT_3D('',#430,#431,#432);
#430 = CARTESIAN_POINT('',(-4.275,-0.85,0.));
#431 = DIRECTION('',(0.,1.,0.));
#432 = DIRECTION('',(0.,-0.,1.));
#433 = ADVANCED_FACE('',(#434,#452),#486,.T.);
#434 = FACE_BOUND('',#435,.T.);
#435 = EDGE_LOOP('',(#436,#437,#438,#446));
#436 = ORIENTED_EDGE('',*,*,#392,.F.);
#437 = ORIENTED_EDGE('',*,*,#415,.T.);
#438 = ORIENTED_EDGE('',*,*,#439,.T.);
#439 = EDGE_CURVE('',#416,#440,#442,.T.);
#440 = VERTEX_POINT('',#441);
#441 = CARTESIAN_POINT('',(4.275,0.85,0.48));
#442 = LINE('',#443,#444);
#443 = CARTESIAN_POINT('',(4.275,-0.85,0.48));
#444 = VECTOR('',#445,1.);
#445 = DIRECTION('',(0.,1.,0.));
#446 = ORIENTED_EDGE('',*,*,#447,.F.);
#447 = EDGE_CURVE('',#385,#440,#448,.T.);
#448 = LINE('',#449,#450);
#449 = CARTESIAN_POINT('',(-4.275,0.85,0.48));
#450 = VECTOR('',#451,1.);
#451 = DIRECTION('',(1.,0.,0.));
#452 = FACE_BOUND('',#453,.T.);
#453 = EDGE_LOOP('',(#454,#464,#472,#480));
#454 = ORIENTED_EDGE('',*,*,#455,.T.);
#455 = EDGE_CURVE('',#456,#458,#460,.T.);
#456 = VERTEX_POINT('',#457);
#457 = CARTESIAN_POINT('',(4.055,-0.63,0.48));
#458 = VERTEX_POINT('',#459);
#459 = CARTESIAN_POINT('',(-4.055,-0.63,0.48));
#460 = LINE('',#461,#462);
#461 = CARTESIAN_POINT('',(-4.165,-0.63,0.48));
#462 = VECTOR('',#463,1.);
#463 = DIRECTION('',(-1.,0.,0.));
#464 = ORIENTED_EDGE('',*,*,#465,.T.);
#465 = EDGE_CURVE('',#458,#466,#468,.T.);
#466 = VERTEX_POINT('',#467);
#467 = CARTESIAN_POINT('',(-4.055,0.63,0.48));
#468 = LINE('',#469,#470);
#469 = CARTESIAN_POINT('',(-4.055,-0.74,0.48));
#470 = VECTOR('',#471,1.);
#471 = DIRECTION('',(0.,1.,0.));
#472 = ORIENTED_EDGE('',*,*,#473,.F.);
#473 = EDGE_CURVE('',#474,#466,#476,.T.);
#474 = VERTEX_POINT('',#475);
#475 = CARTESIAN_POINT('',(4.055,0.63,0.48));
#476 = LINE('',#477,#478);
#477 = CARTESIAN_POINT('',(-4.165,0.63,0.48));
#478 = VECTOR('',#479,1.);
#479 = DIRECTION('',(-1.,0.,0.));
#480 = ORIENTED_EDGE('',*,*,#481,.F.);
#481 = EDGE_CURVE('',#456,#474,#482,.T.);
#482 = LINE('',#483,#484);
#483 = CARTESIAN_POINT('',(4.055,-0.74,0.48));
#484 = VECTOR('',#485,1.);
#485 = DIRECTION('',(0.,1.,0.));
#486 = PLANE('',#487);
#487 = AXIS2_PLACEMENT_3D('',#488,#489,#490);
#488 = CARTESIAN_POINT('',(-4.275,-0.85,0.48));
#489 = DIRECTION('',(0.,0.,1.));
#490 = DIRECTION('',(1.,0.,-0.));
#491 = ADVANCED_FACE('',(#492),#510,.T.);
#492 = FACE_BOUND('',#493,.T.);
#493 = EDGE_LOOP('',(#494,#502,#503,#504));
#494 = ORIENTED_EDGE('',*,*,#495,.F.);
#495 = EDGE_CURVE('',#377,#496,#498,.T.);
#496 = VERTEX_POINT('',#497);
#497 = CARTESIAN_POINT('',(4.275,0.85,0.));
#498 = LINE('',#499,#500);
#499 = CARTESIAN_POINT('',(-4.275,0.85,0.));
#500 = VECTOR('',#501,1.);
#501 = DIRECTION('',(1.,0.,0.));
#502 = ORIENTED_EDGE('',*,*,#384,.T.);
#503 = ORIENTED_EDGE('',*,*,#447,.T.);
#504 = ORIENTED_EDGE('',*,*,#505,.F.);
#505 = EDGE_CURVE('',#496,#440,#506,.T.);
#506 = LINE('',#507,#508);
#507 = CARTESIAN_POINT('',(4.275,0.85,0.));
#508 = VECTOR('',#509,1.);
#509 = DIRECTION('',(0.,0.,1.));
#510 = PLANE('',#511);
#511 = AXIS2_PLACEMENT_3D('',#512,#513,#514);
#512 = CARTESIAN_POINT('',(-4.275,0.85,0.));
#513 = DIRECTION('',(0.,1.,0.));
#514 = DIRECTION('',(0.,-0.,1.));
#515 = ADVANCED_FACE('',(#516),#527,.F.);
#516 = FACE_BOUND('',#517,.F.);
#517 = EDGE_LOOP('',(#518,#519,#520,#526));
#518 = ORIENTED_EDGE('',*,*,#376,.F.);
#519 = ORIENTED_EDGE('',*,*,#406,.T.);
#520 = ORIENTED_EDGE('',*,*,#521,.T.);
#521 = EDGE_CURVE('',#407,#496,#522,.T.);
#522 = LINE('',#523,#524);
#523 = CARTESIAN_POINT('',(4.275,-0.85,0.));
#524 = VECTOR('',#525,1.);
#525 = DIRECTION('',(0.,1.,0.));
#526 = ORIENTED_EDGE('',*,*,#495,.F.);
#527 = PLANE('',#528);
#528 = AXIS2_PLACEMENT_3D('',#529,#530,#531);
#529 = CARTESIAN_POINT('',(-4.275,-0.85,0.));
#530 = DIRECTION('',(0.,0.,1.));
#531 = DIRECTION('',(1.,0.,-0.));
#532 = ADVANCED_FACE('',(#533),#539,.T.);
#533 = FACE_BOUND('',#534,.T.);
#534 = EDGE_LOOP('',(#535,#536,#537,#538));
#535 = ORIENTED_EDGE('',*,*,#423,.F.);
#536 = ORIENTED_EDGE('',*,*,#521,.T.);
#537 = ORIENTED_EDGE('',*,*,#505,.T.);
#538 = ORIENTED_EDGE('',*,*,#439,.F.);
#539 = PLANE('',#540);
#540 = AXIS2_PLACEMENT_3D('',#541,#542,#543);
#541 = CARTESIAN_POINT('',(4.275,-0.85,0.));
#542 = DIRECTION('',(1.,0.,0.));
#543 = DIRECTION('',(0.,0.,1.));
#544 = ADVANCED_FACE('',(#545),#570,.T.);
#545 = FACE_BOUND('',#546,.T.);
#546 = EDGE_LOOP('',(#547,#555,#563,#569));
#547 = ORIENTED_EDGE('',*,*,#548,.F.);
#548 = EDGE_CURVE('',#549,#456,#551,.T.);
#549 = VERTEX_POINT('',#550);
#550 = CARTESIAN_POINT('',(4.055,-0.63,0.16));
#551 = LINE('',#552,#553);
#552 = CARTESIAN_POINT('',(4.055,-0.63,0.16));
#553 = VECTOR('',#554,1.);
#554 = DIRECTION('',(0.,0.,1.));
#555 = ORIENTED_EDGE('',*,*,#556,.F.);
#556 = EDGE_CURVE('',#557,#549,#559,.T.);
#557 = VERTEX_POINT('',#558);
#558 = CARTESIAN_POINT('',(-4.055,-0.63,0.16));
#559 = LINE('',#560,#561);
#560 = CARTESIAN_POINT('',(-4.055,-0.63,0.16));
#561 = VECTOR('',#562,1.);
#562 = DIRECTION('',(1.,0.,0.));
#563 = ORIENTED_EDGE('',*,*,#564,.T.);
#564 = EDGE_CURVE('',#557,#458,#565,.T.);
#565 = LINE('',#566,#567);
#566 = CARTESIAN_POINT('',(-4.055,-0.63,0.16));
#567 = VECTOR('',#568,1.);
#568 = DIRECTION('',(0.,0.,1.));
#569 = ORIENTED_EDGE('',*,*,#455,.F.);
#570 = PLANE('',#571);
#571 = AXIS2_PLACEMENT_3D('',#572,#573,#574);
#572 = CARTESIAN_POINT('',(-4.055,-0.63,0.16));
#573 = DIRECTION('',(0.,1.,0.));
#574 = DIRECTION('',(0.,-0.,1.));
#575 = ADVANCED_FACE('',(#576),#594,.F.);
#576 = FACE_BOUND('',#577,.F.);
#577 = EDGE_LOOP('',(#578,#579,#587,#593));
#578 = ORIENTED_EDGE('',*,*,#548,.F.);
#579 = ORIENTED_EDGE('',*,*,#580,.T.);
#580 = EDGE_CURVE('',#549,#581,#583,.T.);
#581 = VERTEX_POINT('',#582);
#582 = CARTESIAN_POINT('',(4.055,0.63,0.16));
#583 = LINE('',#584,#585);
#584 = CARTESIAN_POINT('',(4.055,-0.63,0.16));
#585 = VECTOR('',#586,1.);
#586 = DIRECTION('',(0.,1.,0.));
#587 = ORIENTED_EDGE('',*,*,#588,.T.);
#588 = EDGE_CURVE('',#581,#474,#589,.T.);
#589 = LINE('',#590,#591);
#590 = CARTESIAN_POINT('',(4.055,0.63,0.16));
#591 = VECTOR('',#592,1.);
#592 = DIRECTION('',(0.,0.,1.));
#593 = ORIENTED_EDGE('',*,*,#481,.F.);
#594 = PLANE('',#595);
#595 = AXIS2_PLACEMENT_3D('',#596,#597,#598);
#596 = CARTESIAN_POINT('',(4.055,-0.63,0.16));
#597 = DIRECTION('',(1.,0.,0.));
#598 = DIRECTION('',(0.,0.,1.));
#599 = ADVANCED_FACE('',(#600),#618,.F.);
#600 = FACE_BOUND('',#601,.F.);
#601 = EDGE_LOOP('',(#602,#603,#611,#617));
#602 = ORIENTED_EDGE('',*,*,#588,.F.);
#603 = ORIENTED_EDGE('',*,*,#604,.F.);
#604 = EDGE_CURVE('',#605,#581,#607,.T.);
#605 = VERTEX_POINT('',#606);
#606 = CARTESIAN_POINT('',(-4.055,0.63,0.16));
#607 = LINE('',#608,#609);
#608 = CARTESIAN_POINT('',(-4.055,0.63,0.16));
#609 = VECTOR('',#610,1.);
#610 = DIRECTION('',(1.,0.,0.));
#611 = ORIENTED_EDGE('',*,*,#612,.T.);
#612 = EDGE_CURVE('',#605,#466,#613,.T.);
#613 = LINE('',#614,#615);
#614 = CARTESIAN_POINT('',(-4.055,0.63,0.16));
#615 = VECTOR('',#616,1.);
#616 = DIRECTION('',(0.,0.,1.));
#617 = ORIENTED_EDGE('',*,*,#473,.F.);
#618 = PLANE('',#619);
#619 = AXIS2_PLACEMENT_3D('',#620,#621,#622);
#620 = CARTESIAN_POINT('',(-4.055,0.63,0.16));
#621 = DIRECTION('',(0.,1.,0.));
#622 = DIRECTION('',(0.,-0.,1.));
#623 = ADVANCED_FACE('',(#624),#635,.T.);
#624 = FACE_BOUND('',#625,.T.);
#625 = EDGE_LOOP('',(#626,#627,#633,#634));
#626 = ORIENTED_EDGE('',*,*,#564,.F.);
#627 = ORIENTED_EDGE('',*,*,#628,.T.);
#628 = EDGE_CURVE('',#557,#605,#629,.T.);
#629 = LINE('',#630,#631);
#630 = CARTESIAN_POINT('',(-4.055,-0.63,0.16));
#631 = VECTOR('',#632,1.);
#632 = DIRECTION('',(0.,1.,0.));
#633 = ORIENTED_EDGE('',*,*,#612,.T.);
#634 = ORIENTED_EDGE('',*,*,#465,.F.);
#635 = PLANE('',#636);
#636 = AXIS2_PLACEMENT_3D('',#637,#638,#639);
#637 = CARTESIAN_POINT('',(-4.055,-0.63,0.16));
#638 = DIRECTION('',(1.,0.,0.));
#639 = DIRECTION('',(0.,0.,1.));
#640 = ADVANCED_FACE('',(#641),#647,.T.);
#641 = FACE_BOUND('',#642,.T.);
#642 = EDGE_LOOP('',(#643,#644,#645,#646));
#643 = ORIENTED_EDGE('',*,*,#628,.F.);
#644 = ORIENTED_EDGE('',*,*,#556,.T.);
#645 = ORIENTED_EDGE('',*,*,#580,.T.);
#646 = ORIENTED_EDGE('',*,*,#604,.F.);
#647 = PLANE('',#648);
#648 = AXIS2_PLACEMENT_3D('',#649,#650,#651);
#649 = CARTESIAN_POINT('',(-4.055,-0.63,0.16));
#650 = DIRECTION('',(0.,0.,1.));
#651 = DIRECTION('',(1.,0.,-0.));
#652 = ( GEOMETRIC_REPRESENTATION_CONTEXT(3) 
GLOBAL_UNCERTAINTY_ASSIGNED_CONTEXT((#656)) GLOBAL_UNIT_ASSIGNED_CONTEXT
((#653,#654,#655)) REPRESENTATION_CONTEXT('Context #1',
  '3D Context with UNIT and UNCERTAINTY') );
#653 = ( LENGTH_UNIT() NAMED_UNIT(*) SI_UNIT(.MILLI.,.METRE.) );
#654 = ( NAMED_UNIT(*) PLANE_ANGLE_UNIT() SI_UNIT($,.RADIAN.) );
#655 = ( NAMED_UNIT(*) SI_UNIT($,.STERADIAN.) SOLID_ANGLE_UNIT() );
#656 = UNCERTAINTY_MEASURE_WITH_UNIT(LENGTH_MEASURE(1.E-07),#653,
  'distance_accuracy_value','confusion accuracy');
#657 = CONTEXT_DEPENDENT_SHAPE_REPRESENTATION(#658,#660);
#658 = ( REPRESENTATION_RELATIONSHIP('','',#359,#10) 
REPRESENTATION_RELATIONSHIP_WITH_TRANSFORMATION(#659) 
SHAPE_REPRESENTATION_RELATIONSHIP() );
#659 = ITEM_DEFINED_TRANSFORMATION('','',#11,#19);
#660 = PRODUCT_DEFINITION_SHAPE('Placement','Placement of an item',#661
  );
#661 = NEXT_ASSEMBLY_USAGE_OCCURRENCE('2','J1','',#5,#354,$);
#662 = PRODUCT_RELATED_PRODUCT_CATEGORY('part',$,(#356));
#663 = SHAPE_DEFINITION_REPRESENTATION(#664,#670);
#664 = PRODUCT_DEFINITION_SHAPE('','',#665);
#665 = PRODUCT_DEFINITION('design','',#666,#669);
#666 = PRODUCT_DEFINITION_FORMATION('','',#667);
#667 = PRODUCT('TouchBar_folded','TouchBar_folded','',(#668));
#668 = PRODUCT_CONTEXT('',#2,'mechanical');
#669 = PRODUCT_DEFINITION_CONTEXT('part definition',#2,'design');
#670 = SHAPE_REPRESENTATION('',(#11,#671,#961,#2408,#2822,#2972,#5709,
    #6024,#6174,#6216,#6258),#6300);
#671 = MANIFOLD_SOLID_BREP('',#672);
#672 = CLOSED_SHELL('',(#673,#713,#746,#777,#810,#841,#874,#905,#929,
    #945));
#673 = ADVANCED_FACE('',(#674),#708,.F.);
#674 = FACE_BOUND('',#675,.F.);
#675 = EDGE_LOOP('',(#676,#686,#694,#702));
#676 = ORIENTED_EDGE('',*,*,#677,.T.);
#677 = EDGE_CURVE('',#678,#680,#682,.T.);
#678 = VERTEX_POINT('',#679);
#679 = CARTESIAN_POINT('',(1.5,3.57,-6.));
#680 = VERTEX_POINT('',#681);
#681 = CARTESIAN_POINT('',(1.5,3.57,-4.5));
#682 = LINE('',#683,#684);
#683 = CARTESIAN_POINT('',(1.5,3.57,-6.));
#684 = VECTOR('',#685,1.);
#685 = DIRECTION('',(0.,0.,1.));
#686 = ORIENTED_EDGE('',*,*,#687,.T.);
#687 = EDGE_CURVE('',#680,#688,#690,.T.);
#688 = VERTEX_POINT('',#689);
#689 = CARTESIAN_POINT('',(261.2,3.57,-4.5));
#690 = LINE('',#691,#692);
#691 = CARTESIAN_POINT('',(1.5,3.57,-4.5));
#692 = VECTOR('',#693,1.);
#693 = DIRECTION('',(1.,0.,0.));
#694 = ORIENTED_EDGE('',*,*,#695,.F.);
#695 = EDGE_CURVE('',#696,#688,#698,.T.);
#696 = VERTEX_POINT('',#697);
#697 = CARTESIAN_POINT('',(261.2,3.57,-6.));
#698 = LINE('',#699,#700);
#699 = CARTESIAN_POINT('',(261.2,3.57,-6.));
#700 = VECTOR('',#701,1.);
#701 = DIRECTION('',(0.,0.,1.));
#702 = ORIENTED_EDGE('',*,*,#703,.F.);
#703 = EDGE_CURVE('',#678,#696,#704,.T.);
#704 = LINE('',#705,#706);
#705 = CARTESIAN_POINT('',(1.5,3.57,-6.));
#706 = VECTOR('',#707,1.);
#707 = DIRECTION('',(1.,0.,0.));
#708 = PLANE('',#709);
#709 = AXIS2_PLACEMENT_3D('',#710,#711,#712);
#710 = CARTESIAN_POINT('',(1.5,3.57,-6.));
#711 = DIRECTION('',(0.,1.,0.));
#712 = DIRECTION('',(1.,0.,0.));
#713 = ADVANCED_FACE('',(#714),#741,.T.);
#714 = FACE_BOUND('',#715,.T.);
#715 = EDGE_LOOP('',(#716,#725,#733,#740));
#716 = ORIENTED_EDGE('',*,*,#717,.T.);
#717 = EDGE_CURVE('',#696,#718,#720,.T.);
#718 = VERTEX_POINT('',#719);
#719 = CARTESIAN_POINT('',(262.7,5.07,-6.));
#720 = CIRCLE('',#721,1.5);
#721 = AXIS2_PLACEMENT_3D('',#722,#723,#724);
#722 = CARTESIAN_POINT('',(261.2,5.07,-6.));
#723 = DIRECTION('',(0.,0.,1.));
#724 = DIRECTION('',(1.,0.,-0.));
#725 = ORIENTED_EDGE('',*,*,#726,.T.);
#726 = EDGE_CURVE('',#718,#727,#729,.T.);
#727 = VERTEX_POINT('',#728);
#728 = CARTESIAN_POINT('',(262.7,5.07,-4.5));
#729 = LINE('',#730,#731);
#730 = CARTESIAN_POINT('',(262.7,5.07,-6.));
#731 = VECTOR('',#732,1.);
#732 = DIRECTION('',(0.,0.,1.));
#733 = ORIENTED_EDGE('',*,*,#734,.F.);
#734 = EDGE_CURVE('',#688,#727,#735,.T.);
#735 = CIRCLE('',#736,1.5);
#736 = AXIS2_PLACEMENT_3D('',#737,#738,#739);
#737 = CARTESIAN_POINT('',(261.2,5.07,-4.5));
#738 = DIRECTION('',(0.,0.,1.));
#739 = DIRECTION('',(1.,0.,-0.));
#740 = ORIENTED_EDGE('',*,*,#695,.F.);
#741 = CYLINDRICAL_SURFACE('',#742,1.5);
#742 = AXIS2_PLACEMENT_3D('',#743,#744,#745);
#743 = CARTESIAN_POINT('',(261.2,5.07,-6.));
#744 = DIRECTION('',(-0.,-0.,-1.));
#745 = DIRECTION('',(1.,0.,0.));
#746 = ADVANCED_FACE('',(#747),#772,.F.);
#747 = FACE_BOUND('',#748,.F.);
#748 = EDGE_LOOP('',(#749,#750,#758,#766));
#749 = ORIENTED_EDGE('',*,*,#726,.T.);
#750 = ORIENTED_EDGE('',*,*,#751,.T.);
#751 = EDGE_CURVE('',#727,#752,#754,.T.);
#752 = VERTEX_POINT('',#753);
#753 = CARTESIAN_POINT('',(262.7,12.87,-4.5));
#754 = LINE('',#755,#756);
#755 = CARTESIAN_POINT('',(262.7,5.07,-4.5));
#756 = VECTOR('',#757,1.);
#757 = DIRECTION('',(0.,1.,0.));
#758 = ORIENTED_EDGE('',*,*,#759,.F.);
#759 = EDGE_CURVE('',#760,#752,#762,.T.);
#760 = VERTEX_POINT('',#761);
#761 = CARTESIAN_POINT('',(262.7,12.87,-6.));
#762 = LINE('',#763,#764);
#763 = CARTESIAN_POINT('',(262.7,12.87,-6.));
#764 = VECTOR('',#765,1.);
#765 = DIRECTION('',(0.,0.,1.));
#766 = ORIENTED_EDGE('',*,*,#767,.F.);
#767 = EDGE_CURVE('',#718,#760,#768,.T.);
#768 = LINE('',#769,#770);
#769 = CARTESIAN_POINT('',(262.7,5.07,-6.));
#770 = VECTOR('',#771,1.);
#771 = DIRECTION('',(0.,1.,0.));
#772 = PLANE('',#773);
#773 = AXIS2_PLACEMENT_3D('',#774,#775,#776);
#774 = CARTESIAN_POINT('',(262.7,5.07,-6.));
#775 = DIRECTION('',(-1.,0.,0.));
#776 = DIRECTION('',(0.,1.,0.));
#777 = ADVANCED_FACE('',(#778),#805,.T.);
#778 = FACE_BOUND('',#779,.T.);
#779 = EDGE_LOOP('',(#780,#789,#797,#804));
#780 = ORIENTED_EDGE('',*,*,#781,.T.);
#781 = EDGE_CURVE('',#760,#782,#784,.T.);
#782 = VERTEX_POINT('',#783);
#783 = CARTESIAN_POINT('',(261.2,14.37,-6.));
#784 = CIRCLE('',#785,1.5);
#785 = AXIS2_PLACEMENT_3D('',#786,#787,#788);
#786 = CARTESIAN_POINT('',(261.2,12.87,-6.));
#787 = DIRECTION('',(0.,0.,1.));
#788 = DIRECTION('',(1.,0.,-0.));
#789 = ORIENTED_EDGE('',*,*,#790,.T.);
#790 = EDGE_CURVE('',#782,#791,#793,.T.);
#791 = VERTEX_POINT('',#792);
#792 = CARTESIAN_POINT('',(261.2,14.37,-4.5));
#793 = LINE('',#794,#795);
#794 = CARTESIAN_POINT('',(261.2,14.37,-6.));
#795 = VECTOR('',#796,1.);
#796 = DIRECTION('',(0.,0.,1.));
#797 = ORIENTED_EDGE('',*,*,#798,.F.);
#798 = EDGE_CURVE('',#752,#791,#799,.T.);
#799 = CIRCLE('',#800,1.5);
#800 = AXIS2_PLACEMENT_3D('',#801,#802,#803);
#801 = CARTESIAN_POINT('',(261.2,12.87,-4.5));
#802 = DIRECTION('',(0.,0.,1.));
#803 = DIRECTION('',(1.,0.,-0.));
#804 = ORIENTED_EDGE('',*,*,#759,.F.);
#805 = CYLINDRICAL_SURFACE('',#806,1.5);
#806 = AXIS2_PLACEMENT_3D('',#807,#808,#809);
#807 = CARTESIAN_POINT('',(261.2,12.87,-6.));
#808 = DIRECTION('',(-0.,-0.,-1.));
#809 = DIRECTION('',(1.,0.,0.));
#810 = ADVANCED_FACE('',(#811),#836,.F.);
#811 = FACE_BOUND('',#812,.F.);
#812 = EDGE_LOOP('',(#813,#814,#822,#830));
#813 = ORIENTED_EDGE('',*,*,#790,.T.);
#814 = ORIENTED_EDGE('',*,*,#815,.T.);
#815 = EDGE_CURVE('',#791,#816,#818,.T.);
#816 = VERTEX_POINT('',#817);
#817 = CARTESIAN_POINT('',(1.5,14.37,-4.5));
#818 = LINE('',#819,#820);
#819 = CARTESIAN_POINT('',(261.2,14.37,-4.5));
#820 = VECTOR('',#821,1.);
#821 = DIRECTION('',(-1.,0.,0.));
#822 = ORIENTED_EDGE('',*,*,#823,.F.);
#823 = EDGE_CURVE('',#824,#816,#826,.T.);
#824 = VERTEX_POINT('',#825);
#825 = CARTESIAN_POINT('',(1.5,14.37,-6.));
#826 = LINE('',#827,#828);
#827 = CARTESIAN_POINT('',(1.5,14.37,-6.));
#828 = VECTOR('',#829,1.);
#829 = DIRECTION('',(0.,0.,1.));
#830 = ORIENTED_EDGE('',*,*,#831,.F.);
#831 = EDGE_CURVE('',#782,#824,#832,.T.);
#832 = LINE('',#833,#834);
#833 = CARTESIAN_POINT('',(261.2,14.37,-6.));
#834 = VECTOR('',#835,1.);
#835 = DIRECTION('',(-1.,0.,0.));
#836 = PLANE('',#837);
#837 = AXIS2_PLACEMENT_3D('',#838,#839,#840);
#838 = CARTESIAN_POINT('',(261.2,14.37,-6.));
#839 = DIRECTION('',(0.,-1.,0.));
#840 = DIRECTION('',(-1.,0.,0.));
#841 = ADVANCED_FACE('',(#842),#869,.T.);
#842 = FACE_BOUND('',#843,.T.);
#843 = EDGE_LOOP('',(#844,#853,#861,#868));
#844 = ORIENTED_EDGE('',*,*,#845,.T.);
#845 = EDGE_CURVE('',#824,#846,#848,.T.);
#846 = VERTEX_POINT('',#847);
#847 = CARTESIAN_POINT('',(7.E-15,12.87,-6.));
#848 = CIRCLE('',#849,1.5);
#849 = AXIS2_PLACEMENT_3D('',#850,#851,#852);
#850 = CARTESIAN_POINT('',(1.5,12.87,-6.));
#851 = DIRECTION('',(0.,0.,1.));
#852 = DIRECTION('',(1.,0.,-0.));
#853 = ORIENTED_EDGE('',*,*,#854,.T.);
#854 = EDGE_CURVE('',#846,#855,#857,.T.);
#855 = VERTEX_POINT('',#856);
#856 = CARTESIAN_POINT('',(7.E-15,12.87,-4.5));
#857 = LINE('',#858,#859);
#858 = CARTESIAN_POINT('',(6.88E-15,12.87,-6.));
#859 = VECTOR('',#860,1.);
#860 = DIRECTION('',(0.,0.,1.));
#861 = ORIENTED_EDGE('',*,*,#862,.F.);
#862 = EDGE_CURVE('',#816,#855,#863,.T.);
#863 = CIRCLE('',#864,1.5);
#864 = AXIS2_PLACEMENT_3D('',#865,#866,#867);
#865 = CARTESIAN_POINT('',(1.5,12.87,-4.5));
#866 = DIRECTION('',(0.,0.,1.));
#867 = DIRECTION('',(1.,0.,-0.));
#868 = ORIENTED_EDGE('',*,*,#823,.F.);
#869 = CYLINDRICAL_SURFACE('',#870,1.5);
#870 = AXIS2_PLACEMENT_3D('',#871,#872,#873);
#871 = CARTESIAN_POINT('',(1.5,12.87,-6.));
#872 = DIRECTION('',(-0.,-0.,-1.));
#873 = DIRECTION('',(1.,0.,0.));
#874 = ADVANCED_FACE('',(#875),#900,.F.);
#875 = FACE_BOUND('',#876,.F.);
#876 = EDGE_LOOP('',(#877,#878,#886,#894));
#877 = ORIENTED_EDGE('',*,*,#854,.T.);
#878 = ORIENTED_EDGE('',*,*,#879,.T.);
#879 = EDGE_CURVE('',#855,#880,#882,.T.);
#880 = VERTEX_POINT('',#881);
#881 = CARTESIAN_POINT('',(3.E-15,5.07,-4.5));
#882 = LINE('',#883,#884);
#883 = CARTESIAN_POINT('',(6.88E-15,12.87,-4.5));
#884 = VECTOR('',#885,1.);
#885 = DIRECTION('',(0.,-1.,0.));
#886 = ORIENTED_EDGE('',*,*,#887,.F.);
#887 = EDGE_CURVE('',#888,#880,#890,.T.);
#888 = VERTEX_POINT('',#889);
#889 = CARTESIAN_POINT('',(3.E-15,5.07,-6.));
#890 = LINE('',#891,#892);
#891 = CARTESIAN_POINT('',(3.44E-15,5.07,-6.));
#892 = VECTOR('',#893,1.);
#893 = DIRECTION('',(0.,0.,1.));
#894 = ORIENTED_EDGE('',*,*,#895,.F.);
#895 = EDGE_CURVE('',#846,#888,#896,.T.);
#896 = LINE('',#897,#898);
#897 = CARTESIAN_POINT('',(6.88E-15,12.87,-6.));
#898 = VECTOR('',#899,1.);
#899 = DIRECTION('',(0.,-1.,0.));
#900 = PLANE('',#901);
#901 = AXIS2_PLACEMENT_3D('',#902,#903,#904);
#902 = CARTESIAN_POINT('',(6.88E-15,12.87,-6.));
#903 = DIRECTION('',(1.,0.,0.));
#904 = DIRECTION('',(0.,-1.,0.));
#905 = ADVANCED_FACE('',(#906),#924,.T.);
#906 = FACE_BOUND('',#907,.T.);
#907 = EDGE_LOOP('',(#908,#915,#916,#923));
#908 = ORIENTED_EDGE('',*,*,#909,.T.);
#909 = EDGE_CURVE('',#888,#678,#910,.T.);
#910 = CIRCLE('',#911,1.5);
#911 = AXIS2_PLACEMENT_3D('',#912,#913,#914);
#912 = CARTESIAN_POINT('',(1.5,5.07,-6.));
#913 = DIRECTION('',(0.,0.,1.));
#914 = DIRECTION('',(1.,0.,-0.));
#915 = ORIENTED_EDGE('',*,*,#677,.T.);
#916 = ORIENTED_EDGE('',*,*,#917,.F.);
#917 = EDGE_CURVE('',#880,#680,#918,.T.);
#918 = CIRCLE('',#919,1.5);
#919 = AXIS2_PLACEMENT_3D('',#920,#921,#922);
#920 = CARTESIAN_POINT('',(1.5,5.07,-4.5));
#921 = DIRECTION('',(0.,0.,1.));
#922 = DIRECTION('',(1.,0.,-0.));
#923 = ORIENTED_EDGE('',*,*,#887,.F.);
#924 = CYLINDRICAL_SURFACE('',#925,1.5);
#925 = AXIS2_PLACEMENT_3D('',#926,#927,#928);
#926 = CARTESIAN_POINT('',(1.5,5.07,-6.));
#927 = DIRECTION('',(-0.,-0.,-1.));
#928 = DIRECTION('',(1.,0.,0.));
#929 = ADVANCED_FACE('',(#930),#940,.F.);
#930 = FACE_BOUND('',#931,.F.);
#931 = EDGE_LOOP('',(#932,#933,#934,#935,#936,#937,#938,#939));
#932 = ORIENTED_EDGE('',*,*,#703,.T.);
#933 = ORIENTED_EDGE('',*,*,#717,.T.);
#934 = ORIENTED_EDGE('',*,*,#767,.T.);
#935 = ORIENTED_EDGE('',*,*,#781,.T.);
#936 = ORIENTED_EDGE('',*,*,#831,.T.);
#937 = ORIENTED_EDGE('',*,*,#845,.T.);
#938 = ORIENTED_EDGE('',*,*,#895,.T.);
#939 = ORIENTED_EDGE('',*,*,#909,.T.);
#940 = PLANE('',#941);
#941 = AXIS2_PLACEMENT_3D('',#942,#943,#944);
#942 = CARTESIAN_POINT('',(131.35,8.97,-6.));
#943 = DIRECTION('',(0.,0.,1.));
#944 = DIRECTION('',(1.,0.,-0.));
#945 = ADVANCED_FACE('',(#946),#956,.T.);
#946 = FACE_BOUND('',#947,.T.);
#947 = EDGE_LOOP('',(#948,#949,#950,#951,#952,#953,#954,#955));
#948 = ORIENTED_EDGE('',*,*,#687,.T.);
#949 = ORIENTED_EDGE('',*,*,#734,.T.);
#950 = ORIENTED_EDGE('',*,*,#751,.T.);
#951 = ORIENTED_EDGE('',*,*,#798,.T.);
#952 = ORIENTED_EDGE('',*,*,#815,.T.);
#953 = ORIENTED_EDGE('',*,*,#862,.T.);
#954 = ORIENTED_EDGE('',*,*,#879,.T.);
#955 = ORIENTED_EDGE('',*,*,#917,.T.);
#956 = PLANE('',#957);
#957 = AXIS2_PLACEMENT_3D('',#958,#959,#960);
#958 = CARTESIAN_POINT('',(131.35,8.97,-4.5));
#959 = DIRECTION('',(0.,0.,1.));
#960 = DIRECTION('',(1.,0.,-0.));
#961 = MANIFOLD_SOLID_BREP('',#962);
#962 = CLOSED_SHELL('',(#963,#1003,#1034,#1065,#1098,#1131,#1162,#1193,
    #1226,#1259,#1394,#1529,#1551,#1573,#1590,#1607,#1624,#1641,#1658,
    #1675,#1716,#1738,#1755,#1772,#1784,#1825,#1842,#1859,#1898,#1937,
    #1954,#1971,#2012,#2053,#2070,#2087,#2158,#2229,#2246,#2263,#2280,
    #2297,#2314,#2331,#2348,#2368,#2388));
#963 = ADVANCED_FACE('',(#964),#998,.F.);
#964 = FACE_BOUND('',#965,.F.);
#965 = EDGE_LOOP('',(#966,#976,#984,#992));
#966 = ORIENTED_EDGE('',*,*,#967,.T.);
#967 = EDGE_CURVE('',#968,#970,#972,.T.);
#968 = VERTEX_POINT('',#969);
#969 = CARTESIAN_POINT('',(2.,12.0155,-4.35));
#970 = VERTEX_POINT('',#971);
#971 = CARTESIAN_POINT('',(2.,12.0155,-4.5));
#972 = LINE('',#973,#974);
#973 = CARTESIAN_POINT('',(2.,12.0155,-4.35));
#974 = VECTOR('',#975,1.);
#975 = DIRECTION('',(-1.2E-16,0.,-1.));
#976 = ORIENTED_EDGE('',*,*,#977,.T.);
#977 = EDGE_CURVE('',#970,#978,#980,.T.);
#978 = VERTEX_POINT('',#979);
#979 = CARTESIAN_POINT('',(2.,6.4275,-4.5));
#980 = LINE('',#981,#982);
#981 = CARTESIAN_POINT('',(2.,12.0155,-4.5));
#982 = VECTOR('',#983,1.);
#983 = DIRECTION('',(0.,-1.,0.));
#984 = ORIENTED_EDGE('',*,*,#985,.F.);
#985 = EDGE_CURVE('',#986,#978,#988,.T.);
#986 = VERTEX_POINT('',#987);
#987 = CARTESIAN_POINT('',(2.,6.4275,-4.35));
#988 = LINE('',#989,#990);
#989 = CARTESIAN_POINT('',(2.,6.4275,-4.35));
#990 = VECTOR('',#991,1.);
#991 = DIRECTION('',(-1.2E-16,0.,-1.));
#992 = ORIENTED_EDGE('',*,*,#993,.F.);
#993 = EDGE_CURVE('',#968,#986,#994,.T.);
#994 = LINE('',#995,#996);
#995 = CARTESIAN_POINT('',(2.,12.0155,-4.35));
#996 = VECTOR('',#997,1.);
#997 = DIRECTION('',(0.,-1.,0.));
#998 = PLANE('',#999);
#999 = AXIS2_PLACEMENT_3D('',#1000,#1001,#1002);
#1000 = CARTESIAN_POINT('',(2.,12.0155,-4.35));
#1001 = DIRECTION('',(-1.,0.,1.2E-16));
#1002 = DIRECTION('',(0.,-1.,0.));
#1003 = ADVANCED_FACE('',(#1004),#1029,.F.);
#1004 = FACE_BOUND('',#1005,.F.);
#1005 = EDGE_LOOP('',(#1006,#1007,#1015,#1023));
#1006 = ORIENTED_EDGE('',*,*,#993,.T.);
#1007 = ORIENTED_EDGE('',*,*,#1008,.T.);
#1008 = EDGE_CURVE('',#986,#1009,#1011,.T.);
#1009 = VERTEX_POINT('',#1010);
#1010 = CARTESIAN_POINT('',(0.3,6.4275,-4.35));
#1011 = LINE('',#1012,#1013);
#1012 = CARTESIAN_POINT('',(2.,6.4275,-4.35));
#1013 = VECTOR('',#1014,1.);
#1014 = DIRECTION('',(-1.,0.,0.));
#1015 = ORIENTED_EDGE('',*,*,#1016,.T.);
#1016 = EDGE_CURVE('',#1009,#1017,#1019,.T.);
#1017 = VERTEX_POINT('',#1018);
#1018 = CARTESIAN_POINT('',(0.3,12.0155,-4.35));
#1019 = LINE('',#1020,#1021);
#1020 = CARTESIAN_POINT('',(0.3,6.4275,-4.35));
#1021 = VECTOR('',#1022,1.);
#1022 = DIRECTION('',(0.,1.,0.));
#1023 = ORIENTED_EDGE('',*,*,#1024,.T.);
#1024 = EDGE_CURVE('',#1017,#968,#1025,.T.);
#1025 = LINE('',#1026,#1027);
#1026 = CARTESIAN_POINT('',(0.3,12.0155,-4.35));
#1027 = VECTOR('',#1028,1.);
#1028 = DIRECTION('',(1.,0.,0.));
#1029 = PLANE('',#1030);
#1030 = AXIS2_PLACEMENT_3D('',#1031,#1032,#1033);
#1031 = CARTESIAN_POINT('',(1.15,9.2215,-4.35));
#1032 = DIRECTION('',(-0.,-0.,-1.));
#1033 = DIRECTION('',(-1.,0.,0.));
#1034 = ADVANCED_FACE('',(#1035),#1060,.T.);
#1035 = FACE_BOUND('',#1036,.T.);
#1036 = EDGE_LOOP('',(#1037,#1038,#1046,#1054));
#1037 = ORIENTED_EDGE('',*,*,#977,.T.);
#1038 = ORIENTED_EDGE('',*,*,#1039,.T.);
#1039 = EDGE_CURVE('',#978,#1040,#1042,.T.);
#1040 = VERTEX_POINT('',#1041);
#1041 = CARTESIAN_POINT('',(0.3,6.4275,-4.5));
#1042 = LINE('',#1043,#1044);
#1043 = CARTESIAN_POINT('',(2.,6.4275,-4.5));
#1044 = VECTOR('',#1045,1.);
#1045 = DIRECTION('',(-1.,0.,0.));
#1046 = ORIENTED_EDGE('',*,*,#1047,.T.);
#1047 = EDGE_CURVE('',#1040,#1048,#1050,.T.);
#1048 = VERTEX_POINT('',#1049);
#1049 = CARTESIAN_POINT('',(0.3,12.0155,-4.5));
#1050 = LINE('',#1051,#1052);
#1051 = CARTESIAN_POINT('',(0.3,6.4275,-4.5));
#1052 = VECTOR('',#1053,1.);
#1053 = DIRECTION('',(0.,1.,0.));
#1054 = ORIENTED_EDGE('',*,*,#1055,.T.);
#1055 = EDGE_CURVE('',#1048,#970,#1056,.T.);
#1056 = LINE('',#1057,#1058);
#1057 = CARTESIAN_POINT('',(0.3,12.0155,-4.5));
#1058 = VECTOR('',#1059,1.);
#1059 = DIRECTION('',(1.,0.,0.));
#1060 = PLANE('',#1061);
#1061 = AXIS2_PLACEMENT_3D('',#1062,#1063,#1064);
#1062 = CARTESIAN_POINT('',(1.15,9.2215,-4.5));
#1063 = DIRECTION('',(-0.,-0.,-1.));
#1064 = DIRECTION('',(-1.,0.,0.));
#1065 = ADVANCED_FACE('',(#1066),#1093,.F.);
#1066 = FACE_BOUND('',#1067,.F.);
#1067 = EDGE_LOOP('',(#1068,#1077,#1085,#1092));
#1068 = ORIENTED_EDGE('',*,*,#1069,.T.);
#1069 = EDGE_CURVE('',#1009,#1070,#1072,.T.);
#1070 = VERTEX_POINT('',#1071);
#1071 = CARTESIAN_POINT('',(0.175,6.4275,-4.225));
#1072 = CIRCLE('',#1073,0.125);
#1073 = AXIS2_PLACEMENT_3D('',#1074,#1075,#1076);
#1074 = CARTESIAN_POINT('',(0.3,6.4275,-4.225));
#1075 = DIRECTION('',(0.,1.,0.));
#1076 = DIRECTION('',(-1.33E-15,0.,-1.));
#1077 = ORIENTED_EDGE('',*,*,#1078,.T.);
#1078 = EDGE_CURVE('',#1070,#1079,#1081,.T.);
#1079 = VERTEX_POINT('',#1080);
#1080 = CARTESIAN_POINT('',(0.175,12.0155,-4.225));
#1081 = LINE('',#1082,#1083);
#1082 = CARTESIAN_POINT('',(0.175,6.4275,-4.225));
#1083 = VECTOR('',#1084,1.);
#1084 = DIRECTION('',(0.,1.,0.));
#1085 = ORIENTED_EDGE('',*,*,#1086,.F.);
#1086 = EDGE_CURVE('',#1017,#1079,#1087,.T.);
#1087 = CIRCLE('',#1088,0.125);
#1088 = AXIS2_PLACEMENT_3D('',#1089,#1090,#1091);
#1089 = CARTESIAN_POINT('',(0.3,12.0155,-4.225));
#1090 = DIRECTION('',(0.,1.,0.));
#1091 = DIRECTION('',(-1.33E-15,0.,-1.));
#1092 = ORIENTED_EDGE('',*,*,#1016,.F.);
#1093 = CYLINDRICAL_SURFACE('',#1094,0.125);
#1094 = AXIS2_PLACEMENT_3D('',#1095,#1096,#1097);
#1095 = CARTESIAN_POINT('',(0.3,6.4275,-4.225));
#1096 = DIRECTION('',(-0.,-1.,-0.));
#1097 = DIRECTION('',(-1.33E-15,0.,-1.));
#1098 = ADVANCED_FACE('',(#1099),#1126,.T.);
#1099 = FACE_BOUND('',#1100,.T.);
#1100 = EDGE_LOOP('',(#1101,#1111,#1118,#1119));
#1101 = ORIENTED_EDGE('',*,*,#1102,.T.);
#1102 = EDGE_CURVE('',#1103,#1105,#1107,.T.);
#1103 = VERTEX_POINT('',#1104);
#1104 = CARTESIAN_POINT('',(2.5E-02,6.4275,-4.225));
#1105 = VERTEX_POINT('',#1106);
#1106 = CARTESIAN_POINT('',(2.5E-02,12.0155,-4.225));
#1107 = LINE('',#1108,#1109);
#1108 = CARTESIAN_POINT('',(2.5E-02,6.4275,-4.225));
#1109 = VECTOR('',#1110,1.);
#1110 = DIRECTION('',(0.,1.,0.));
#1111 = ORIENTED_EDGE('',*,*,#1112,.T.);
#1112 = EDGE_CURVE('',#1105,#1048,#1113,.T.);
#1113 = CIRCLE('',#1114,0.275);
#1114 = AXIS2_PLACEMENT_3D('',#1115,#1116,#1117);
#1115 = CARTESIAN_POINT('',(0.3,12.0155,-4.225));
#1116 = DIRECTION('',(0.,-1.,0.));
#1117 = DIRECTION('',(-1.,-0.,-3.23E-15));
#1118 = ORIENTED_EDGE('',*,*,#1047,.F.);
#1119 = ORIENTED_EDGE('',*,*,#1120,.F.);
#1120 = EDGE_CURVE('',#1103,#1040,#1121,.T.);
#1121 = CIRCLE('',#1122,0.275);
#1122 = AXIS2_PLACEMENT_3D('',#1123,#1124,#1125);
#1123 = CARTESIAN_POINT('',(0.3,6.4275,-4.225));
#1124 = DIRECTION('',(0.,-1.,0.));
#1125 = DIRECTION('',(-1.,-0.,-3.23E-15));
#1126 = CYLINDRICAL_SURFACE('',#1127,0.275);
#1127 = AXIS2_PLACEMENT_3D('',#1128,#1129,#1130);
#1128 = CARTESIAN_POINT('',(0.3,6.4275,-4.225));
#1129 = DIRECTION('',(0.,-1.,0.));
#1130 = DIRECTION('',(-1.,-0.,-3.23E-15));
#1131 = ADVANCED_FACE('',(#1132),#1157,.F.);
#1132 = FACE_BOUND('',#1133,.F.);
#1133 = EDGE_LOOP('',(#1134,#1142,#1150,#1156));
#1134 = ORIENTED_EDGE('',*,*,#1135,.T.);
#1135 = EDGE_CURVE('',#1070,#1136,#1138,.T.);
#1136 = VERTEX_POINT('',#1137);
#1137 = CARTESIAN_POINT('',(0.175,6.4275,-2.425));
#1138 = LINE('',#1139,#1140);
#1139 = CARTESIAN_POINT('',(0.175,6.4275,-4.225));
#1140 = VECTOR('',#1141,1.);
#1141 = DIRECTION('',(6.E-17,0.,1.));
#1142 = ORIENTED_EDGE('',*,*,#1143,.T.);
#1143 = EDGE_CURVE('',#1136,#1144,#1146,.T.);
#1144 = VERTEX_POINT('',#1145);
#1145 = CARTESIAN_POINT('',(0.175,12.0155,-2.425));
#1146 = LINE('',#1147,#1148);
#1147 = CARTESIAN_POINT('',(0.175,6.4275,-2.425));
#1148 = VECTOR('',#1149,1.);
#1149 = DIRECTION('',(0.,1.,0.));
#1150 = ORIENTED_EDGE('',*,*,#1151,.T.);
#1151 = EDGE_CURVE('',#1144,#1079,#1152,.T.);
#1152 = LINE('',#1153,#1154);
#1153 = CARTESIAN_POINT('',(0.175,12.0155,-2.425));
#1154 = VECTOR('',#1155,1.);
#1155 = DIRECTION('',(-6.E-17,0.,-1.));
#1156 = ORIENTED_EDGE('',*,*,#1078,.F.);
#1157 = PLANE('',#1158);
#1158 = AXIS2_PLACEMENT_3D('',#1159,#1160,#1161);
#1159 = CARTESIAN_POINT('',(0.175,9.2215,-3.325));
#1160 = DIRECTION('',(-1.,-0.,-0.));
#1161 = DIRECTION('',(0.,0.,-1.));
#1162 = ADVANCED_FACE('',(#1163),#1188,.T.);
#1163 = FACE_BOUND('',#1164,.T.);
#1164 = EDGE_LOOP('',(#1165,#1173,#1181,#1187));
#1165 = ORIENTED_EDGE('',*,*,#1166,.T.);
#1166 = EDGE_CURVE('',#1103,#1167,#1169,.T.);
#1167 = VERTEX_POINT('',#1168);
#1168 = CARTESIAN_POINT('',(2.5E-02,6.4275,-2.425));
#1169 = LINE('',#1170,#1171);
#1170 = CARTESIAN_POINT('',(2.5E-02,6.4275,-4.225));
#1171 = VECTOR('',#1172,1.);
#1172 = DIRECTION('',(6.E-17,0.,1.));
#1173 = ORIENTED_EDGE('',*,*,#1174,.T.);
#1174 = EDGE_CURVE('',#1167,#1175,#1177,.T.);
#1175 = VERTEX_POINT('',#1176);
#1176 = CARTESIAN_POINT('',(2.5E-02,12.0155,-2.425));
#1177 = LINE('',#1178,#1179);
#1178 = CARTESIAN_POINT('',(2.5E-02,6.4275,-2.425));
#1179 = VECTOR('',#1180,1.);
#1180 = DIRECTION('',(0.,1.,0.));
#1181 = ORIENTED_EDGE('',*,*,#1182,.T.);
#1182 = EDGE_CURVE('',#1175,#1105,#1183,.T.);
#1183 = LINE('',#1184,#1185);
#1184 = CARTESIAN_POINT('',(2.5E-02,12.0155,-2.425));
#1185 = VECTOR('',#1186,1.);
#1186 = DIRECTION('',(-6.E-17,0.,-1.));
#1187 = ORIENTED_EDGE('',*,*,#1102,.F.);
#1188 = PLANE('',#1189);
#1189 = AXIS2_PLACEMENT_3D('',#1190,#1191,#1192);
#1190 = CARTESIAN_POINT('',(2.5E-02,9.2215,-3.325));
#1191 = DIRECTION('',(-1.,-0.,-0.));
#1192 = DIRECTION('',(0.,0.,-1.));
#1193 = ADVANCED_FACE('',(#1194),#1221,.F.);
#1194 = FACE_BOUND('',#1195,.F.);
#1195 = EDGE_LOOP('',(#1196,#1205,#1213,#1220));
#1196 = ORIENTED_EDGE('',*,*,#1197,.T.);
#1197 = EDGE_CURVE('',#1136,#1198,#1200,.T.);
#1198 = VERTEX_POINT('',#1199);
#1199 = CARTESIAN_POINT('',(0.3,6.4275,-2.3));
#1200 = CIRCLE('',#1201,0.125);
#1201 = AXIS2_PLACEMENT_3D('',#1202,#1203,#1204);
#1202 = CARTESIAN_POINT('',(0.3,6.4275,-2.425));
#1203 = DIRECTION('',(0.,1.,0.));
#1204 = DIRECTION('',(-1.,0.,-7.11E-15));
#1205 = ORIENTED_EDGE('',*,*,#1206,.T.);
#1206 = EDGE_CURVE('',#1198,#1207,#1209,.T.);
#1207 = VERTEX_POINT('',#1208);
#1208 = CARTESIAN_POINT('',(0.3,12.0155,-2.3));
#1209 = LINE('',#1210,#1211);
#1210 = CARTESIAN_POINT('',(0.3,6.4275,-2.3));
#1211 = VECTOR('',#1212,1.);
#1212 = DIRECTION('',(0.,1.,0.));
#1213 = ORIENTED_EDGE('',*,*,#1214,.F.);
#1214 = EDGE_CURVE('',#1144,#1207,#1215,.T.);
#1215 = CIRCLE('',#1216,0.125);
#1216 = AXIS2_PLACEMENT_3D('',#1217,#1218,#1219);
#1217 = CARTESIAN_POINT('',(0.3,12.0155,-2.425));
#1218 = DIRECTION('',(0.,1.,0.));
#1219 = DIRECTION('',(-1.,0.,-7.11E-15));
#1220 = ORIENTED_EDGE('',*,*,#1143,.F.);
#1221 = CYLINDRICAL_SURFACE('',#1222,0.125);
#1222 = AXIS2_PLACEMENT_3D('',#1223,#1224,#1225);
#1223 = CARTESIAN_POINT('',(0.3,6.4275,-2.425));
#1224 = DIRECTION('',(-0.,-1.,-0.));
#1225 = DIRECTION('',(-1.,0.,-7.11E-15));
#1226 = ADVANCED_FACE('',(#1227),#1254,.T.);
#1227 = FACE_BOUND('',#1228,.T.);
#1228 = EDGE_LOOP('',(#1229,#1239,#1246,#1247));
#1229 = ORIENTED_EDGE('',*,*,#1230,.T.);
#1230 = EDGE_CURVE('',#1231,#1233,#1235,.T.);
#1231 = VERTEX_POINT('',#1232);
#1232 = CARTESIAN_POINT('',(0.3,6.4275,-2.15));
#1233 = VERTEX_POINT('',#1234);
#1234 = CARTESIAN_POINT('',(0.3,12.0155,-2.15));
#1235 = LINE('',#1236,#1237);
#1236 = CARTESIAN_POINT('',(0.3,6.4275,-2.15));
#1237 = VECTOR('',#1238,1.);
#1238 = DIRECTION('',(0.,1.,0.));
#1239 = ORIENTED_EDGE('',*,*,#1240,.T.);
#1240 = EDGE_CURVE('',#1233,#1175,#1241,.T.);
#1241 = CIRCLE('',#1242,0.275);
#1242 = AXIS2_PLACEMENT_3D('',#1243,#1244,#1245);
#1243 = CARTESIAN_POINT('',(0.3,12.0155,-2.425));
#1244 = DIRECTION('',(0.,-1.,0.));
#1245 = DIRECTION('',(-5.45E-15,0.,1.));
#1246 = ORIENTED_EDGE('',*,*,#1174,.F.);
#1247 = ORIENTED_EDGE('',*,*,#1248,.F.);
#1248 = EDGE_CURVE('',#1231,#1167,#1249,.T.);
#1249 = CIRCLE('',#1250,0.275);
#1250 = AXIS2_PLACEMENT_3D('',#1251,#1252,#1253);
#1251 = CARTESIAN_POINT('',(0.3,6.4275,-2.425));
#1252 = DIRECTION('',(0.,-1.,0.));
#1253 = DIRECTION('',(-5.45E-15,0.,1.));
#1254 = CYLINDRICAL_SURFACE('',#1255,0.275);
#1255 = AXIS2_PLACEMENT_3D('',#1256,#1257,#1258);
#1256 = CARTESIAN_POINT('',(0.3,6.4275,-2.425));
#1257 = DIRECTION('',(0.,-1.,0.));
#1258 = DIRECTION('',(-5.45E-15,0.,1.));
#1259 = ADVANCED_FACE('',(#1260),#1389,.F.);
#1260 = FACE_BOUND('',#1261,.F.);
#1261 = EDGE_LOOP('',(#1262,#1270,#1278,#1286,#1294,#1302,#1310,#1318,
    #1326,#1334,#1342,#1350,#1358,#1366,#1374,#1382,#1388));
#1262 = ORIENTED_EDGE('',*,*,#1263,.T.);
#1263 = EDGE_CURVE('',#1198,#1264,#1266,.T.);
#1264 = VERTEX_POINT('',#1265);
#1265 = CARTESIAN_POINT('',(0.965681469282,6.4275,-2.3));
#1266 = LINE('',#1267,#1268);
#1267 = CARTESIAN_POINT('',(0.3,6.4275,-2.3));
#1268 = VECTOR('',#1269,1.);
#1269 = DIRECTION('',(1.,0.,0.));
#1270 = ORIENTED_EDGE('',*,*,#1271,.T.);
#1271 = EDGE_CURVE('',#1264,#1272,#1274,.T.);
#1272 = VERTEX_POINT('',#1273);
#1273 = CARTESIAN_POINT('',(2.616681469282,5.1575,-2.3));
#1274 = LINE('',#1275,#1276);
#1275 = CARTESIAN_POINT('',(0.965681469282,6.4275,-2.3));
#1276 = VECTOR('',#1277,1.);
#1277 = DIRECTION('',(0.792623989105,-0.60971076085,0.));
#1278 = ORIENTED_EDGE('',*,*,#1279,.T.);
#1279 = EDGE_CURVE('',#1272,#1280,#1282,.T.);
#1280 = VERTEX_POINT('',#1281);
#1281 = CARTESIAN_POINT('',(3.886681469282,4.7765,-2.3));
#1282 = LINE('',#1283,#1284);
#1283 = CARTESIAN_POINT('',(2.616681469282,5.1575,-2.3));
#1284 = VECTOR('',#1285,1.);
#1285 = DIRECTION('',(0.957826285221,-0.287347885566,0.));
#1286 = ORIENTED_EDGE('',*,*,#1287,.T.);
#1287 = EDGE_CURVE('',#1280,#1288,#1290,.T.);
#1288 = VERTEX_POINT('',#1289);
#1289 = CARTESIAN_POINT('',(16.840681469282,4.7765,-2.3));
#1290 = LINE('',#1291,#1292);
#1291 = CARTESIAN_POINT('',(3.886681469282,4.7765,-2.3));
#1292 = VECTOR('',#1293,1.);
#1293 = DIRECTION('',(1.,0.,0.));
#1294 = ORIENTED_EDGE('',*,*,#1295,.T.);
#1295 = EDGE_CURVE('',#1288,#1296,#1298,.T.);
#1296 = VERTEX_POINT('',#1297);
#1297 = CARTESIAN_POINT('',(17.856681469282,5.2845,-2.3));
#1298 = LINE('',#1299,#1300);
#1299 = CARTESIAN_POINT('',(16.840681469282,4.7765,-2.3));
#1300 = VECTOR('',#1301,1.);
#1301 = DIRECTION('',(0.894427191,0.4472135955,0.));
#1302 = ORIENTED_EDGE('',*,*,#1303,.T.);
#1303 = EDGE_CURVE('',#1296,#1304,#1306,.T.);
#1304 = VERTEX_POINT('',#1305);
#1305 = CARTESIAN_POINT('',(18.491681469282,8.7135,-2.3));
#1306 = LINE('',#1307,#1308);
#1307 = CARTESIAN_POINT('',(17.856681469282,5.2845,-2.3));
#1308 = VECTOR('',#1309,1.);
#1309 = DIRECTION('',(0.182089260182,0.983282004985,0.));
#1310 = ORIENTED_EDGE('',*,*,#1311,.T.);
#1311 = EDGE_CURVE('',#1304,#1312,#1314,.T.);
#1312 = VERTEX_POINT('',#1313);
#1313 = CARTESIAN_POINT('',(34.05,8.948047515538,-2.3));
#1314 = LINE('',#1315,#1316);
#1315 = CARTESIAN_POINT('',(18.491681469282,8.7135,-2.3));
#1316 = VECTOR('',#1317,1.);
#1317 = DIRECTION('',(0.999886385871,1.507366410861E-02,0.));
#1318 = ORIENTED_EDGE('',*,*,#1319,.T.);
#1319 = EDGE_CURVE('',#1312,#1320,#1322,.T.);
#1320 = VERTEX_POINT('',#1321);
#1321 = CARTESIAN_POINT('',(34.05,8.950415550202,-2.3));
#1322 = LINE('',#1323,#1324);
#1323 = CARTESIAN_POINT('',(34.05,8.948047515538,-2.3));
#1324 = VECTOR('',#1325,1.);
#1325 = DIRECTION('',(0.,1.,0.));
#1326 = ORIENTED_EDGE('',*,*,#1327,.T.);
#1327 = EDGE_CURVE('',#1320,#1328,#1330,.T.);
#1328 = VERTEX_POINT('',#1329);
#1329 = CARTESIAN_POINT('',(34.05,13.4125,-2.3));
#1330 = LINE('',#1331,#1332);
#1331 = CARTESIAN_POINT('',(34.05,8.948047515538,-2.3));
#1332 = VECTOR('',#1333,1.);
#1333 = DIRECTION('',(0.,1.,0.));
#1334 = ORIENTED_EDGE('',*,*,#1335,.T.);
#1335 = EDGE_CURVE('',#1328,#1336,#1338,.T.);
#1336 = VERTEX_POINT('',#1337);
#1337 = CARTESIAN_POINT('',(18.491681469282,13.4125,-2.3));
#1338 = LINE('',#1339,#1340);
#1339 = CARTESIAN_POINT('',(34.05,13.4125,-2.3));
#1340 = VECTOR('',#1341,1.);
#1341 = DIRECTION('',(-1.,0.,0.));
#1342 = ORIENTED_EDGE('',*,*,#1343,.T.);
#1343 = EDGE_CURVE('',#1336,#1344,#1346,.T.);
#1344 = VERTEX_POINT('',#1345);
#1345 = CARTESIAN_POINT('',(17.729681469282,13.7935,-2.3));
#1346 = LINE('',#1347,#1348);
#1347 = CARTESIAN_POINT('',(18.491681469282,13.4125,-2.3));
#1348 = VECTOR('',#1349,1.);
#1349 = DIRECTION('',(-0.894427191,0.4472135955,0.));
#1350 = ORIENTED_EDGE('',*,*,#1351,.T.);
#1351 = EDGE_CURVE('',#1344,#1352,#1354,.T.);
#1352 = VERTEX_POINT('',#1353);
#1353 = CARTESIAN_POINT('',(16.586681469282,14.0475,-2.3));
#1354 = LINE('',#1355,#1356);
#1355 = CARTESIAN_POINT('',(17.729681469282,13.7935,-2.3));
#1356 = VECTOR('',#1357,1.);
#1357 = DIRECTION('',(-0.976187060184,0.216930457819,0.));
#1358 = ORIENTED_EDGE('',*,*,#1359,.T.);
#1359 = EDGE_CURVE('',#1352,#1360,#1362,.T.);
#1360 = VERTEX_POINT('',#1361);
#1361 = CARTESIAN_POINT('',(4.775681469282,13.9205,-2.3));
#1362 = LINE('',#1363,#1364);
#1363 = CARTESIAN_POINT('',(16.586681469282,14.0475,-2.3));
#1364 = VECTOR('',#1365,1.);
#1365 = DIRECTION('',(-0.999942194861,-1.075206661141E-02,0.));
#1366 = ORIENTED_EDGE('',*,*,#1367,.T.);
#1367 = EDGE_CURVE('',#1360,#1368,#1370,.T.);
#1368 = VERTEX_POINT('',#1369);
#1369 = CARTESIAN_POINT('',(2.997681469282,13.4125,-2.3));
#1370 = LINE('',#1371,#1372);
#1371 = CARTESIAN_POINT('',(4.775681469282,13.9205,-2.3));
#1372 = VECTOR('',#1373,1.);
#1373 = DIRECTION('',(-0.961523947641,-0.274721127897,0.));
#1374 = ORIENTED_EDGE('',*,*,#1375,.T.);
#1375 = EDGE_CURVE('',#1368,#1376,#1378,.T.);
#1376 = VERTEX_POINT('',#1377);
#1377 = CARTESIAN_POINT('',(1.219681469282,12.0155,-2.3));
#1378 = LINE('',#1379,#1380);
#1379 = CARTESIAN_POINT('',(2.997681469282,13.4125,-2.3));
#1380 = VECTOR('',#1381,1.);
#1381 = DIRECTION('',(-0.786318338822,-0.617821551932,0.));
#1382 = ORIENTED_EDGE('',*,*,#1383,.T.);
#1383 = EDGE_CURVE('',#1376,#1207,#1384,.T.);
#1384 = LINE('',#1385,#1386);
#1385 = CARTESIAN_POINT('',(1.219681469282,12.0155,-2.3));
#1386 = VECTOR('',#1387,1.);
#1387 = DIRECTION('',(-1.,0.,0.));
#1388 = ORIENTED_EDGE('',*,*,#1206,.F.);
#1389 = PLANE('',#1390);
#1390 = AXIS2_PLACEMENT_3D('',#1391,#1392,#1393);
#1391 = CARTESIAN_POINT('',(16.78763832845,10.04548432102,-2.3));
#1392 = DIRECTION('',(0.,0.,1.));
#1393 = DIRECTION('',(1.,0.,-0.));
#1394 = ADVANCED_FACE('',(#1395),#1524,.T.);
#1395 = FACE_BOUND('',#1396,.T.);
#1396 = EDGE_LOOP('',(#1397,#1405,#1413,#1421,#1429,#1437,#1445,#1453,
    #1461,#1469,#1477,#1485,#1493,#1501,#1509,#1517,#1523));
#1397 = ORIENTED_EDGE('',*,*,#1398,.T.);
#1398 = EDGE_CURVE('',#1231,#1399,#1401,.T.);
#1399 = VERTEX_POINT('',#1400);
#1400 = CARTESIAN_POINT('',(0.965681469282,6.4275,-2.15));
#1401 = LINE('',#1402,#1403);
#1402 = CARTESIAN_POINT('',(0.3,6.4275,-2.15));
#1403 = VECTOR('',#1404,1.);
#1404 = DIRECTION('',(1.,0.,0.));
#1405 = ORIENTED_EDGE('',*,*,#1406,.T.);
#1406 = EDGE_CURVE('',#1399,#1407,#1409,.T.);
#1407 = VERTEX_POINT('',#1408);
#1408 = CARTESIAN_POINT('',(2.616681469282,5.1575,-2.15));
#1409 = LINE('',#1410,#1411);
#1410 = CARTESIAN_POINT('',(0.965681469282,6.4275,-2.15));
#1411 = VECTOR('',#1412,1.);
#1412 = DIRECTION('',(0.792623989105,-0.60971076085,0.));
#1413 = ORIENTED_EDGE('',*,*,#1414,.T.);
#1414 = EDGE_CURVE('',#1407,#1415,#1417,.T.);
#1415 = VERTEX_POINT('',#1416);
#1416 = CARTESIAN_POINT('',(3.886681469282,4.7765,-2.15));
#1417 = LINE('',#1418,#1419);
#1418 = CARTESIAN_POINT('',(2.616681469282,5.1575,-2.15));
#1419 = VECTOR('',#1420,1.);
#1420 = DIRECTION('',(0.957826285221,-0.287347885566,0.));
#1421 = ORIENTED_EDGE('',*,*,#1422,.T.);
#1422 = EDGE_CURVE('',#1415,#1423,#1425,.T.);
#1423 = VERTEX_POINT('',#1424);
#1424 = CARTESIAN_POINT('',(16.840681469282,4.7765,-2.15));
#1425 = LINE('',#1426,#1427);
#1426 = CARTESIAN_POINT('',(3.886681469282,4.7765,-2.15));
#1427 = VECTOR('',#1428,1.);
#1428 = DIRECTION('',(1.,0.,0.));
#1429 = ORIENTED_EDGE('',*,*,#1430,.T.);
#1430 = EDGE_CURVE('',#1423,#1431,#1433,.T.);
#1431 = VERTEX_POINT('',#1432);
#1432 = CARTESIAN_POINT('',(17.856681469282,5.2845,-2.15));
#1433 = LINE('',#1434,#1435);
#1434 = CARTESIAN_POINT('',(16.840681469282,4.7765,-2.15));
#1435 = VECTOR('',#1436,1.);
#1436 = DIRECTION('',(0.894427191,0.4472135955,0.));
#1437 = ORIENTED_EDGE('',*,*,#1438,.T.);
#1438 = EDGE_CURVE('',#1431,#1439,#1441,.T.);
#1439 = VERTEX_POINT('',#1440);
#1440 = CARTESIAN_POINT('',(18.491681469282,8.7135,-2.15));
#1441 = LINE('',#1442,#1443);
#1442 = CARTESIAN_POINT('',(17.856681469282,5.2845,-2.15));
#1443 = VECTOR('',#1444,1.);
#1444 = DIRECTION('',(0.182089260182,0.983282004985,0.));
#1445 = ORIENTED_EDGE('',*,*,#1446,.T.);
#1446 = EDGE_CURVE('',#1439,#1447,#1449,.T.);
#1447 = VERTEX_POINT('',#1448);
#1448 = CARTESIAN_POINT('',(34.05,8.948047515538,-2.15));
#1449 = LINE('',#1450,#1451);
#1450 = CARTESIAN_POINT('',(18.491681469282,8.7135,-2.15));
#1451 = VECTOR('',#1452,1.);
#1452 = DIRECTION('',(0.999886385871,1.507366410861E-02,0.));
#1453 = ORIENTED_EDGE('',*,*,#1454,.T.);
#1454 = EDGE_CURVE('',#1447,#1455,#1457,.T.);
#1455 = VERTEX_POINT('',#1456);
#1456 = CARTESIAN_POINT('',(34.05,8.950415550202,-2.15));
#1457 = LINE('',#1458,#1459);
#1458 = CARTESIAN_POINT('',(34.05,8.948047515538,-2.15));
#1459 = VECTOR('',#1460,1.);
#1460 = DIRECTION('',(0.,1.,0.));
#1461 = ORIENTED_EDGE('',*,*,#1462,.T.);
#1462 = EDGE_CURVE('',#1455,#1463,#1465,.T.);
#1463 = VERTEX_POINT('',#1464);
#1464 = CARTESIAN_POINT('',(34.05,13.4125,-2.15));
#1465 = LINE('',#1466,#1467);
#1466 = CARTESIAN_POINT('',(34.05,8.948047515538,-2.15));
#1467 = VECTOR('',#1468,1.);
#1468 = DIRECTION('',(0.,1.,0.));
#1469 = ORIENTED_EDGE('',*,*,#1470,.T.);
#1470 = EDGE_CURVE('',#1463,#1471,#1473,.T.);
#1471 = VERTEX_POINT('',#1472);
#1472 = CARTESIAN_POINT('',(18.491681469282,13.4125,-2.15));
#1473 = LINE('',#1474,#1475);
#1474 = CARTESIAN_POINT('',(34.05,13.4125,-2.15));
#1475 = VECTOR('',#1476,1.);
#1476 = DIRECTION('',(-1.,0.,0.));
#1477 = ORIENTED_EDGE('',*,*,#1478,.T.);
#1478 = EDGE_CURVE('',#1471,#1479,#1481,.T.);
#1479 = VERTEX_POINT('',#1480);
#1480 = CARTESIAN_POINT('',(17.729681469282,13.7935,-2.15));
#1481 = LINE('',#1482,#1483);
#1482 = CARTESIAN_POINT('',(18.491681469282,13.4125,-2.15));
#1483 = VECTOR('',#1484,1.);
#1484 = DIRECTION('',(-0.894427191,0.4472135955,0.));
#1485 = ORIENTED_EDGE('',*,*,#1486,.T.);
#1486 = EDGE_CURVE('',#1479,#1487,#1489,.T.);
#1487 = VERTEX_POINT('',#1488);
#1488 = CARTESIAN_POINT('',(16.586681469282,14.0475,-2.15));
#1489 = LINE('',#1490,#1491);
#1490 = CARTESIAN_POINT('',(17.729681469282,13.7935,-2.15));
#1491 = VECTOR('',#1492,1.);
#1492 = DIRECTION('',(-0.976187060184,0.216930457819,0.));
#1493 = ORIENTED_EDGE('',*,*,#1494,.T.);
#1494 = EDGE_CURVE('',#1487,#1495,#1497,.T.);
#1495 = VERTEX_POINT('',#1496);
#1496 = CARTESIAN_POINT('',(4.775681469282,13.9205,-2.15));
#1497 = LINE('',#1498,#1499);
#1498 = CARTESIAN_POINT('',(16.586681469282,14.0475,-2.15));
#1499 = VECTOR('',#1500,1.);
#1500 = DIRECTION('',(-0.999942194861,-1.075206661141E-02,0.));
#1501 = ORIENTED_EDGE('',*,*,#1502,.T.);
#1502 = EDGE_CURVE('',#1495,#1503,#1505,.T.);
#1503 = VERTEX_POINT('',#1504);
#1504 = CARTESIAN_POINT('',(2.997681469282,13.4125,-2.15));
#1505 = LINE('',#1506,#1507);
#1506 = CARTESIAN_POINT('',(4.775681469282,13.9205,-2.15));
#1507 = VECTOR('',#1508,1.);
#1508 = DIRECTION('',(-0.961523947641,-0.274721127897,0.));
#1509 = ORIENTED_EDGE('',*,*,#1510,.T.);
#1510 = EDGE_CURVE('',#1503,#1511,#1513,.T.);
#1511 = VERTEX_POINT('',#1512);
#1512 = CARTESIAN_POINT('',(1.219681469282,12.0155,-2.15));
#1513 = LINE('',#1514,#1515);
#1514 = CARTESIAN_POINT('',(2.997681469282,13.4125,-2.15));
#1515 = VECTOR('',#1516,1.);
#1516 = DIRECTION('',(-0.786318338822,-0.617821551932,0.));
#1517 = ORIENTED_EDGE('',*,*,#1518,.T.);
#1518 = EDGE_CURVE('',#1511,#1233,#1519,.T.);
#1519 = LINE('',#1520,#1521);
#1520 = CARTESIAN_POINT('',(1.219681469282,12.0155,-2.15));
#1521 = VECTOR('',#1522,1.);
#1522 = DIRECTION('',(-1.,0.,0.));
#1523 = ORIENTED_EDGE('',*,*,#1230,.F.);
#1524 = PLANE('',#1525);
#1525 = AXIS2_PLACEMENT_3D('',#1526,#1527,#1528);
#1526 = CARTESIAN_POINT('',(16.78763832845,10.04548432102,-2.15));
#1527 = DIRECTION('',(0.,0.,1.));
#1528 = DIRECTION('',(1.,0.,-0.));
#1529 = ADVANCED_FACE('',(#1530),#1546,.F.);
#1530 = FACE_BOUND('',#1531,.F.);
#1531 = EDGE_LOOP('',(#1532,#1538,#1539,#1545));
#1532 = ORIENTED_EDGE('',*,*,#1533,.T.);
#1533 = EDGE_CURVE('',#1368,#1503,#1534,.T.);
#1534 = LINE('',#1535,#1536);
#1535 = CARTESIAN_POINT('',(2.997681469282,13.4125,-2.3));
#1536 = VECTOR('',#1537,1.);
#1537 = DIRECTION('',(0.,0.,1.));
#1538 = ORIENTED_EDGE('',*,*,#1510,.T.);
#1539 = ORIENTED_EDGE('',*,*,#1540,.F.);
#1540 = EDGE_CURVE('',#1376,#1511,#1541,.T.);
#1541 = LINE('',#1542,#1543);
#1542 = CARTESIAN_POINT('',(1.219681469282,12.0155,-2.3));
#1543 = VECTOR('',#1544,1.);
#1544 = DIRECTION('',(0.,0.,1.));
#1545 = ORIENTED_EDGE('',*,*,#1375,.F.);
#1546 = PLANE('',#1547);
#1547 = AXIS2_PLACEMENT_3D('',#1548,#1549,#1550);
#1548 = CARTESIAN_POINT('',(2.997681469282,13.4125,-2.3));
#1549 = DIRECTION('',(0.617821551932,-0.786318338822,0.));
#1550 = DIRECTION('',(-0.786318338822,-0.617821551932,0.));
#1551 = ADVANCED_FACE('',(#1552),#1568,.F.);
#1552 = FACE_BOUND('',#1553,.F.);
#1553 = EDGE_LOOP('',(#1554,#1560,#1561,#1567));
#1554 = ORIENTED_EDGE('',*,*,#1555,.T.);
#1555 = EDGE_CURVE('',#1264,#1399,#1556,.T.);
#1556 = LINE('',#1557,#1558);
#1557 = CARTESIAN_POINT('',(0.965681469282,6.4275,-2.3));
#1558 = VECTOR('',#1559,1.);
#1559 = DIRECTION('',(0.,0.,1.));
#1560 = ORIENTED_EDGE('',*,*,#1406,.T.);
#1561 = ORIENTED_EDGE('',*,*,#1562,.F.);
#1562 = EDGE_CURVE('',#1272,#1407,#1563,.T.);
#1563 = LINE('',#1564,#1565);
#1564 = CARTESIAN_POINT('',(2.616681469282,5.1575,-2.3));
#1565 = VECTOR('',#1566,1.);
#1566 = DIRECTION('',(0.,0.,1.));
#1567 = ORIENTED_EDGE('',*,*,#1271,.F.);
#1568 = PLANE('',#1569);
#1569 = AXIS2_PLACEMENT_3D('',#1570,#1571,#1572);
#1570 = CARTESIAN_POINT('',(0.965681469282,6.4275,-2.3));
#1571 = DIRECTION('',(0.60971076085,0.792623989105,0.));
#1572 = DIRECTION('',(0.792623989105,-0.60971076085,0.));
#1573 = ADVANCED_FACE('',(#1574),#1585,.F.);
#1574 = FACE_BOUND('',#1575,.F.);
#1575 = EDGE_LOOP('',(#1576,#1577,#1578,#1584));
#1576 = ORIENTED_EDGE('',*,*,#1562,.T.);
#1577 = ORIENTED_EDGE('',*,*,#1414,.T.);
#1578 = ORIENTED_EDGE('',*,*,#1579,.F.);
#1579 = EDGE_CURVE('',#1280,#1415,#1580,.T.);
#1580 = LINE('',#1581,#1582);
#1581 = CARTESIAN_POINT('',(3.886681469282,4.7765,-2.3));
#1582 = VECTOR('',#1583,1.);
#1583 = DIRECTION('',(0.,0.,1.));
#1584 = ORIENTED_EDGE('',*,*,#1279,.F.);
#1585 = PLANE('',#1586);
#1586 = AXIS2_PLACEMENT_3D('',#1587,#1588,#1589);
#1587 = CARTESIAN_POINT('',(2.616681469282,5.1575,-2.3));
#1588 = DIRECTION('',(0.287347885566,0.957826285221,0.));
#1589 = DIRECTION('',(0.957826285221,-0.287347885566,0.));
#1590 = ADVANCED_FACE('',(#1591),#1602,.F.);
#1591 = FACE_BOUND('',#1592,.F.);
#1592 = EDGE_LOOP('',(#1593,#1594,#1595,#1601));
#1593 = ORIENTED_EDGE('',*,*,#1579,.T.);
#1594 = ORIENTED_EDGE('',*,*,#1422,.T.);
#1595 = ORIENTED_EDGE('',*,*,#1596,.F.);
#1596 = EDGE_CURVE('',#1288,#1423,#1597,.T.);
#1597 = LINE('',#1598,#1599);
#1598 = CARTESIAN_POINT('',(16.840681469282,4.7765,-2.3));
#1599 = VECTOR('',#1600,1.);
#1600 = DIRECTION('',(0.,0.,1.));
#1601 = ORIENTED_EDGE('',*,*,#1287,.F.);
#1602 = PLANE('',#1603);
#1603 = AXIS2_PLACEMENT_3D('',#1604,#1605,#1606);
#1604 = CARTESIAN_POINT('',(3.886681469282,4.7765,-2.3));
#1605 = DIRECTION('',(0.,1.,0.));
#1606 = DIRECTION('',(1.,0.,0.));
#1607 = ADVANCED_FACE('',(#1608),#1619,.F.);
#1608 = FACE_BOUND('',#1609,.F.);
#1609 = EDGE_LOOP('',(#1610,#1611,#1612,#1618));
#1610 = ORIENTED_EDGE('',*,*,#1596,.T.);
#1611 = ORIENTED_EDGE('',*,*,#1430,.T.);
#1612 = ORIENTED_EDGE('',*,*,#1613,.F.);
#1613 = EDGE_CURVE('',#1296,#1431,#1614,.T.);
#1614 = LINE('',#1615,#1616);
#1615 = CARTESIAN_POINT('',(17.856681469282,5.2845,-2.3));
#1616 = VECTOR('',#1617,1.);
#1617 = DIRECTION('',(0.,0.,1.));
#1618 = ORIENTED_EDGE('',*,*,#1295,.F.);
#1619 = PLANE('',#1620);
#1620 = AXIS2_PLACEMENT_3D('',#1621,#1622,#1623);
#1621 = CARTESIAN_POINT('',(16.840681469282,4.7765,-2.3));
#1622 = DIRECTION('',(-0.4472135955,0.894427191,0.));
#1623 = DIRECTION('',(0.894427191,0.4472135955,0.));
#1624 = ADVANCED_FACE('',(#1625),#1636,.F.);
#1625 = FACE_BOUND('',#1626,.F.);
#1626 = EDGE_LOOP('',(#1627,#1628,#1629,#1635));
#1627 = ORIENTED_EDGE('',*,*,#1613,.T.);
#1628 = ORIENTED_EDGE('',*,*,#1438,.T.);
#1629 = ORIENTED_EDGE('',*,*,#1630,.F.);
#1630 = EDGE_CURVE('',#1304,#1439,#1631,.T.);
#1631 = LINE('',#1632,#1633);
#1632 = CARTESIAN_POINT('',(18.491681469282,8.7135,-2.3));
#1633 = VECTOR('',#1634,1.);
#1634 = DIRECTION('',(0.,0.,1.));
#1635 = ORIENTED_EDGE('',*,*,#1303,.F.);
#1636 = PLANE('',#1637);
#1637 = AXIS2_PLACEMENT_3D('',#1638,#1639,#1640);
#1638 = CARTESIAN_POINT('',(17.856681469282,5.2845,-2.3));
#1639 = DIRECTION('',(-0.983282004985,0.182089260182,0.));
#1640 = DIRECTION('',(0.182089260182,0.983282004985,0.));
#1641 = ADVANCED_FACE('',(#1642),#1653,.F.);
#1642 = FACE_BOUND('',#1643,.F.);
#1643 = EDGE_LOOP('',(#1644,#1645,#1646,#1652));
#1644 = ORIENTED_EDGE('',*,*,#1630,.T.);
#1645 = ORIENTED_EDGE('',*,*,#1446,.T.);
#1646 = ORIENTED_EDGE('',*,*,#1647,.F.);
#1647 = EDGE_CURVE('',#1312,#1447,#1648,.T.);
#1648 = LINE('',#1649,#1650);
#1649 = CARTESIAN_POINT('',(34.05,8.948047515538,-2.3));
#1650 = VECTOR('',#1651,1.);
#1651 = DIRECTION('',(0.,0.,1.));
#1652 = ORIENTED_EDGE('',*,*,#1311,.F.);
#1653 = PLANE('',#1654);
#1654 = AXIS2_PLACEMENT_3D('',#1655,#1656,#1657);
#1655 = CARTESIAN_POINT('',(18.491681469282,8.7135,-2.3));
#1656 = DIRECTION('',(-1.507366410861E-02,0.999886385871,0.));
#1657 = DIRECTION('',(0.999886385871,1.507366410861E-02,0.));
#1658 = ADVANCED_FACE('',(#1659),#1670,.F.);
#1659 = FACE_BOUND('',#1660,.F.);
#1660 = EDGE_LOOP('',(#1661,#1662,#1663,#1664));
#1661 = ORIENTED_EDGE('',*,*,#1319,.F.);
#1662 = ORIENTED_EDGE('',*,*,#1647,.T.);
#1663 = ORIENTED_EDGE('',*,*,#1454,.T.);
#1664 = ORIENTED_EDGE('',*,*,#1665,.T.);
#1665 = EDGE_CURVE('',#1455,#1320,#1666,.T.);
#1666 = LINE('',#1667,#1668);
#1667 = CARTESIAN_POINT('',(34.05,8.950415550202,-2.15));
#1668 = VECTOR('',#1669,1.);
#1669 = DIRECTION('',(0.,0.,-1.));
#1670 = PLANE('',#1671);
#1671 = AXIS2_PLACEMENT_3D('',#1672,#1673,#1674);
#1672 = CARTESIAN_POINT('',(34.05,8.948047515538,-2.3));
#1673 = DIRECTION('',(-1.,0.,0.));
#1674 = DIRECTION('',(0.,1.,0.));
#1675 = ADVANCED_FACE('',(#1676),#1711,.T.);
#1676 = FACE_BOUND('',#1677,.T.);
#1677 = EDGE_LOOP('',(#1678,#1679,#1688,#1696,#1704));
#1678 = ORIENTED_EDGE('',*,*,#1327,.T.);
#1679 = ORIENTED_EDGE('',*,*,#1680,.T.);
#1680 = EDGE_CURVE('',#1328,#1681,#1683,.T.);
#1681 = VERTEX_POINT('',#1682);
#1682 = CARTESIAN_POINT('',(34.325,13.4125,-2.025));
#1683 = CIRCLE('',#1684,0.275);
#1684 = AXIS2_PLACEMENT_3D('',#1685,#1686,#1687);
#1685 = CARTESIAN_POINT('',(34.05,13.4125,-2.025));
#1686 = DIRECTION('',(0.,-1.,0.));
#1687 = DIRECTION('',(2.584E-14,0.,-1.));
#1688 = ORIENTED_EDGE('',*,*,#1689,.F.);
#1689 = EDGE_CURVE('',#1690,#1681,#1692,.T.);
#1690 = VERTEX_POINT('',#1691);
#1691 = CARTESIAN_POINT('',(34.325,8.952783584865,-2.025));
#1692 = LINE('',#1693,#1694);
#1693 = CARTESIAN_POINT('',(34.325,8.950415550202,-2.025));
#1694 = VECTOR('',#1695,1.);
#1695 = DIRECTION('',(0.,1.,0.));
#1696 = ORIENTED_EDGE('',*,*,#1697,.F.);
#1697 = EDGE_CURVE('',#1698,#1690,#1700,.T.);
#1698 = VERTEX_POINT('',#1699);
#1699 = CARTESIAN_POINT('',(34.325,8.950415550202,-2.025));
#1700 = LINE('',#1701,#1702);
#1701 = CARTESIAN_POINT('',(34.325,8.950415550202,-2.025));
#1702 = VECTOR('',#1703,1.);
#1703 = DIRECTION('',(0.,1.,0.));
#1704 = ORIENTED_EDGE('',*,*,#1705,.F.);
#1705 = EDGE_CURVE('',#1320,#1698,#1706,.T.);
#1706 = CIRCLE('',#1707,0.275);
#1707 = AXIS2_PLACEMENT_3D('',#1708,#1709,#1710);
#1708 = CARTESIAN_POINT('',(34.05,8.950415550202,-2.025));
#1709 = DIRECTION('',(0.,-1.,0.));
#1710 = DIRECTION('',(2.584E-14,0.,-1.));
#1711 = CYLINDRICAL_SURFACE('',#1712,0.275);
#1712 = AXIS2_PLACEMENT_3D('',#1713,#1714,#1715);
#1713 = CARTESIAN_POINT('',(34.05,8.950415550202,-2.025));
#1714 = DIRECTION('',(0.,-1.,0.));
#1715 = DIRECTION('',(2.584E-14,0.,-1.));
#1716 = ADVANCED_FACE('',(#1717),#1733,.F.);
#1717 = FACE_BOUND('',#1718,.F.);
#1718 = EDGE_LOOP('',(#1719,#1725,#1726,#1732));
#1719 = ORIENTED_EDGE('',*,*,#1720,.T.);
#1720 = EDGE_CURVE('',#1336,#1471,#1721,.T.);
#1721 = LINE('',#1722,#1723);
#1722 = CARTESIAN_POINT('',(18.491681469282,13.4125,-2.3));
#1723 = VECTOR('',#1724,1.);
#1724 = DIRECTION('',(0.,0.,1.));
#1725 = ORIENTED_EDGE('',*,*,#1478,.T.);
#1726 = ORIENTED_EDGE('',*,*,#1727,.F.);
#1727 = EDGE_CURVE('',#1344,#1479,#1728,.T.);
#1728 = LINE('',#1729,#1730);
#1729 = CARTESIAN_POINT('',(17.729681469282,13.7935,-2.3));
#1730 = VECTOR('',#1731,1.);
#1731 = DIRECTION('',(0.,0.,1.));
#1732 = ORIENTED_EDGE('',*,*,#1343,.F.);
#1733 = PLANE('',#1734);
#1734 = AXIS2_PLACEMENT_3D('',#1735,#1736,#1737);
#1735 = CARTESIAN_POINT('',(18.491681469282,13.4125,-2.3));
#1736 = DIRECTION('',(-0.4472135955,-0.894427191,0.));
#1737 = DIRECTION('',(-0.894427191,0.4472135955,0.));
#1738 = ADVANCED_FACE('',(#1739),#1750,.F.);
#1739 = FACE_BOUND('',#1740,.F.);
#1740 = EDGE_LOOP('',(#1741,#1742,#1743,#1749));
#1741 = ORIENTED_EDGE('',*,*,#1727,.T.);
#1742 = ORIENTED_EDGE('',*,*,#1486,.T.);
#1743 = ORIENTED_EDGE('',*,*,#1744,.F.);
#1744 = EDGE_CURVE('',#1352,#1487,#1745,.T.);
#1745 = LINE('',#1746,#1747);
#1746 = CARTESIAN_POINT('',(16.586681469282,14.0475,-2.3));
#1747 = VECTOR('',#1748,1.);
#1748 = DIRECTION('',(0.,0.,1.));
#1749 = ORIENTED_EDGE('',*,*,#1351,.F.);
#1750 = PLANE('',#1751);
#1751 = AXIS2_PLACEMENT_3D('',#1752,#1753,#1754);
#1752 = CARTESIAN_POINT('',(17.729681469282,13.7935,-2.3));
#1753 = DIRECTION('',(-0.216930457819,-0.976187060184,0.));
#1754 = DIRECTION('',(-0.976187060184,0.216930457819,0.));
#1755 = ADVANCED_FACE('',(#1756),#1767,.F.);
#1756 = FACE_BOUND('',#1757,.F.);
#1757 = EDGE_LOOP('',(#1758,#1759,#1760,#1766));
#1758 = ORIENTED_EDGE('',*,*,#1744,.T.);
#1759 = ORIENTED_EDGE('',*,*,#1494,.T.);
#1760 = ORIENTED_EDGE('',*,*,#1761,.F.);
#1761 = EDGE_CURVE('',#1360,#1495,#1762,.T.);
#1762 = LINE('',#1763,#1764);
#1763 = CARTESIAN_POINT('',(4.775681469282,13.9205,-2.3));
#1764 = VECTOR('',#1765,1.);
#1765 = DIRECTION('',(0.,0.,1.));
#1766 = ORIENTED_EDGE('',*,*,#1359,.F.);
#1767 = PLANE('',#1768);
#1768 = AXIS2_PLACEMENT_3D('',#1769,#1770,#1771);
#1769 = CARTESIAN_POINT('',(16.586681469282,14.0475,-2.3));
#1770 = DIRECTION('',(1.075206661141E-02,-0.999942194861,0.));
#1771 = DIRECTION('',(-0.999942194861,-1.075206661141E-02,0.));
#1772 = ADVANCED_FACE('',(#1773),#1779,.F.);
#1773 = FACE_BOUND('',#1774,.F.);
#1774 = EDGE_LOOP('',(#1775,#1776,#1777,#1778));
#1775 = ORIENTED_EDGE('',*,*,#1761,.T.);
#1776 = ORIENTED_EDGE('',*,*,#1502,.T.);
#1777 = ORIENTED_EDGE('',*,*,#1533,.F.);
#1778 = ORIENTED_EDGE('',*,*,#1367,.F.);
#1779 = PLANE('',#1780);
#1780 = AXIS2_PLACEMENT_3D('',#1781,#1782,#1783);
#1781 = CARTESIAN_POINT('',(4.775681469282,13.9205,-2.3));
#1782 = DIRECTION('',(0.274721127897,-0.961523947641,0.));
#1783 = DIRECTION('',(-0.961523947641,-0.274721127897,0.));
#1784 = ADVANCED_FACE('',(#1785),#1820,.F.);
#1785 = FACE_BOUND('',#1786,.F.);
#1786 = EDGE_LOOP('',(#1787,#1796,#1797,#1806,#1814));
#1787 = ORIENTED_EDGE('',*,*,#1788,.T.);
#1788 = EDGE_CURVE('',#1789,#1455,#1791,.T.);
#1789 = VERTEX_POINT('',#1790);
#1790 = CARTESIAN_POINT('',(34.175,8.950415550202,-2.025));
#1791 = CIRCLE('',#1792,0.125);
#1792 = AXIS2_PLACEMENT_3D('',#1793,#1794,#1795);
#1793 = CARTESIAN_POINT('',(34.05,8.950415550202,-2.025));
#1794 = DIRECTION('',(-0.,1.,0.));
#1795 = DIRECTION('',(1.,0.,1.421E-14));
#1796 = ORIENTED_EDGE('',*,*,#1462,.T.);
#1797 = ORIENTED_EDGE('',*,*,#1798,.F.);
#1798 = EDGE_CURVE('',#1799,#1463,#1801,.T.);
#1799 = VERTEX_POINT('',#1800);
#1800 = CARTESIAN_POINT('',(34.175,13.4125,-2.025));
#1801 = CIRCLE('',#1802,0.125);
#1802 = AXIS2_PLACEMENT_3D('',#1803,#1804,#1805);
#1803 = CARTESIAN_POINT('',(34.05,13.4125,-2.025));
#1804 = DIRECTION('',(-0.,1.,0.));
#1805 = DIRECTION('',(1.,0.,1.421E-14));
#1806 = ORIENTED_EDGE('',*,*,#1807,.F.);
#1807 = EDGE_CURVE('',#1808,#1799,#1810,.T.);
#1808 = VERTEX_POINT('',#1809);
#1809 = CARTESIAN_POINT('',(34.175,8.952783584865,-2.025));
#1810 = LINE('',#1811,#1812);
#1811 = CARTESIAN_POINT('',(34.175,8.950415550202,-2.025));
#1812 = VECTOR('',#1813,1.);
#1813 = DIRECTION('',(0.,1.,0.));
#1814 = ORIENTED_EDGE('',*,*,#1815,.F.);
#1815 = EDGE_CURVE('',#1789,#1808,#1816,.T.);
#1816 = LINE('',#1817,#1818);
#1817 = CARTESIAN_POINT('',(34.175,8.950415550202,-2.025));
#1818 = VECTOR('',#1819,1.);
#1819 = DIRECTION('',(0.,1.,0.));
#1820 = CYLINDRICAL_SURFACE('',#1821,0.125);
#1821 = AXIS2_PLACEMENT_3D('',#1822,#1823,#1824);
#1822 = CARTESIAN_POINT('',(34.05,8.950415550202,-2.025));
#1823 = DIRECTION('',(-0.,-1.,-0.));
#1824 = DIRECTION('',(1.,-0.,1.421E-14));
#1825 = ADVANCED_FACE('',(#1826),#1837,.T.);
#1826 = FACE_BOUND('',#1827,.T.);
#1827 = EDGE_LOOP('',(#1828,#1829,#1835,#1836));
#1828 = ORIENTED_EDGE('',*,*,#1705,.T.);
#1829 = ORIENTED_EDGE('',*,*,#1830,.T.);
#1830 = EDGE_CURVE('',#1698,#1789,#1831,.T.);
#1831 = LINE('',#1832,#1833);
#1832 = CARTESIAN_POINT('',(34.325,8.950415550202,-2.025));
#1833 = VECTOR('',#1834,1.);
#1834 = DIRECTION('',(-1.,0.,-1.184E-14));
#1835 = ORIENTED_EDGE('',*,*,#1788,.T.);
#1836 = ORIENTED_EDGE('',*,*,#1665,.T.);
#1837 = PLANE('',#1838);
#1838 = AXIS2_PLACEMENT_3D('',#1839,#1840,#1841);
#1839 = CARTESIAN_POINT('',(34.178251334794,8.950415550202,
    -2.153251334794));
#1840 = DIRECTION('',(-0.,-1.,-0.));
#1841 = DIRECTION('',(0.,0.,-1.));
#1842 = ADVANCED_FACE('',(#1843),#1854,.T.);
#1843 = FACE_BOUND('',#1844,.T.);
#1844 = EDGE_LOOP('',(#1845,#1846,#1847,#1853));
#1845 = ORIENTED_EDGE('',*,*,#1830,.F.);
#1846 = ORIENTED_EDGE('',*,*,#1697,.T.);
#1847 = ORIENTED_EDGE('',*,*,#1848,.T.);
#1848 = EDGE_CURVE('',#1690,#1808,#1849,.T.);
#1849 = LINE('',#1850,#1851);
#1850 = CARTESIAN_POINT('',(34.325,8.952783584865,-2.025));
#1851 = VECTOR('',#1852,1.);
#1852 = DIRECTION('',(-1.,0.,6.E-17));
#1853 = ORIENTED_EDGE('',*,*,#1815,.F.);
#1854 = PLANE('',#1855);
#1855 = AXIS2_PLACEMENT_3D('',#1856,#1857,#1858);
#1856 = CARTESIAN_POINT('',(34.325,8.950415550202,-2.025));
#1857 = DIRECTION('',(-1.184E-14,0.,1.));
#1858 = DIRECTION('',(-1.,0.,-1.184E-14));
#1859 = ADVANCED_FACE('',(#1860),#1893,.F.);
#1860 = FACE_BOUND('',#1861,.F.);
#1861 = EDGE_LOOP('',(#1862,#1870,#1878,#1886,#1892));
#1862 = ORIENTED_EDGE('',*,*,#1863,.T.);
#1863 = EDGE_CURVE('',#1690,#1864,#1866,.T.);
#1864 = VERTEX_POINT('',#1865);
#1865 = CARTESIAN_POINT('',(34.325,8.991979564765,0.575));
#1866 = LINE('',#1867,#1868);
#1867 = CARTESIAN_POINT('',(34.325,8.952783584865,-2.025));
#1868 = VECTOR('',#1869,1.);
#1869 = DIRECTION('',(0.,1.507366410861E-02,0.999886385871));
#1870 = ORIENTED_EDGE('',*,*,#1871,.T.);
#1871 = EDGE_CURVE('',#1864,#1872,#1874,.T.);
#1872 = VERTEX_POINT('',#1873);
#1873 = CARTESIAN_POINT('',(34.325,8.994347599428,0.575));
#1874 = LINE('',#1875,#1876);
#1875 = CARTESIAN_POINT('',(34.325,8.991979564765,0.575));
#1876 = VECTOR('',#1877,1.);
#1877 = DIRECTION('',(0.,1.,0.));
#1878 = ORIENTED_EDGE('',*,*,#1879,.T.);
#1879 = EDGE_CURVE('',#1872,#1880,#1882,.T.);
#1880 = VERTEX_POINT('',#1881);
#1881 = CARTESIAN_POINT('',(34.325,13.4125,0.575));
#1882 = LINE('',#1883,#1884);
#1883 = CARTESIAN_POINT('',(34.325,8.991979564765,0.575));
#1884 = VECTOR('',#1885,1.);
#1885 = DIRECTION('',(0.,1.,0.));
#1886 = ORIENTED_EDGE('',*,*,#1887,.T.);
#1887 = EDGE_CURVE('',#1880,#1681,#1888,.T.);
#1888 = LINE('',#1889,#1890);
#1889 = CARTESIAN_POINT('',(34.325,13.4125,0.575));
#1890 = VECTOR('',#1891,1.);
#1891 = DIRECTION('',(0.,0.,-1.));
#1892 = ORIENTED_EDGE('',*,*,#1689,.F.);
#1893 = PLANE('',#1894);
#1894 = AXIS2_PLACEMENT_3D('',#1895,#1896,#1897);
#1895 = CARTESIAN_POINT('',(34.325,11.192366929833,-0.728618810202));
#1896 = DIRECTION('',(-1.,-0.,-0.));
#1897 = DIRECTION('',(0.,0.,-1.));
#1898 = ADVANCED_FACE('',(#1899),#1932,.T.);
#1899 = FACE_BOUND('',#1900,.T.);
#1900 = EDGE_LOOP('',(#1901,#1909,#1917,#1925,#1931));
#1901 = ORIENTED_EDGE('',*,*,#1902,.T.);
#1902 = EDGE_CURVE('',#1808,#1903,#1905,.T.);
#1903 = VERTEX_POINT('',#1904);
#1904 = CARTESIAN_POINT('',(34.175,8.991979564765,0.575));
#1905 = LINE('',#1906,#1907);
#1906 = CARTESIAN_POINT('',(34.175,8.952783584865,-2.025));
#1907 = VECTOR('',#1908,1.);
#1908 = DIRECTION('',(0.,1.507366410861E-02,0.999886385871));
#1909 = ORIENTED_EDGE('',*,*,#1910,.T.);
#1910 = EDGE_CURVE('',#1903,#1911,#1913,.T.);
#1911 = VERTEX_POINT('',#1912);
#1912 = CARTESIAN_POINT('',(34.175,8.994347599428,0.575));
#1913 = LINE('',#1914,#1915);
#1914 = CARTESIAN_POINT('',(34.175,8.991979564765,0.575));
#1915 = VECTOR('',#1916,1.);
#1916 = DIRECTION('',(0.,1.,0.));
#1917 = ORIENTED_EDGE('',*,*,#1918,.T.);
#1918 = EDGE_CURVE('',#1911,#1919,#1921,.T.);
#1919 = VERTEX_POINT('',#1920);
#1920 = CARTESIAN_POINT('',(34.175,13.4125,0.575));
#1921 = LINE('',#1922,#1923);
#1922 = CARTESIAN_POINT('',(34.175,8.991979564765,0.575));
#1923 = VECTOR('',#1924,1.);
#1924 = DIRECTION('',(0.,1.,0.));
#1925 = ORIENTED_EDGE('',*,*,#1926,.T.);
#1926 = EDGE_CURVE('',#1919,#1799,#1927,.T.);
#1927 = LINE('',#1928,#1929);
#1928 = CARTESIAN_POINT('',(34.175,13.4125,0.575));
#1929 = VECTOR('',#1930,1.);
#1930 = DIRECTION('',(0.,0.,-1.));
#1931 = ORIENTED_EDGE('',*,*,#1807,.F.);
#1932 = PLANE('',#1933);
#1933 = AXIS2_PLACEMENT_3D('',#1934,#1935,#1936);
#1934 = CARTESIAN_POINT('',(34.175,11.192366929833,-0.728618810202));
#1935 = DIRECTION('',(-1.,-0.,-0.));
#1936 = DIRECTION('',(0.,0.,-1.));
#1937 = ADVANCED_FACE('',(#1938),#1949,.F.);
#1938 = FACE_BOUND('',#1939,.F.);
#1939 = EDGE_LOOP('',(#1940,#1941,#1942,#1948));
#1940 = ORIENTED_EDGE('',*,*,#1848,.T.);
#1941 = ORIENTED_EDGE('',*,*,#1902,.T.);
#1942 = ORIENTED_EDGE('',*,*,#1943,.F.);
#1943 = EDGE_CURVE('',#1864,#1903,#1944,.T.);
#1944 = LINE('',#1945,#1946);
#1945 = CARTESIAN_POINT('',(34.325,8.991979564765,0.575));
#1946 = VECTOR('',#1947,1.);
#1947 = DIRECTION('',(-1.,0.,6.E-17));
#1948 = ORIENTED_EDGE('',*,*,#1863,.F.);
#1949 = PLANE('',#1950);
#1950 = AXIS2_PLACEMENT_3D('',#1951,#1952,#1953);
#1951 = CARTESIAN_POINT('',(34.325,8.952783584865,-2.025));
#1952 = DIRECTION('',(0.,0.999886385871,-1.507366410861E-02));
#1953 = DIRECTION('',(0.,1.507366410861E-02,0.999886385871));
#1954 = ADVANCED_FACE('',(#1955),#1966,.F.);
#1955 = FACE_BOUND('',#1956,.F.);
#1956 = EDGE_LOOP('',(#1957,#1958,#1959,#1960));
#1957 = ORIENTED_EDGE('',*,*,#1871,.F.);
#1958 = ORIENTED_EDGE('',*,*,#1943,.T.);
#1959 = ORIENTED_EDGE('',*,*,#1910,.T.);
#1960 = ORIENTED_EDGE('',*,*,#1961,.T.);
#1961 = EDGE_CURVE('',#1911,#1872,#1962,.T.);
#1962 = LINE('',#1963,#1964);
#1963 = CARTESIAN_POINT('',(34.175,8.994347599428,0.575));
#1964 = VECTOR('',#1965,1.);
#1965 = DIRECTION('',(1.,0.,0.));
#1966 = PLANE('',#1967);
#1967 = AXIS2_PLACEMENT_3D('',#1968,#1969,#1970);
#1968 = CARTESIAN_POINT('',(34.325,8.991979564765,0.575));
#1969 = DIRECTION('',(-6.E-17,0.,-1.));
#1970 = DIRECTION('',(0.,1.,0.));
#1971 = ADVANCED_FACE('',(#1972),#2007,.T.);
#1972 = FACE_BOUND('',#1973,.T.);
#1973 = EDGE_LOOP('',(#1974,#1975,#1984,#1992,#2000));
#1974 = ORIENTED_EDGE('',*,*,#1879,.T.);
#1975 = ORIENTED_EDGE('',*,*,#1976,.T.);
#1976 = EDGE_CURVE('',#1880,#1977,#1979,.T.);
#1977 = VERTEX_POINT('',#1978);
#1978 = CARTESIAN_POINT('',(34.05,13.4125,0.85));
#1979 = CIRCLE('',#1980,0.275);
#1980 = AXIS2_PLACEMENT_3D('',#1981,#1982,#1983);
#1981 = CARTESIAN_POINT('',(34.05,13.4125,0.575));
#1982 = DIRECTION('',(0.,-1.,0.));
#1983 = DIRECTION('',(1.,0.,4.36E-14));
#1984 = ORIENTED_EDGE('',*,*,#1985,.F.);
#1985 = EDGE_CURVE('',#1986,#1977,#1988,.T.);
#1986 = VERTEX_POINT('',#1987);
#1987 = CARTESIAN_POINT('',(34.05,8.996715634092,0.85));
#1988 = LINE('',#1989,#1990);
#1989 = CARTESIAN_POINT('',(34.05,8.994347599428,0.85));
#1990 = VECTOR('',#1991,1.);
#1991 = DIRECTION('',(0.,1.,0.));
#1992 = ORIENTED_EDGE('',*,*,#1993,.F.);
#1993 = EDGE_CURVE('',#1994,#1986,#1996,.T.);
#1994 = VERTEX_POINT('',#1995);
#1995 = CARTESIAN_POINT('',(34.05,8.994347599428,0.85));
#1996 = LINE('',#1997,#1998);
#1997 = CARTESIAN_POINT('',(34.05,8.994347599428,0.85));
#1998 = VECTOR('',#1999,1.);
#1999 = DIRECTION('',(0.,1.,0.));
#2000 = ORIENTED_EDGE('',*,*,#2001,.F.);
#2001 = EDGE_CURVE('',#1872,#1994,#2002,.T.);
#2002 = CIRCLE('',#2003,0.275);
#2003 = AXIS2_PLACEMENT_3D('',#2004,#2005,#2006);
#2004 = CARTESIAN_POINT('',(34.05,8.994347599428,0.575));
#2005 = DIRECTION('',(0.,-1.,0.));
#2006 = DIRECTION('',(1.,0.,4.36E-14));
#2007 = CYLINDRICAL_SURFACE('',#2008,0.275);
#2008 = AXIS2_PLACEMENT_3D('',#2009,#2010,#2011);
#2009 = CARTESIAN_POINT('',(34.05,8.994347599428,0.575));
#2010 = DIRECTION('',(0.,-1.,0.));
#2011 = DIRECTION('',(1.,0.,4.36E-14));
#2012 = ADVANCED_FACE('',(#2013),#2048,.F.);
#2013 = FACE_BOUND('',#2014,.F.);
#2014 = EDGE_LOOP('',(#2015,#2024,#2025,#2034,#2042));
#2015 = ORIENTED_EDGE('',*,*,#2016,.T.);
#2016 = EDGE_CURVE('',#2017,#1911,#2019,.T.);
#2017 = VERTEX_POINT('',#2018);
#2018 = CARTESIAN_POINT('',(34.05,8.994347599428,0.7));
#2019 = CIRCLE('',#2020,0.125);
#2020 = AXIS2_PLACEMENT_3D('',#2021,#2022,#2023);
#2021 = CARTESIAN_POINT('',(34.05,8.994347599428,0.575));
#2022 = DIRECTION('',(0.,1.,0.));
#2023 = DIRECTION('',(0.,-0.,1.));
#2024 = ORIENTED_EDGE('',*,*,#1918,.T.);
#2025 = ORIENTED_EDGE('',*,*,#2026,.F.);
#2026 = EDGE_CURVE('',#2027,#1919,#2029,.T.);
#2027 = VERTEX_POINT('',#2028);
#2028 = CARTESIAN_POINT('',(34.05,13.4125,0.7));
#2029 = CIRCLE('',#2030,0.125);
#2030 = AXIS2_PLACEMENT_3D('',#2031,#2032,#2033);
#2031 = CARTESIAN_POINT('',(34.05,13.4125,0.575));
#2032 = DIRECTION('',(0.,1.,0.));
#2033 = DIRECTION('',(0.,-0.,1.));
#2034 = ORIENTED_EDGE('',*,*,#2035,.F.);
#2035 = EDGE_CURVE('',#2036,#2027,#2038,.T.);
#2036 = VERTEX_POINT('',#2037);
#2037 = CARTESIAN_POINT('',(34.05,8.996715634092,0.7));
#2038 = LINE('',#2039,#2040);
#2039 = CARTESIAN_POINT('',(34.05,8.994347599428,0.7));
#2040 = VECTOR('',#2041,1.);
#2041 = DIRECTION('',(0.,1.,0.));
#2042 = ORIENTED_EDGE('',*,*,#2043,.F.);
#2043 = EDGE_CURVE('',#2017,#2036,#2044,.T.);
#2044 = LINE('',#2045,#2046);
#2045 = CARTESIAN_POINT('',(34.05,8.994347599428,0.7));
#2046 = VECTOR('',#2047,1.);
#2047 = DIRECTION('',(0.,1.,0.));
#2048 = CYLINDRICAL_SURFACE('',#2049,0.125);
#2049 = AXIS2_PLACEMENT_3D('',#2050,#2051,#2052);
#2050 = CARTESIAN_POINT('',(34.05,8.994347599428,0.575));
#2051 = DIRECTION('',(-0.,-1.,-0.));
#2052 = DIRECTION('',(0.,0.,1.));
#2053 = ADVANCED_FACE('',(#2054),#2065,.T.);
#2054 = FACE_BOUND('',#2055,.T.);
#2055 = EDGE_LOOP('',(#2056,#2057,#2063,#2064));
#2056 = ORIENTED_EDGE('',*,*,#2001,.T.);
#2057 = ORIENTED_EDGE('',*,*,#2058,.T.);
#2058 = EDGE_CURVE('',#1994,#2017,#2059,.T.);
#2059 = LINE('',#2060,#2061);
#2060 = CARTESIAN_POINT('',(34.05,8.994347599428,0.85));
#2061 = VECTOR('',#2062,1.);
#2062 = DIRECTION('',(0.,0.,-1.));
#2063 = ORIENTED_EDGE('',*,*,#2016,.T.);
#2064 = ORIENTED_EDGE('',*,*,#1961,.T.);
#2065 = PLANE('',#2066);
#2066 = AXIS2_PLACEMENT_3D('',#2067,#2068,#2069);
#2067 = CARTESIAN_POINT('',(34.178251334794,8.994347599428,
    0.703251334794));
#2068 = DIRECTION('',(-0.,-1.,-0.));
#2069 = DIRECTION('',(0.,0.,-1.));
#2070 = ADVANCED_FACE('',(#2071),#2082,.T.);
#2071 = FACE_BOUND('',#2072,.T.);
#2072 = EDGE_LOOP('',(#2073,#2074,#2075,#2081));
#2073 = ORIENTED_EDGE('',*,*,#2058,.F.);
#2074 = ORIENTED_EDGE('',*,*,#1993,.T.);
#2075 = ORIENTED_EDGE('',*,*,#2076,.T.);
#2076 = EDGE_CURVE('',#1986,#2036,#2077,.T.);
#2077 = LINE('',#2078,#2079);
#2078 = CARTESIAN_POINT('',(34.05,8.996715634092,0.85));
#2079 = VECTOR('',#2080,1.);
#2080 = DIRECTION('',(-1.2E-16,0.,-1.));
#2081 = ORIENTED_EDGE('',*,*,#2043,.F.);
#2082 = PLANE('',#2083);
#2083 = AXIS2_PLACEMENT_3D('',#2084,#2085,#2086);
#2084 = CARTESIAN_POINT('',(34.05,8.994347599428,0.85));
#2085 = DIRECTION('',(-1.,0.,0.));
#2086 = DIRECTION('',(0.,0.,-1.));
#2087 = ADVANCED_FACE('',(#2088),#2153,.F.);
#2088 = FACE_BOUND('',#2089,.F.);
#2089 = EDGE_LOOP('',(#2090,#2098,#2106,#2114,#2122,#2130,#2138,#2146,
    #2152));
#2090 = ORIENTED_EDGE('',*,*,#2091,.T.);
#2091 = EDGE_CURVE('',#1986,#2092,#2094,.T.);
#2092 = VERTEX_POINT('',#2093);
#2093 = CARTESIAN_POINT('',(27.563637061436,9.0945,0.85));
#2094 = LINE('',#2095,#2096);
#2095 = CARTESIAN_POINT('',(34.05,8.996715634092,0.85));
#2096 = VECTOR('',#2097,1.);
#2097 = DIRECTION('',(-0.999886385871,1.507366410861E-02,1.4E-16));
#2098 = ORIENTED_EDGE('',*,*,#2099,.T.);
#2099 = EDGE_CURVE('',#2092,#2100,#2102,.T.);
#2100 = VERTEX_POINT('',#2101);
#2101 = CARTESIAN_POINT('',(27.309637061436,6.3005,0.85));
#2102 = LINE('',#2103,#2104);
#2103 = CARTESIAN_POINT('',(27.563637061436,9.0945,0.85));
#2104 = VECTOR('',#2105,1.);
#2105 = DIRECTION('',(-9.053574604249E-02,-0.995893206468,0.));
#2106 = ORIENTED_EDGE('',*,*,#2107,.T.);
#2107 = EDGE_CURVE('',#2100,#2108,#2110,.T.);
#2108 = VERTEX_POINT('',#2109);
#2109 = CARTESIAN_POINT('',(26.674637061436,5.4115,0.85));
#2110 = LINE('',#2111,#2112);
#2111 = CARTESIAN_POINT('',(27.309637061436,6.3005,0.85));
#2112 = VECTOR('',#2113,1.);
#2113 = DIRECTION('',(-0.581238193719,-0.813733471207,0.));
#2114 = ORIENTED_EDGE('',*,*,#2115,.T.);
#2115 = EDGE_CURVE('',#2108,#2116,#2118,.T.);
#2116 = VERTEX_POINT('',#2117);
#2117 = CARTESIAN_POINT('',(23.372637061436,5.4115,0.85));
#2118 = LINE('',#2119,#2120);
#2119 = CARTESIAN_POINT('',(26.674637061436,5.4115,0.85));
#2120 = VECTOR('',#2121,1.);
#2121 = DIRECTION('',(-1.,0.,1.3E-16));
#2122 = ORIENTED_EDGE('',*,*,#2123,.T.);
#2123 = EDGE_CURVE('',#2116,#2124,#2126,.T.);
#2124 = VERTEX_POINT('',#2125);
#2125 = CARTESIAN_POINT('',(22.610637061436,6.1735,0.85));
#2126 = LINE('',#2127,#2128);
#2127 = CARTESIAN_POINT('',(23.372637061436,5.4115,0.85));
#2128 = VECTOR('',#2129,1.);
#2129 = DIRECTION('',(-0.707106781187,0.707106781187,0.));
#2130 = ORIENTED_EDGE('',*,*,#2131,.T.);
#2131 = EDGE_CURVE('',#2124,#2132,#2134,.T.);
#2132 = VERTEX_POINT('',#2133);
#2133 = CARTESIAN_POINT('',(22.610637061436,12.6505,0.85));
#2134 = LINE('',#2135,#2136);
#2135 = CARTESIAN_POINT('',(22.610637061436,6.1735,0.85));
#2136 = VECTOR('',#2137,1.);
#2137 = DIRECTION('',(0.,1.,0.));
#2138 = ORIENTED_EDGE('',*,*,#2139,.T.);
#2139 = EDGE_CURVE('',#2132,#2140,#2142,.T.);
#2140 = VERTEX_POINT('',#2141);
#2141 = CARTESIAN_POINT('',(23.245637061436,13.4125,0.85));
#2142 = LINE('',#2143,#2144);
#2143 = CARTESIAN_POINT('',(22.610637061436,12.6505,0.85));
#2144 = VECTOR('',#2145,1.);
#2145 = DIRECTION('',(0.640184399664,0.768221279597,0.));
#2146 = ORIENTED_EDGE('',*,*,#2147,.T.);
#2147 = EDGE_CURVE('',#2140,#1977,#2148,.T.);
#2148 = LINE('',#2149,#2150);
#2149 = CARTESIAN_POINT('',(23.245637061436,13.4125,0.85));
#2150 = VECTOR('',#2151,1.);
#2151 = DIRECTION('',(1.,0.,-1.2E-16));
#2152 = ORIENTED_EDGE('',*,*,#1985,.F.);
#2153 = PLANE('',#2154);
#2154 = AXIS2_PLACEMENT_3D('',#2155,#2156,#2157);
#2155 = CARTESIAN_POINT('',(27.841897265598,10.120789912836,0.85));
#2156 = DIRECTION('',(-0.,-0.,-1.));
#2157 = DIRECTION('',(-1.,0.,0.));
#2158 = ADVANCED_FACE('',(#2159),#2224,.T.);
#2159 = FACE_BOUND('',#2160,.T.);
#2160 = EDGE_LOOP('',(#2161,#2169,#2177,#2185,#2193,#2201,#2209,#2217,
    #2223));
#2161 = ORIENTED_EDGE('',*,*,#2162,.T.);
#2162 = EDGE_CURVE('',#2036,#2163,#2165,.T.);
#2163 = VERTEX_POINT('',#2164);
#2164 = CARTESIAN_POINT('',(27.563637061436,9.0945,0.7));
#2165 = LINE('',#2166,#2167);
#2166 = CARTESIAN_POINT('',(34.05,8.996715634092,0.7));
#2167 = VECTOR('',#2168,1.);
#2168 = DIRECTION('',(-0.999886385871,1.507366410861E-02,1.4E-16));
#2169 = ORIENTED_EDGE('',*,*,#2170,.T.);
#2170 = EDGE_CURVE('',#2163,#2171,#2173,.T.);
#2171 = VERTEX_POINT('',#2172);
#2172 = CARTESIAN_POINT('',(27.309637061436,6.3005,0.7));
#2173 = LINE('',#2174,#2175);
#2174 = CARTESIAN_POINT('',(27.563637061436,9.0945,0.7));
#2175 = VECTOR('',#2176,1.);
#2176 = DIRECTION('',(-9.053574604249E-02,-0.995893206468,0.));
#2177 = ORIENTED_EDGE('',*,*,#2178,.T.);
#2178 = EDGE_CURVE('',#2171,#2179,#2181,.T.);
#2179 = VERTEX_POINT('',#2180);
#2180 = CARTESIAN_POINT('',(26.674637061436,5.4115,0.7));
#2181 = LINE('',#2182,#2183);
#2182 = CARTESIAN_POINT('',(27.309637061436,6.3005,0.7));
#2183 = VECTOR('',#2184,1.);
#2184 = DIRECTION('',(-0.581238193719,-0.813733471207,0.));
#2185 = ORIENTED_EDGE('',*,*,#2186,.T.);
#2186 = EDGE_CURVE('',#2179,#2187,#2189,.T.);
#2187 = VERTEX_POINT('',#2188);
#2188 = CARTESIAN_POINT('',(23.372637061436,5.4115,0.7));
#2189 = LINE('',#2190,#2191);
#2190 = CARTESIAN_POINT('',(26.674637061436,5.4115,0.7));
#2191 = VECTOR('',#2192,1.);
#2192 = DIRECTION('',(-1.,0.,1.3E-16));
#2193 = ORIENTED_EDGE('',*,*,#2194,.T.);
#2194 = EDGE_CURVE('',#2187,#2195,#2197,.T.);
#2195 = VERTEX_POINT('',#2196);
#2196 = CARTESIAN_POINT('',(22.610637061436,6.1735,0.7));
#2197 = LINE('',#2198,#2199);
#2198 = CARTESIAN_POINT('',(23.372637061436,5.4115,0.7));
#2199 = VECTOR('',#2200,1.);
#2200 = DIRECTION('',(-0.707106781187,0.707106781187,0.));
#2201 = ORIENTED_EDGE('',*,*,#2202,.T.);
#2202 = EDGE_CURVE('',#2195,#2203,#2205,.T.);
#2203 = VERTEX_POINT('',#2204);
#2204 = CARTESIAN_POINT('',(22.610637061436,12.6505,0.7));
#2205 = LINE('',#2206,#2207);
#2206 = CARTESIAN_POINT('',(22.610637061436,6.1735,0.7));
#2207 = VECTOR('',#2208,1.);
#2208 = DIRECTION('',(0.,1.,0.));
#2209 = ORIENTED_EDGE('',*,*,#2210,.T.);
#2210 = EDGE_CURVE('',#2203,#2211,#2213,.T.);
#2211 = VERTEX_POINT('',#2212);
#2212 = CARTESIAN_POINT('',(23.245637061436,13.4125,0.7));
#2213 = LINE('',#2214,#2215);
#2214 = CARTESIAN_POINT('',(22.610637061436,12.6505,0.7));
#2215 = VECTOR('',#2216,1.);
#2216 = DIRECTION('',(0.640184399664,0.768221279597,0.));
#2217 = ORIENTED_EDGE('',*,*,#2218,.T.);
#2218 = EDGE_CURVE('',#2211,#2027,#2219,.T.);
#2219 = LINE('',#2220,#2221);
#2220 = CARTESIAN_POINT('',(23.245637061436,13.4125,0.7));
#2221 = VECTOR('',#2222,1.);
#2222 = DIRECTION('',(1.,0.,-1.2E-16));
#2223 = ORIENTED_EDGE('',*,*,#2035,.F.);
#2224 = PLANE('',#2225);
#2225 = AXIS2_PLACEMENT_3D('',#2226,#2227,#2228);
#2226 = CARTESIAN_POINT('',(27.841897265598,10.120789912836,0.7));
#2227 = DIRECTION('',(-0.,-0.,-1.));
#2228 = DIRECTION('',(-1.,0.,0.));
#2229 = ADVANCED_FACE('',(#2230),#2241,.F.);
#2230 = FACE_BOUND('',#2231,.F.);
#2231 = EDGE_LOOP('',(#2232,#2233,#2234,#2240));
#2232 = ORIENTED_EDGE('',*,*,#2076,.T.);
#2233 = ORIENTED_EDGE('',*,*,#2162,.T.);
#2234 = ORIENTED_EDGE('',*,*,#2235,.F.);
#2235 = EDGE_CURVE('',#2092,#2163,#2236,.T.);
#2236 = LINE('',#2237,#2238);
#2237 = CARTESIAN_POINT('',(27.563637061436,9.0945,0.85));
#2238 = VECTOR('',#2239,1.);
#2239 = DIRECTION('',(-1.2E-16,0.,-1.));
#2240 = ORIENTED_EDGE('',*,*,#2091,.F.);
#2241 = PLANE('',#2242);
#2242 = AXIS2_PLACEMENT_3D('',#2243,#2244,#2245);
#2243 = CARTESIAN_POINT('',(34.05,8.996715634092,0.85));
#2244 = DIRECTION('',(1.507366410861E-02,0.999886385871,0.));
#2245 = DIRECTION('',(-0.999886385871,1.507366410861E-02,1.4E-16));
#2246 = ADVANCED_FACE('',(#2247),#2258,.F.);
#2247 = FACE_BOUND('',#2248,.F.);
#2248 = EDGE_LOOP('',(#2249,#2250,#2251,#2257));
#2249 = ORIENTED_EDGE('',*,*,#2235,.T.);
#2250 = ORIENTED_EDGE('',*,*,#2170,.T.);
#2251 = ORIENTED_EDGE('',*,*,#2252,.F.);
#2252 = EDGE_CURVE('',#2100,#2171,#2253,.T.);
#2253 = LINE('',#2254,#2255);
#2254 = CARTESIAN_POINT('',(27.309637061436,6.3005,0.85));
#2255 = VECTOR('',#2256,1.);
#2256 = DIRECTION('',(-1.2E-16,0.,-1.));
#2257 = ORIENTED_EDGE('',*,*,#2099,.F.);
#2258 = PLANE('',#2259);
#2259 = AXIS2_PLACEMENT_3D('',#2260,#2261,#2262);
#2260 = CARTESIAN_POINT('',(27.563637061436,9.0945,0.85));
#2261 = DIRECTION('',(-0.995893206468,9.053574604249E-02,1.2E-16));
#2262 = DIRECTION('',(-9.053574604249E-02,-0.995893206468,
    2.825358984705E-33));
#2263 = ADVANCED_FACE('',(#2264),#2275,.F.);
#2264 = FACE_BOUND('',#2265,.F.);
#2265 = EDGE_LOOP('',(#2266,#2267,#2268,#2274));
#2266 = ORIENTED_EDGE('',*,*,#2252,.T.);
#2267 = ORIENTED_EDGE('',*,*,#2178,.T.);
#2268 = ORIENTED_EDGE('',*,*,#2269,.F.);
#2269 = EDGE_CURVE('',#2108,#2179,#2270,.T.);
#2270 = LINE('',#2271,#2272);
#2271 = CARTESIAN_POINT('',(26.674637061436,5.4115,0.85));
#2272 = VECTOR('',#2273,1.);
#2273 = DIRECTION('',(-1.2E-16,0.,-1.));
#2274 = ORIENTED_EDGE('',*,*,#2107,.F.);
#2275 = PLANE('',#2276);
#2276 = AXIS2_PLACEMENT_3D('',#2277,#2278,#2279);
#2277 = CARTESIAN_POINT('',(27.309637061436,6.3005,0.85));
#2278 = DIRECTION('',(-0.813733471207,0.581238193719,9.999999999998E-17)
  );
#2279 = DIRECTION('',(-0.581238193719,-0.813733471207,2.511285405151E-33
    ));
#2280 = ADVANCED_FACE('',(#2281),#2292,.F.);
#2281 = FACE_BOUND('',#2282,.F.);
#2282 = EDGE_LOOP('',(#2283,#2284,#2285,#2291));
#2283 = ORIENTED_EDGE('',*,*,#2269,.T.);
#2284 = ORIENTED_EDGE('',*,*,#2186,.T.);
#2285 = ORIENTED_EDGE('',*,*,#2286,.F.);
#2286 = EDGE_CURVE('',#2116,#2187,#2287,.T.);
#2287 = LINE('',#2288,#2289);
#2288 = CARTESIAN_POINT('',(23.372637061436,5.4115,0.85));
#2289 = VECTOR('',#2290,1.);
#2290 = DIRECTION('',(-1.2E-16,0.,-1.));
#2291 = ORIENTED_EDGE('',*,*,#2115,.F.);
#2292 = PLANE('',#2293);
#2293 = AXIS2_PLACEMENT_3D('',#2294,#2295,#2296);
#2294 = CARTESIAN_POINT('',(26.674637061436,5.4115,0.85));
#2295 = DIRECTION('',(0.,1.,0.));
#2296 = DIRECTION('',(-1.,0.,1.3E-16));
#2297 = ADVANCED_FACE('',(#2298),#2309,.F.);
#2298 = FACE_BOUND('',#2299,.F.);
#2299 = EDGE_LOOP('',(#2300,#2301,#2302,#2308));
#2300 = ORIENTED_EDGE('',*,*,#2286,.T.);
#2301 = ORIENTED_EDGE('',*,*,#2194,.T.);
#2302 = ORIENTED_EDGE('',*,*,#2303,.F.);
#2303 = EDGE_CURVE('',#2124,#2195,#2304,.T.);
#2304 = LINE('',#2305,#2306);
#2305 = CARTESIAN_POINT('',(22.610637061436,6.1735,0.85));
#2306 = VECTOR('',#2307,1.);
#2307 = DIRECTION('',(-1.2E-16,0.,-1.));
#2308 = ORIENTED_EDGE('',*,*,#2123,.F.);
#2309 = PLANE('',#2310);
#2310 = AXIS2_PLACEMENT_3D('',#2311,#2312,#2313);
#2311 = CARTESIAN_POINT('',(23.372637061436,5.4115,0.85));
#2312 = DIRECTION('',(0.707106781187,0.707106781187,-8.999999999994E-17)
  );
#2313 = DIRECTION('',(-0.707106781187,0.707106781187,1.624587625468E-32)
  );
#2314 = ADVANCED_FACE('',(#2315),#2326,.F.);
#2315 = FACE_BOUND('',#2316,.F.);
#2316 = EDGE_LOOP('',(#2317,#2318,#2319,#2325));
#2317 = ORIENTED_EDGE('',*,*,#2303,.T.);
#2318 = ORIENTED_EDGE('',*,*,#2202,.T.);
#2319 = ORIENTED_EDGE('',*,*,#2320,.F.);
#2320 = EDGE_CURVE('',#2132,#2203,#2321,.T.);
#2321 = LINE('',#2322,#2323);
#2322 = CARTESIAN_POINT('',(22.610637061436,12.6505,0.85));
#2323 = VECTOR('',#2324,1.);
#2324 = DIRECTION('',(-1.2E-16,0.,-1.));
#2325 = ORIENTED_EDGE('',*,*,#2131,.F.);
#2326 = PLANE('',#2327);
#2327 = AXIS2_PLACEMENT_3D('',#2328,#2329,#2330);
#2328 = CARTESIAN_POINT('',(22.610637061436,6.1735,0.85));
#2329 = DIRECTION('',(1.,0.,-1.2E-16));
#2330 = DIRECTION('',(0.,1.,0.));
#2331 = ADVANCED_FACE('',(#2332),#2343,.F.);
#2332 = FACE_BOUND('',#2333,.F.);
#2333 = EDGE_LOOP('',(#2334,#2335,#2336,#2342));
#2334 = ORIENTED_EDGE('',*,*,#2320,.T.);
#2335 = ORIENTED_EDGE('',*,*,#2210,.T.);
#2336 = ORIENTED_EDGE('',*,*,#2337,.F.);
#2337 = EDGE_CURVE('',#2140,#2211,#2338,.T.);
#2338 = LINE('',#2339,#2340);
#2339 = CARTESIAN_POINT('',(23.245637061436,13.4125,0.85));
#2340 = VECTOR('',#2341,1.);
#2341 = DIRECTION('',(-1.2E-16,0.,-1.));
#2342 = ORIENTED_EDGE('',*,*,#2139,.F.);
#2343 = PLANE('',#2344);
#2344 = AXIS2_PLACEMENT_3D('',#2345,#2346,#2347);
#2345 = CARTESIAN_POINT('',(22.610637061436,12.6505,0.85));
#2346 = DIRECTION('',(0.768221279597,-0.640184399664,-9.000000000005E-17
    ));
#2347 = DIRECTION('',(0.640184399664,0.768221279597,-4.23396085831E-33)
  );
#2348 = ADVANCED_FACE('',(#2349),#2363,.T.);
#2349 = FACE_BOUND('',#2350,.T.);
#2350 = EDGE_LOOP('',(#2351,#2352,#2353,#2354,#2355,#2356,#2357,#2358,
    #2359,#2360,#2361,#2362));
#2351 = ORIENTED_EDGE('',*,*,#967,.T.);
#2352 = ORIENTED_EDGE('',*,*,#1055,.F.);
#2353 = ORIENTED_EDGE('',*,*,#1112,.F.);
#2354 = ORIENTED_EDGE('',*,*,#1182,.F.);
#2355 = ORIENTED_EDGE('',*,*,#1240,.F.);
#2356 = ORIENTED_EDGE('',*,*,#1518,.F.);
#2357 = ORIENTED_EDGE('',*,*,#1540,.F.);
#2358 = ORIENTED_EDGE('',*,*,#1383,.T.);
#2359 = ORIENTED_EDGE('',*,*,#1214,.F.);
#2360 = ORIENTED_EDGE('',*,*,#1151,.T.);
#2361 = ORIENTED_EDGE('',*,*,#1086,.F.);
#2362 = ORIENTED_EDGE('',*,*,#1024,.T.);
#2363 = PLANE('',#2364);
#2364 = AXIS2_PLACEMENT_3D('',#2365,#2366,#2367);
#2365 = CARTESIAN_POINT('',(0.611363892201,12.0155,-3.490358438504));
#2366 = DIRECTION('',(0.,1.,0.));
#2367 = DIRECTION('',(0.,-0.,1.));
#2368 = ADVANCED_FACE('',(#2369),#2383,.T.);
#2369 = FACE_BOUND('',#2370,.T.);
#2370 = EDGE_LOOP('',(#2371,#2372,#2373,#2374,#2375,#2376,#2377,#2378,
    #2379,#2380,#2381,#2382));
#2371 = ORIENTED_EDGE('',*,*,#985,.F.);
#2372 = ORIENTED_EDGE('',*,*,#1008,.T.);
#2373 = ORIENTED_EDGE('',*,*,#1069,.T.);
#2374 = ORIENTED_EDGE('',*,*,#1135,.T.);
#2375 = ORIENTED_EDGE('',*,*,#1197,.T.);
#2376 = ORIENTED_EDGE('',*,*,#1263,.T.);
#2377 = ORIENTED_EDGE('',*,*,#1555,.T.);
#2378 = ORIENTED_EDGE('',*,*,#1398,.F.);
#2379 = ORIENTED_EDGE('',*,*,#1248,.T.);
#2380 = ORIENTED_EDGE('',*,*,#1166,.F.);
#2381 = ORIENTED_EDGE('',*,*,#1120,.T.);
#2382 = ORIENTED_EDGE('',*,*,#1039,.F.);
#2383 = PLANE('',#2384);
#2384 = AXIS2_PLACEMENT_3D('',#2385,#2386,#2387);
#2385 = CARTESIAN_POINT('',(0.582741441577,6.4275,-3.555460928377));
#2386 = DIRECTION('',(-0.,-1.,-0.));
#2387 = DIRECTION('',(0.,0.,-1.));
#2388 = ADVANCED_FACE('',(#2389),#2403,.T.);
#2389 = FACE_BOUND('',#2390,.T.);
#2390 = EDGE_LOOP('',(#2391,#2392,#2393,#2394,#2395,#2396,#2397,#2398,
    #2399,#2400,#2401,#2402));
#2391 = ORIENTED_EDGE('',*,*,#1720,.T.);
#2392 = ORIENTED_EDGE('',*,*,#1470,.F.);
#2393 = ORIENTED_EDGE('',*,*,#1798,.F.);
#2394 = ORIENTED_EDGE('',*,*,#1926,.F.);
#2395 = ORIENTED_EDGE('',*,*,#2026,.F.);
#2396 = ORIENTED_EDGE('',*,*,#2218,.F.);
#2397 = ORIENTED_EDGE('',*,*,#2337,.F.);
#2398 = ORIENTED_EDGE('',*,*,#2147,.T.);
#2399 = ORIENTED_EDGE('',*,*,#1976,.F.);
#2400 = ORIENTED_EDGE('',*,*,#1887,.T.);
#2401 = ORIENTED_EDGE('',*,*,#1680,.F.);
#2402 = ORIENTED_EDGE('',*,*,#1335,.T.);
#2403 = PLANE('',#2404);
#2404 = AXIS2_PLACEMENT_3D('',#2405,#2406,#2407);
#2405 = CARTESIAN_POINT('',(27.970503246519,13.4125,-0.964825453654));
#2406 = DIRECTION('',(0.,1.,0.));
#2407 = DIRECTION('',(0.,-0.,1.));
#2408 = MANIFOLD_SOLID_BREP('',#2409);
#2409 = CLOSED_SHELL('',(#2410,#2450,#2481,#2512,#2543,#2574,#2605,#2636
    ,#2667,#2698,#2729,#2760,#2782,#2802));
#2410 = ADVANCED_FACE('',(#2411),#2445,.F.);
#2411 = FACE_BOUND('',#2412,.F.);
#2412 = EDGE_LOOP('',(#2413,#2423,#2431,#2439));
#2413 = ORIENTED_EDGE('',*,*,#2414,.T.);
#2414 = EDGE_CURVE('',#2415,#2417,#2419,.T.);
#2415 = VERTEX_POINT('',#2416);
#2416 = CARTESIAN_POINT('',(1.471681469282,6.038269230769,-2.15));
#2417 = VERTEX_POINT('',#2418);
#2418 = CARTESIAN_POINT('',(1.471681469282,6.038269230769,-1.15));
#2419 = LINE('',#2420,#2421);
#2420 = CARTESIAN_POINT('',(1.471681469282,6.038269230769,-2.15));
#2421 = VECTOR('',#2422,1.);
#2422 = DIRECTION('',(0.,0.,1.));
#2423 = ORIENTED_EDGE('',*,*,#2424,.T.);
#2424 = EDGE_CURVE('',#2417,#2425,#2427,.T.);
#2425 = VERTEX_POINT('',#2426);
#2426 = CARTESIAN_POINT('',(2.616681469282,5.1575,-1.15));
#2427 = LINE('',#2428,#2429);
#2428 = CARTESIAN_POINT('',(1.471681469282,6.038269230769,-1.15));
#2429 = VECTOR('',#2430,1.);
#2430 = DIRECTION('',(0.792623989105,-0.60971076085,0.));
#2431 = ORIENTED_EDGE('',*,*,#2432,.F.);
#2432 = EDGE_CURVE('',#2433,#2425,#2435,.T.);
#2433 = VERTEX_POINT('',#2434);
#2434 = CARTESIAN_POINT('',(2.616681469282,5.1575,-2.15));
#2435 = LINE('',#2436,#2437);
#2436 = CARTESIAN_POINT('',(2.616681469282,5.1575,-2.15));
#2437 = VECTOR('',#2438,1.);
#2438 = DIRECTION('',(0.,0.,1.));
#2439 = ORIENTED_EDGE('',*,*,#2440,.F.);
#2440 = EDGE_CURVE('',#2415,#2433,#2441,.T.);
#2441 = LINE('',#2442,#2443);
#2442 = CARTESIAN_POINT('',(1.471681469282,6.038269230769,-2.15));
#2443 = VECTOR('',#2444,1.);
#2444 = DIRECTION('',(0.792623989105,-0.60971076085,0.));
#2445 = PLANE('',#2446);
#2446 = AXIS2_PLACEMENT_3D('',#2447,#2448,#2449);
#2447 = CARTESIAN_POINT('',(1.471681469282,6.038269230769,-2.15));
#2448 = DIRECTION('',(0.60971076085,0.792623989105,0.));
#2449 = DIRECTION('',(0.792623989105,-0.60971076085,0.));
#2450 = ADVANCED_FACE('',(#2451),#2476,.F.);
#2451 = FACE_BOUND('',#2452,.F.);
#2452 = EDGE_LOOP('',(#2453,#2454,#2462,#2470));
#2453 = ORIENTED_EDGE('',*,*,#2432,.T.);
#2454 = ORIENTED_EDGE('',*,*,#2455,.T.);
#2455 = EDGE_CURVE('',#2425,#2456,#2458,.T.);
#2456 = VERTEX_POINT('',#2457);
#2457 = CARTESIAN_POINT('',(3.886681469282,4.7765,-1.15));
#2458 = LINE('',#2459,#2460);
#2459 = CARTESIAN_POINT('',(2.616681469282,5.1575,-1.15));
#2460 = VECTOR('',#2461,1.);
#2461 = DIRECTION('',(0.957826285221,-0.287347885566,0.));
#2462 = ORIENTED_EDGE('',*,*,#2463,.F.);
#2463 = EDGE_CURVE('',#2464,#2456,#2466,.T.);
#2464 = VERTEX_POINT('',#2465);
#2465 = CARTESIAN_POINT('',(3.886681469282,4.7765,-2.15));
#2466 = LINE('',#2467,#2468);
#2467 = CARTESIAN_POINT('',(3.886681469282,4.7765,-2.15));
#2468 = VECTOR('',#2469,1.);
#2469 = DIRECTION('',(0.,0.,1.));
#2470 = ORIENTED_EDGE('',*,*,#2471,.F.);
#2471 = EDGE_CURVE('',#2433,#2464,#2472,.T.);
#2472 = LINE('',#2473,#2474);
#2473 = CARTESIAN_POINT('',(2.616681469282,5.1575,-2.15));
#2474 = VECTOR('',#2475,1.);
#2475 = DIRECTION('',(0.957826285221,-0.287347885566,0.));
#2476 = PLANE('',#2477);
#2477 = AXIS2_PLACEMENT_3D('',#2478,#2479,#2480);
#2478 = CARTESIAN_POINT('',(2.616681469282,5.1575,-2.15));
#2479 = DIRECTION('',(0.287347885566,0.957826285221,0.));
#2480 = DIRECTION('',(0.957826285221,-0.287347885566,0.));
#2481 = ADVANCED_FACE('',(#2482),#2507,.F.);
#2482 = FACE_BOUND('',#2483,.F.);
#2483 = EDGE_LOOP('',(#2484,#2485,#2493,#2501));
#2484 = ORIENTED_EDGE('',*,*,#2463,.T.);
#2485 = ORIENTED_EDGE('',*,*,#2486,.T.);
#2486 = EDGE_CURVE('',#2456,#2487,#2489,.T.);
#2487 = VERTEX_POINT('',#2488);
#2488 = CARTESIAN_POINT('',(16.840681469282,4.7765,-1.15));
#2489 = LINE('',#2490,#2491);
#2490 = CARTESIAN_POINT('',(3.886681469282,4.7765,-1.15));
#2491 = VECTOR('',#2492,1.);
#2492 = DIRECTION('',(1.,0.,0.));
#2493 = ORIENTED_EDGE('',*,*,#2494,.F.);
#2494 = EDGE_CURVE('',#2495,#2487,#2497,.T.);
#2495 = VERTEX_POINT('',#2496);
#2496 = CARTESIAN_POINT('',(16.840681469282,4.7765,-2.15));
#2497 = LINE('',#2498,#2499);
#2498 = CARTESIAN_POINT('',(16.840681469282,4.7765,-2.15));
#2499 = VECTOR('',#2500,1.);
#2500 = DIRECTION('',(0.,0.,1.));
#2501 = ORIENTED_EDGE('',*,*,#2502,.F.);
#2502 = EDGE_CURVE('',#2464,#2495,#2503,.T.);
#2503 = LINE('',#2504,#2505);
#2504 = CARTESIAN_POINT('',(3.886681469282,4.7765,-2.15));
#2505 = VECTOR('',#2506,1.);
#2506 = DIRECTION('',(1.,0.,0.));
#2507 = PLANE('',#2508);
#2508 = AXIS2_PLACEMENT_3D('',#2509,#2510,#2511);
#2509 = CARTESIAN_POINT('',(3.886681469282,4.7765,-2.15));
#2510 = DIRECTION('',(0.,1.,0.));
#2511 = DIRECTION('',(1.,0.,0.));
#2512 = ADVANCED_FACE('',(#2513),#2538,.F.);
#2513 = FACE_BOUND('',#2514,.F.);
#2514 = EDGE_LOOP('',(#2515,#2516,#2524,#2532));
#2515 = ORIENTED_EDGE('',*,*,#2494,.T.);
#2516 = ORIENTED_EDGE('',*,*,#2517,.T.);
#2517 = EDGE_CURVE('',#2487,#2518,#2520,.T.);
#2518 = VERTEX_POINT('',#2519);
#2519 = CARTESIAN_POINT('',(17.856681469282,5.2845,-1.15));
#2520 = LINE('',#2521,#2522);
#2521 = CARTESIAN_POINT('',(16.840681469282,4.7765,-1.15));
#2522 = VECTOR('',#2523,1.);
#2523 = DIRECTION('',(0.894427191,0.4472135955,0.));
#2524 = ORIENTED_EDGE('',*,*,#2525,.F.);
#2525 = EDGE_CURVE('',#2526,#2518,#2528,.T.);
#2526 = VERTEX_POINT('',#2527);
#2527 = CARTESIAN_POINT('',(17.856681469282,5.2845,-2.15));
#2528 = LINE('',#2529,#2530);
#2529 = CARTESIAN_POINT('',(17.856681469282,5.2845,-2.15));
#2530 = VECTOR('',#2531,1.);
#2531 = DIRECTION('',(0.,0.,1.));
#2532 = ORIENTED_EDGE('',*,*,#2533,.F.);
#2533 = EDGE_CURVE('',#2495,#2526,#2534,.T.);
#2534 = LINE('',#2535,#2536);
#2535 = CARTESIAN_POINT('',(16.840681469282,4.7765,-2.15));
#2536 = VECTOR('',#2537,1.);
#2537 = DIRECTION('',(0.894427191,0.4472135955,0.));
#2538 = PLANE('',#2539);
#2539 = AXIS2_PLACEMENT_3D('',#2540,#2541,#2542);
#2540 = CARTESIAN_POINT('',(16.840681469282,4.7765,-2.15));
#2541 = DIRECTION('',(-0.4472135955,0.894427191,0.));
#2542 = DIRECTION('',(0.894427191,0.4472135955,0.));
#2543 = ADVANCED_FACE('',(#2544),#2569,.F.);
#2544 = FACE_BOUND('',#2545,.F.);
#2545 = EDGE_LOOP('',(#2546,#2547,#2555,#2563));
#2546 = ORIENTED_EDGE('',*,*,#2525,.T.);
#2547 = ORIENTED_EDGE('',*,*,#2548,.T.);
#2548 = EDGE_CURVE('',#2518,#2549,#2551,.T.);
#2549 = VERTEX_POINT('',#2550);
#2550 = CARTESIAN_POINT('',(18.071681469282,6.4455,-1.15));
#2551 = LINE('',#2552,#2553);
#2552 = CARTESIAN_POINT('',(17.856681469282,5.2845,-1.15));
#2553 = VECTOR('',#2554,1.);
#2554 = DIRECTION('',(0.182089260182,0.983282004985,0.));
#2555 = ORIENTED_EDGE('',*,*,#2556,.F.);
#2556 = EDGE_CURVE('',#2557,#2549,#2559,.T.);
#2557 = VERTEX_POINT('',#2558);
#2558 = CARTESIAN_POINT('',(18.071681469282,6.4455,-2.15));
#2559 = LINE('',#2560,#2561);
#2560 = CARTESIAN_POINT('',(18.071681469282,6.4455,-2.15));
#2561 = VECTOR('',#2562,1.);
#2562 = DIRECTION('',(0.,0.,1.));
#2563 = ORIENTED_EDGE('',*,*,#2564,.F.);
#2564 = EDGE_CURVE('',#2526,#2557,#2565,.T.);
#2565 = LINE('',#2566,#2567);
#2566 = CARTESIAN_POINT('',(17.856681469282,5.2845,-2.15));
#2567 = VECTOR('',#2568,1.);
#2568 = DIRECTION('',(0.182089260182,0.983282004985,0.));
#2569 = PLANE('',#2570);
#2570 = AXIS2_PLACEMENT_3D('',#2571,#2572,#2573);
#2571 = CARTESIAN_POINT('',(17.856681469282,5.2845,-2.15));
#2572 = DIRECTION('',(-0.983282004985,0.182089260182,0.));
#2573 = DIRECTION('',(0.182089260182,0.983282004985,0.));
#2574 = ADVANCED_FACE('',(#2575),#2600,.F.);
#2575 = FACE_BOUND('',#2576,.F.);
#2576 = EDGE_LOOP('',(#2577,#2578,#2586,#2594));
#2577 = ORIENTED_EDGE('',*,*,#2556,.T.);
#2578 = ORIENTED_EDGE('',*,*,#2579,.T.);
#2579 = EDGE_CURVE('',#2549,#2580,#2582,.T.);
#2580 = VERTEX_POINT('',#2581);
#2581 = CARTESIAN_POINT('',(18.071681469282,13.6225,-1.15));
#2582 = LINE('',#2583,#2584);
#2583 = CARTESIAN_POINT('',(18.071681469282,6.4455,-1.15));
#2584 = VECTOR('',#2585,1.);
#2585 = DIRECTION('',(0.,1.,0.));
#2586 = ORIENTED_EDGE('',*,*,#2587,.F.);
#2587 = EDGE_CURVE('',#2588,#2580,#2590,.T.);
#2588 = VERTEX_POINT('',#2589);
#2589 = CARTESIAN_POINT('',(18.071681469282,13.6225,-2.15));
#2590 = LINE('',#2591,#2592);
#2591 = CARTESIAN_POINT('',(18.071681469282,13.6225,-2.15));
#2592 = VECTOR('',#2593,1.);
#2593 = DIRECTION('',(0.,0.,1.));
#2594 = ORIENTED_EDGE('',*,*,#2595,.F.);
#2595 = EDGE_CURVE('',#2557,#2588,#2596,.T.);
#2596 = LINE('',#2597,#2598);
#2597 = CARTESIAN_POINT('',(18.071681469282,6.4455,-2.15));
#2598 = VECTOR('',#2599,1.);
#2599 = DIRECTION('',(0.,1.,0.));
#2600 = PLANE('',#2601);
#2601 = AXIS2_PLACEMENT_3D('',#2602,#2603,#2604);
#2602 = CARTESIAN_POINT('',(18.071681469282,6.4455,-2.15));
#2603 = DIRECTION('',(-1.,0.,0.));
#2604 = DIRECTION('',(0.,1.,0.));
#2605 = ADVANCED_FACE('',(#2606),#2631,.F.);
#2606 = FACE_BOUND('',#2607,.F.);
#2607 = EDGE_LOOP('',(#2608,#2609,#2617,#2625));
#2608 = ORIENTED_EDGE('',*,*,#2587,.T.);
#2609 = ORIENTED_EDGE('',*,*,#2610,.T.);
#2610 = EDGE_CURVE('',#2580,#2611,#2613,.T.);
#2611 = VERTEX_POINT('',#2612);
#2612 = CARTESIAN_POINT('',(17.729681469282,13.7935,-1.15));
#2613 = LINE('',#2614,#2615);
#2614 = CARTESIAN_POINT('',(18.071681469282,13.6225,-1.15));
#2615 = VECTOR('',#2616,1.);
#2616 = DIRECTION('',(-0.894427191,0.4472135955,0.));
#2617 = ORIENTED_EDGE('',*,*,#2618,.F.);
#2618 = EDGE_CURVE('',#2619,#2611,#2621,.T.);
#2619 = VERTEX_POINT('',#2620);
#2620 = CARTESIAN_POINT('',(17.729681469282,13.7935,-2.15));
#2621 = LINE('',#2622,#2623);
#2622 = CARTESIAN_POINT('',(17.729681469282,13.7935,-2.15));
#2623 = VECTOR('',#2624,1.);
#2624 = DIRECTION('',(0.,0.,1.));
#2625 = ORIENTED_EDGE('',*,*,#2626,.F.);
#2626 = EDGE_CURVE('',#2588,#2619,#2627,.T.);
#2627 = LINE('',#2628,#2629);
#2628 = CARTESIAN_POINT('',(18.071681469282,13.6225,-2.15));
#2629 = VECTOR('',#2630,1.);
#2630 = DIRECTION('',(-0.894427191,0.4472135955,0.));
#2631 = PLANE('',#2632);
#2632 = AXIS2_PLACEMENT_3D('',#2633,#2634,#2635);
#2633 = CARTESIAN_POINT('',(18.071681469282,13.6225,-2.15));
#2634 = DIRECTION('',(-0.4472135955,-0.894427191,0.));
#2635 = DIRECTION('',(-0.894427191,0.4472135955,0.));
#2636 = ADVANCED_FACE('',(#2637),#2662,.F.);
#2637 = FACE_BOUND('',#2638,.F.);
#2638 = EDGE_LOOP('',(#2639,#2640,#2648,#2656));
#2639 = ORIENTED_EDGE('',*,*,#2618,.T.);
#2640 = ORIENTED_EDGE('',*,*,#2641,.T.);
#2641 = EDGE_CURVE('',#2611,#2642,#2644,.T.);
#2642 = VERTEX_POINT('',#2643);
#2643 = CARTESIAN_POINT('',(16.586681469282,14.0475,-1.15));
#2644 = LINE('',#2645,#2646);
#2645 = CARTESIAN_POINT('',(17.729681469282,13.7935,-1.15));
#2646 = VECTOR('',#2647,1.);
#2647 = DIRECTION('',(-0.976187060184,0.216930457819,0.));
#2648 = ORIENTED_EDGE('',*,*,#2649,.F.);
#2649 = EDGE_CURVE('',#2650,#2642,#2652,.T.);
#2650 = VERTEX_POINT('',#2651);
#2651 = CARTESIAN_POINT('',(16.586681469282,14.0475,-2.15));
#2652 = LINE('',#2653,#2654);
#2653 = CARTESIAN_POINT('',(16.586681469282,14.0475,-2.15));
#2654 = VECTOR('',#2655,1.);
#2655 = DIRECTION('',(0.,0.,1.));
#2656 = ORIENTED_EDGE('',*,*,#2657,.F.);
#2657 = EDGE_CURVE('',#2619,#2650,#2658,.T.);
#2658 = LINE('',#2659,#2660);
#2659 = CARTESIAN_POINT('',(17.729681469282,13.7935,-2.15));
#2660 = VECTOR('',#2661,1.);
#2661 = DIRECTION('',(-0.976187060184,0.216930457819,0.));
#2662 = PLANE('',#2663);
#2663 = AXIS2_PLACEMENT_3D('',#2664,#2665,#2666);
#2664 = CARTESIAN_POINT('',(17.729681469282,13.7935,-2.15));
#2665 = DIRECTION('',(-0.216930457819,-0.976187060184,0.));
#2666 = DIRECTION('',(-0.976187060184,0.216930457819,0.));
#2667 = ADVANCED_FACE('',(#2668),#2693,.F.);
#2668 = FACE_BOUND('',#2669,.F.);
#2669 = EDGE_LOOP('',(#2670,#2671,#2679,#2687));
#2670 = ORIENTED_EDGE('',*,*,#2649,.T.);
#2671 = ORIENTED_EDGE('',*,*,#2672,.T.);
#2672 = EDGE_CURVE('',#2642,#2673,#2675,.T.);
#2673 = VERTEX_POINT('',#2674);
#2674 = CARTESIAN_POINT('',(4.775681469282,13.9205,-1.15));
#2675 = LINE('',#2676,#2677);
#2676 = CARTESIAN_POINT('',(16.586681469282,14.0475,-1.15));
#2677 = VECTOR('',#2678,1.);
#2678 = DIRECTION('',(-0.999942194861,-1.075206661141E-02,0.));
#2679 = ORIENTED_EDGE('',*,*,#2680,.F.);
#2680 = EDGE_CURVE('',#2681,#2673,#2683,.T.);
#2681 = VERTEX_POINT('',#2682);
#2682 = CARTESIAN_POINT('',(4.775681469282,13.9205,-2.15));
#2683 = LINE('',#2684,#2685);
#2684 = CARTESIAN_POINT('',(4.775681469282,13.9205,-2.15));
#2685 = VECTOR('',#2686,1.);
#2686 = DIRECTION('',(0.,0.,1.));
#2687 = ORIENTED_EDGE('',*,*,#2688,.F.);
#2688 = EDGE_CURVE('',#2650,#2681,#2689,.T.);
#2689 = LINE('',#2690,#2691);
#2690 = CARTESIAN_POINT('',(16.586681469282,14.0475,-2.15));
#2691 = VECTOR('',#2692,1.);
#2692 = DIRECTION('',(-0.999942194861,-1.075206661141E-02,0.));
#2693 = PLANE('',#2694);
#2694 = AXIS2_PLACEMENT_3D('',#2695,#2696,#2697);
#2695 = CARTESIAN_POINT('',(16.586681469282,14.0475,-2.15));
#2696 = DIRECTION('',(1.075206661141E-02,-0.999942194861,0.));
#2697 = DIRECTION('',(-0.999942194861,-1.075206661141E-02,0.));
#2698 = ADVANCED_FACE('',(#2699),#2724,.F.);
#2699 = FACE_BOUND('',#2700,.F.);
#2700 = EDGE_LOOP('',(#2701,#2702,#2710,#2718));
#2701 = ORIENTED_EDGE('',*,*,#2680,.T.);
#2702 = ORIENTED_EDGE('',*,*,#2703,.T.);
#2703 = EDGE_CURVE('',#2673,#2704,#2706,.T.);
#2704 = VERTEX_POINT('',#2705);
#2705 = CARTESIAN_POINT('',(2.997681469282,13.4125,-1.15));
#2706 = LINE('',#2707,#2708);
#2707 = CARTESIAN_POINT('',(4.775681469282,13.9205,-1.15));
#2708 = VECTOR('',#2709,1.);
#2709 = DIRECTION('',(-0.961523947641,-0.274721127897,0.));
#2710 = ORIENTED_EDGE('',*,*,#2711,.F.);
#2711 = EDGE_CURVE('',#2712,#2704,#2714,.T.);
#2712 = VERTEX_POINT('',#2713);
#2713 = CARTESIAN_POINT('',(2.997681469282,13.4125,-2.15));
#2714 = LINE('',#2715,#2716);
#2715 = CARTESIAN_POINT('',(2.997681469282,13.4125,-2.15));
#2716 = VECTOR('',#2717,1.);
#2717 = DIRECTION('',(0.,0.,1.));
#2718 = ORIENTED_EDGE('',*,*,#2719,.F.);
#2719 = EDGE_CURVE('',#2681,#2712,#2720,.T.);
#2720 = LINE('',#2721,#2722);
#2721 = CARTESIAN_POINT('',(4.775681469282,13.9205,-2.15));
#2722 = VECTOR('',#2723,1.);
#2723 = DIRECTION('',(-0.961523947641,-0.274721127897,0.));
#2724 = PLANE('',#2725);
#2725 = AXIS2_PLACEMENT_3D('',#2726,#2727,#2728);
#2726 = CARTESIAN_POINT('',(4.775681469282,13.9205,-2.15));
#2727 = DIRECTION('',(0.274721127897,-0.961523947641,0.));
#2728 = DIRECTION('',(-0.961523947641,-0.274721127897,0.));
#2729 = ADVANCED_FACE('',(#2730),#2755,.F.);
#2730 = FACE_BOUND('',#2731,.F.);
#2731 = EDGE_LOOP('',(#2732,#2733,#2741,#2749));
#2732 = ORIENTED_EDGE('',*,*,#2711,.T.);
#2733 = ORIENTED_EDGE('',*,*,#2734,.T.);
#2734 = EDGE_CURVE('',#2704,#2735,#2737,.T.);
#2735 = VERTEX_POINT('',#2736);
#2736 = CARTESIAN_POINT('',(1.471681469282,12.2135,-1.15));
#2737 = LINE('',#2738,#2739);
#2738 = CARTESIAN_POINT('',(2.997681469282,13.4125,-1.15));
#2739 = VECTOR('',#2740,1.);
#2740 = DIRECTION('',(-0.786318338822,-0.617821551932,0.));
#2741 = ORIENTED_EDGE('',*,*,#2742,.F.);
#2742 = EDGE_CURVE('',#2743,#2735,#2745,.T.);
#2743 = VERTEX_POINT('',#2744);
#2744 = CARTESIAN_POINT('',(1.471681469282,12.2135,-2.15));
#2745 = LINE('',#2746,#2747);
#2746 = CARTESIAN_POINT('',(1.471681469282,12.2135,-2.15));
#2747 = VECTOR('',#2748,1.);
#2748 = DIRECTION('',(0.,0.,1.));
#2749 = ORIENTED_EDGE('',*,*,#2750,.F.);
#2750 = EDGE_CURVE('',#2712,#2743,#2751,.T.);
#2751 = LINE('',#2752,#2753);
#2752 = CARTESIAN_POINT('',(2.997681469282,13.4125,-2.15));
#2753 = VECTOR('',#2754,1.);
#2754 = DIRECTION('',(-0.786318338822,-0.617821551932,0.));
#2755 = PLANE('',#2756);
#2756 = AXIS2_PLACEMENT_3D('',#2757,#2758,#2759);
#2757 = CARTESIAN_POINT('',(2.997681469282,13.4125,-2.15));
#2758 = DIRECTION('',(0.617821551932,-0.786318338822,0.));
#2759 = DIRECTION('',(-0.786318338822,-0.617821551932,0.));
#2760 = ADVANCED_FACE('',(#2761),#2777,.F.);
#2761 = FACE_BOUND('',#2762,.F.);
#2762 = EDGE_LOOP('',(#2763,#2764,#2770,#2771));
#2763 = ORIENTED_EDGE('',*,*,#2742,.T.);
#2764 = ORIENTED_EDGE('',*,*,#2765,.T.);
#2765 = EDGE_CURVE('',#2735,#2417,#2766,.T.);
#2766 = LINE('',#2767,#2768);
#2767 = CARTESIAN_POINT('',(1.471681469282,12.2135,-1.15));
#2768 = VECTOR('',#2769,1.);
#2769 = DIRECTION('',(0.,-1.,0.));
#2770 = ORIENTED_EDGE('',*,*,#2414,.F.);
#2771 = ORIENTED_EDGE('',*,*,#2772,.F.);
#2772 = EDGE_CURVE('',#2743,#2415,#2773,.T.);
#2773 = LINE('',#2774,#2775);
#2774 = CARTESIAN_POINT('',(1.471681469282,12.2135,-2.15));
#2775 = VECTOR('',#2776,1.);
#2776 = DIRECTION('',(0.,-1.,0.));
#2777 = PLANE('',#2778);
#2778 = AXIS2_PLACEMENT_3D('',#2779,#2780,#2781);
#2779 = CARTESIAN_POINT('',(1.471681469282,12.2135,-2.15));
#2780 = DIRECTION('',(1.,0.,0.));
#2781 = DIRECTION('',(0.,-1.,0.));
#2782 = ADVANCED_FACE('',(#2783),#2797,.F.);
#2783 = FACE_BOUND('',#2784,.F.);
#2784 = EDGE_LOOP('',(#2785,#2786,#2787,#2788,#2789,#2790,#2791,#2792,
    #2793,#2794,#2795,#2796));
#2785 = ORIENTED_EDGE('',*,*,#2440,.T.);
#2786 = ORIENTED_EDGE('',*,*,#2471,.T.);
#2787 = ORIENTED_EDGE('',*,*,#2502,.T.);
#2788 = ORIENTED_EDGE('',*,*,#2533,.T.);
#2789 = ORIENTED_EDGE('',*,*,#2564,.T.);
#2790 = ORIENTED_EDGE('',*,*,#2595,.T.);
#2791 = ORIENTED_EDGE('',*,*,#2626,.T.);
#2792 = ORIENTED_EDGE('',*,*,#2657,.T.);
#2793 = ORIENTED_EDGE('',*,*,#2688,.T.);
#2794 = ORIENTED_EDGE('',*,*,#2719,.T.);
#2795 = ORIENTED_EDGE('',*,*,#2750,.T.);
#2796 = ORIENTED_EDGE('',*,*,#2772,.T.);
#2797 = PLANE('',#2798);
#2798 = AXIS2_PLACEMENT_3D('',#2799,#2800,#2801);
#2799 = CARTESIAN_POINT('',(10.007450429094,9.35993789953,-2.15));
#2800 = DIRECTION('',(0.,0.,1.));
#2801 = DIRECTION('',(1.,0.,-0.));
#2802 = ADVANCED_FACE('',(#2803),#2817,.T.);
#2803 = FACE_BOUND('',#2804,.T.);
#2804 = EDGE_LOOP('',(#2805,#2806,#2807,#2808,#2809,#2810,#2811,#2812,
    #2813,#2814,#2815,#2816));
#2805 = ORIENTED_EDGE('',*,*,#2424,.T.);
#2806 = ORIENTED_EDGE('',*,*,#2455,.T.);
#2807 = ORIENTED_EDGE('',*,*,#2486,.T.);
#2808 = ORIENTED_EDGE('',*,*,#2517,.T.);
#2809 = ORIENTED_EDGE('',*,*,#2548,.T.);
#2810 = ORIENTED_EDGE('',*,*,#2579,.T.);
#2811 = ORIENTED_EDGE('',*,*,#2610,.T.);
#2812 = ORIENTED_EDGE('',*,*,#2641,.T.);
#2813 = ORIENTED_EDGE('',*,*,#2672,.T.);
#2814 = ORIENTED_EDGE('',*,*,#2703,.T.);
#2815 = ORIENTED_EDGE('',*,*,#2734,.T.);
#2816 = ORIENTED_EDGE('',*,*,#2765,.T.);
#2817 = PLANE('',#2818);
#2818 = AXIS2_PLACEMENT_3D('',#2819,#2820,#2821);
#2819 = CARTESIAN_POINT('',(10.007450429094,9.35993789953,-1.15));
#2820 = DIRECTION('',(0.,0.,1.));
#2821 = DIRECTION('',(1.,0.,-0.));
#2822 = MANIFOLD_SOLID_BREP('',#2823);
#2823 = CLOSED_SHELL('',(#2824,#2864,#2895,#2926,#2948,#2960));
#2824 = ADVANCED_FACE('',(#2825),#2859,.F.);
#2825 = FACE_BOUND('',#2826,.F.);
#2826 = EDGE_LOOP('',(#2827,#2837,#2845,#2853));
#2827 = ORIENTED_EDGE('',*,*,#2828,.T.);
#2828 = EDGE_CURVE('',#2829,#2831,#2833,.T.);
#2829 = VERTEX_POINT('',#2830);
#2830 = CARTESIAN_POINT('',(26.350637061436,6.1755,0.7));
#2831 = VERTEX_POINT('',#2832);
#2832 = CARTESIAN_POINT('',(26.350637061436,6.1755,0.275));
#2833 = LINE('',#2834,#2835);
#2834 = CARTESIAN_POINT('',(26.350637061436,6.1755,0.7));
#2835 = VECTOR('',#2836,1.);
#2836 = DIRECTION('',(-1.2E-16,0.,-1.));
#2837 = ORIENTED_EDGE('',*,*,#2838,.T.);
#2838 = EDGE_CURVE('',#2831,#2839,#2841,.T.);
#2839 = VERTEX_POINT('',#2840);
#2840 = CARTESIAN_POINT('',(23.950637061436,6.1755,0.275));
#2841 = LINE('',#2842,#2843);
#2842 = CARTESIAN_POINT('',(26.350637061436,6.1755,0.275));
#2843 = VECTOR('',#2844,1.);
#2844 = DIRECTION('',(-1.,0.,1.9E-16));
#2845 = ORIENTED_EDGE('',*,*,#2846,.F.);
#2846 = EDGE_CURVE('',#2847,#2839,#2849,.T.);
#2847 = VERTEX_POINT('',#2848);
#2848 = CARTESIAN_POINT('',(23.950637061436,6.1755,0.7));
#2849 = LINE('',#2850,#2851);
#2850 = CARTESIAN_POINT('',(23.950637061436,6.1755,0.7));
#2851 = VECTOR('',#2852,1.);
#2852 = DIRECTION('',(-1.2E-16,0.,-1.));
#2853 = ORIENTED_EDGE('',*,*,#2854,.F.);
#2854 = EDGE_CURVE('',#2829,#2847,#2855,.T.);
#2855 = LINE('',#2856,#2857);
#2856 = CARTESIAN_POINT('',(26.350637061436,6.1755,0.7));
#2857 = VECTOR('',#2858,1.);
#2858 = DIRECTION('',(-1.,0.,1.9E-16));
#2859 = PLANE('',#2860);
#2860 = AXIS2_PLACEMENT_3D('',#2861,#2862,#2863);
#2861 = CARTESIAN_POINT('',(26.350637061436,6.1755,0.7));
#2862 = DIRECTION('',(0.,1.,0.));
#2863 = DIRECTION('',(-1.,0.,1.9E-16));
#2864 = ADVANCED_FACE('',(#2865),#2890,.F.);
#2865 = FACE_BOUND('',#2866,.F.);
#2866 = EDGE_LOOP('',(#2867,#2868,#2876,#2884));
#2867 = ORIENTED_EDGE('',*,*,#2846,.T.);
#2868 = ORIENTED_EDGE('',*,*,#2869,.T.);
#2869 = EDGE_CURVE('',#2839,#2870,#2872,.T.);
#2870 = VERTEX_POINT('',#2871);
#2871 = CARTESIAN_POINT('',(23.950637061436,12.7755,0.275));
#2872 = LINE('',#2873,#2874);
#2873 = CARTESIAN_POINT('',(23.950637061436,6.1755,0.275));
#2874 = VECTOR('',#2875,1.);
#2875 = DIRECTION('',(0.,1.,0.));
#2876 = ORIENTED_EDGE('',*,*,#2877,.F.);
#2877 = EDGE_CURVE('',#2878,#2870,#2880,.T.);
#2878 = VERTEX_POINT('',#2879);
#2879 = CARTESIAN_POINT('',(23.950637061436,12.7755,0.7));
#2880 = LINE('',#2881,#2882);
#2881 = CARTESIAN_POINT('',(23.950637061436,12.7755,0.7));
#2882 = VECTOR('',#2883,1.);
#2883 = DIRECTION('',(-1.2E-16,0.,-1.));
#2884 = ORIENTED_EDGE('',*,*,#2885,.F.);
#2885 = EDGE_CURVE('',#2847,#2878,#2886,.T.);
#2886 = LINE('',#2887,#2888);
#2887 = CARTESIAN_POINT('',(23.950637061436,6.1755,0.7));
#2888 = VECTOR('',#2889,1.);
#2889 = DIRECTION('',(0.,1.,0.));
#2890 = PLANE('',#2891);
#2891 = AXIS2_PLACEMENT_3D('',#2892,#2893,#2894);
#2892 = CARTESIAN_POINT('',(23.950637061436,6.1755,0.7));
#2893 = DIRECTION('',(1.,0.,-1.2E-16));
#2894 = DIRECTION('',(0.,1.,0.));
#2895 = ADVANCED_FACE('',(#2896),#2921,.F.);
#2896 = FACE_BOUND('',#2897,.F.);
#2897 = EDGE_LOOP('',(#2898,#2899,#2907,#2915));
#2898 = ORIENTED_EDGE('',*,*,#2877,.T.);
#2899 = ORIENTED_EDGE('',*,*,#2900,.T.);
#2900 = EDGE_CURVE('',#2870,#2901,#2903,.T.);
#2901 = VERTEX_POINT('',#2902);
#2902 = CARTESIAN_POINT('',(26.350637061436,12.7755,0.275));
#2903 = LINE('',#2904,#2905);
#2904 = CARTESIAN_POINT('',(23.950637061436,12.7755,0.275));
#2905 = VECTOR('',#2906,1.);
#2906 = DIRECTION('',(1.,0.,-1.9E-16));
#2907 = ORIENTED_EDGE('',*,*,#2908,.F.);
#2908 = EDGE_CURVE('',#2909,#2901,#2911,.T.);
#2909 = VERTEX_POINT('',#2910);
#2910 = CARTESIAN_POINT('',(26.350637061436,12.7755,0.7));
#2911 = LINE('',#2912,#2913);
#2912 = CARTESIAN_POINT('',(26.350637061436,12.7755,0.7));
#2913 = VECTOR('',#2914,1.);
#2914 = DIRECTION('',(-1.2E-16,0.,-1.));
#2915 = ORIENTED_EDGE('',*,*,#2916,.F.);
#2916 = EDGE_CURVE('',#2878,#2909,#2917,.T.);
#2917 = LINE('',#2918,#2919);
#2918 = CARTESIAN_POINT('',(23.950637061436,12.7755,0.7));
#2919 = VECTOR('',#2920,1.);
#2920 = DIRECTION('',(1.,0.,-1.9E-16));
#2921 = PLANE('',#2922);
#2922 = AXIS2_PLACEMENT_3D('',#2923,#2924,#2925);
#2923 = CARTESIAN_POINT('',(23.950637061436,12.7755,0.7));
#2924 = DIRECTION('',(0.,-1.,0.));
#2925 = DIRECTION('',(1.,0.,-1.9E-16));
#2926 = ADVANCED_FACE('',(#2927),#2943,.F.);
#2927 = FACE_BOUND('',#2928,.F.);
#2928 = EDGE_LOOP('',(#2929,#2930,#2936,#2937));
#2929 = ORIENTED_EDGE('',*,*,#2908,.T.);
#2930 = ORIENTED_EDGE('',*,*,#2931,.T.);
#2931 = EDGE_CURVE('',#2901,#2831,#2932,.T.);
#2932 = LINE('',#2933,#2934);
#2933 = CARTESIAN_POINT('',(26.350637061436,12.7755,0.275));
#2934 = VECTOR('',#2935,1.);
#2935 = DIRECTION('',(0.,-1.,0.));
#2936 = ORIENTED_EDGE('',*,*,#2828,.F.);
#2937 = ORIENTED_EDGE('',*,*,#2938,.F.);
#2938 = EDGE_CURVE('',#2909,#2829,#2939,.T.);
#2939 = LINE('',#2940,#2941);
#2940 = CARTESIAN_POINT('',(26.350637061436,12.7755,0.7));
#2941 = VECTOR('',#2942,1.);
#2942 = DIRECTION('',(0.,-1.,0.));
#2943 = PLANE('',#2944);
#2944 = AXIS2_PLACEMENT_3D('',#2945,#2946,#2947);
#2945 = CARTESIAN_POINT('',(26.350637061436,12.7755,0.7));
#2946 = DIRECTION('',(-1.,0.,1.2E-16));
#2947 = DIRECTION('',(0.,-1.,0.));
#2948 = ADVANCED_FACE('',(#2949),#2955,.F.);
#2949 = FACE_BOUND('',#2950,.F.);
#2950 = EDGE_LOOP('',(#2951,#2952,#2953,#2954));
#2951 = ORIENTED_EDGE('',*,*,#2854,.T.);
#2952 = ORIENTED_EDGE('',*,*,#2885,.T.);
#2953 = ORIENTED_EDGE('',*,*,#2916,.T.);
#2954 = ORIENTED_EDGE('',*,*,#2938,.T.);
#2955 = PLANE('',#2956);
#2956 = AXIS2_PLACEMENT_3D('',#2957,#2958,#2959);
#2957 = CARTESIAN_POINT('',(25.150637061436,9.4755,0.7));
#2958 = DIRECTION('',(-0.,-0.,-1.));
#2959 = DIRECTION('',(-1.,0.,0.));
#2960 = ADVANCED_FACE('',(#2961),#2967,.T.);
#2961 = FACE_BOUND('',#2962,.T.);
#2962 = EDGE_LOOP('',(#2963,#2964,#2965,#2966));
#2963 = ORIENTED_EDGE('',*,*,#2838,.T.);
#2964 = ORIENTED_EDGE('',*,*,#2869,.T.);
#2965 = ORIENTED_EDGE('',*,*,#2900,.T.);
#2966 = ORIENTED_EDGE('',*,*,#2931,.T.);
#2967 = PLANE('',#2968);
#2968 = AXIS2_PLACEMENT_3D('',#2969,#2970,#2971);
#2969 = CARTESIAN_POINT('',(25.150637061436,9.4755,0.275));
#2970 = DIRECTION('',(-0.,-0.,-1.));
#2971 = DIRECTION('',(-1.,0.,0.));
#2972 = MANIFOLD_SOLID_BREP('',#2973);
#2973 = CLOSED_SHELL('',(#2974,#3012,#3043,#3066,#3095,#3118,#3135,#3158
    ,#3187,#3210,#3227,#3250,#3279,#3302,#3319,#3342,#3371,#3394,#3411,
    #3434,#3463,#3486,#3503,#3526,#3555,#3578,#3595,#3618,#3647,#3670,
    #3687,#3710,#3741,#3764,#3781,#3805,#3829,#3858,#3875,#3898,#3921,
    #3950,#3967,#3990,#4013,#4042,#4059,#4082,#4105,#4134,#4151,#4174,
    #4197,#4226,#4243,#4266,#4289,#4318,#4335,#4358,#4381,#4410,#4427,
    #4450,#4473,#4502,#4519,#4542,#4565,#4676,#4693,#4717,#4741,#4765,
    #4789,#4813,#4837,#4861,#4910,#4941,#4965,#4989,#5013,#5030,#5057,
    #5082,#5106,#5130,#5177,#5202,#5221,#5245,#5269,#5318,#5349,#5366,
    #5385,#5410,#5434,#5458,#5513,#5538,#5557,#5581,#5605,#5629,#5653,
    #5677,#5694));
#2974 = ADVANCED_FACE('',(#2975),#3007,.T.);
#2975 = FACE_BOUND('',#2976,.T.);
#2976 = EDGE_LOOP('',(#2977,#2987,#2994,#3002));
#2977 = ORIENTED_EDGE('',*,*,#2978,.T.);
#2978 = EDGE_CURVE('',#2979,#2981,#2983,.T.);
#2979 = VERTEX_POINT('',#2980);
#2980 = CARTESIAN_POINT('',(3.,4.9075,-4.35));
#2981 = VERTEX_POINT('',#2982);
#2982 = CARTESIAN_POINT('',(3.,12.9085,-4.35));
#2983 = LINE('',#2984,#2985);
#2984 = CARTESIAN_POINT('',(3.,4.9075,-4.35));
#2985 = VECTOR('',#2986,1.);
#2986 = DIRECTION('',(0.,1.,0.));
#2987 = ORIENTED_EDGE('',*,*,#2988,.T.);
#2988 = EDGE_CURVE('',#2981,#2989,#2991,.T.);
#2989 = VERTEX_POINT('',#2990);
#2990 = CARTESIAN_POINT('',(2.975613709748,12.911244032098,
    -4.34759816005));
#2991 = B_SPLINE_CURVE_WITH_KNOTS('',1,(#2992,#2993),.UNSPECIFIED.,.F.,
  .F.,(2,2),(0.,1.),.PIECEWISE_BEZIER_KNOTS.);
#2992 = CARTESIAN_POINT('',(3.,12.9085,-4.35));
#2993 = CARTESIAN_POINT('',(2.975613709748,12.911244032098,
    -4.34759816005));
#2994 = ORIENTED_EDGE('',*,*,#2995,.F.);
#2995 = EDGE_CURVE('',#2996,#2989,#2998,.T.);
#2996 = VERTEX_POINT('',#2997);
#2997 = CARTESIAN_POINT('',(2.975613709748,4.9075,-4.34759816005));
#2998 = LINE('',#2999,#3000);
#2999 = CARTESIAN_POINT('',(2.975613709748,4.9075,-4.34759816005));
#3000 = VECTOR('',#3001,1.);
#3001 = DIRECTION('',(0.,1.,0.));
#3002 = ORIENTED_EDGE('',*,*,#3003,.F.);
#3003 = EDGE_CURVE('',#2979,#2996,#3004,.T.);
#3004 = B_SPLINE_CURVE_WITH_KNOTS('',1,(#3005,#3006),.UNSPECIFIED.,.F.,
  .F.,(2,2),(0.,1.),.PIECEWISE_BEZIER_KNOTS.);
#3005 = CARTESIAN_POINT('',(3.,4.9075,-4.35));
#3006 = CARTESIAN_POINT('',(2.975613709748,4.9075,-4.34759816005));
#3007 = B_SPLINE_SURFACE_WITH_KNOTS('',1,1,(
    (#3008,#3009)
    ,(#3010,#3011
    )),.UNSPECIFIED.,.F.,.F.,.F.,(2,2),(2,2),(0.,8.003744032098),(0.,1.)
  ,.PIECEWISE_BEZIER_KNOTS.);
#3008 = CARTESIAN_POINT('',(3.,4.9075,-4.35));
#3009 = CARTESIAN_POINT('',(2.975613709748,4.9075,-4.34759816005));
#3010 = CARTESIAN_POINT('',(3.,12.9085,-4.35));
#3011 = CARTESIAN_POINT('',(2.975613709748,12.911244032098,
    -4.34759816005));
#3012 = ADVANCED_FACE('',(#3013),#3038,.F.);
#3013 = FACE_BOUND('',#3014,.F.);
#3014 = EDGE_LOOP('',(#3015,#3016,#3024,#3032));
#3015 = ORIENTED_EDGE('',*,*,#2978,.T.);
#3016 = ORIENTED_EDGE('',*,*,#3017,.T.);
#3017 = EDGE_CURVE('',#2981,#3018,#3020,.T.);
#3018 = VERTEX_POINT('',#3019);
#3019 = CARTESIAN_POINT('',(3.,12.9085,-4.5));
#3020 = LINE('',#3021,#3022);
#3021 = CARTESIAN_POINT('',(3.,12.9085,-4.35));
#3022 = VECTOR('',#3023,1.);
#3023 = DIRECTION('',(0.,0.,-1.));
#3024 = ORIENTED_EDGE('',*,*,#3025,.T.);
#3025 = EDGE_CURVE('',#3018,#3026,#3028,.T.);
#3026 = VERTEX_POINT('',#3027);
#3027 = CARTESIAN_POINT('',(3.,4.9075,-4.5));
#3028 = LINE('',#3029,#3030);
#3029 = CARTESIAN_POINT('',(3.,12.9085,-4.5));
#3030 = VECTOR('',#3031,1.);
#3031 = DIRECTION('',(0.,-1.,0.));
#3032 = ORIENTED_EDGE('',*,*,#3033,.T.);
#3033 = EDGE_CURVE('',#3026,#2979,#3034,.T.);
#3034 = LINE('',#3035,#3036);
#3035 = CARTESIAN_POINT('',(3.,4.9075,-4.5));
#3036 = VECTOR('',#3037,1.);
#3037 = DIRECTION('',(0.,0.,1.));
#3038 = PLANE('',#3039);
#3039 = AXIS2_PLACEMENT_3D('',#3040,#3041,#3042);
#3040 = CARTESIAN_POINT('',(3.,4.9075,-4.35));
#3041 = DIRECTION('',(-1.,0.,0.));
#3042 = DIRECTION('',(0.,0.999824308999,-1.874436274839E-02));
#3043 = ADVANCED_FACE('',(#3044),#3061,.T.);
#3044 = FACE_BOUND('',#3045,.T.);
#3045 = EDGE_LOOP('',(#3046,#3047,#3054,#3060));
#3046 = ORIENTED_EDGE('',*,*,#3017,.T.);
#3047 = ORIENTED_EDGE('',*,*,#3048,.T.);
#3048 = EDGE_CURVE('',#3018,#3049,#3051,.T.);
#3049 = VERTEX_POINT('',#3050);
#3050 = CARTESIAN_POINT('',(2.946350161446,12.911244032098,
    -4.494715952111));
#3051 = B_SPLINE_CURVE_WITH_KNOTS('',1,(#3052,#3053),.UNSPECIFIED.,.F.,
  .F.,(2,2),(0.,1.),.PIECEWISE_BEZIER_KNOTS.);
#3052 = CARTESIAN_POINT('',(3.,12.9085,-4.5));
#3053 = CARTESIAN_POINT('',(2.946350161446,12.911244032098,
    -4.494715952111));
#3054 = ORIENTED_EDGE('',*,*,#3055,.F.);
#3055 = EDGE_CURVE('',#2989,#3049,#3056,.T.);
#3056 = LINE('',#3057,#3058);
#3057 = CARTESIAN_POINT('',(2.975613709748,12.911244032098,
    -4.34759816005));
#3058 = VECTOR('',#3059,1.);
#3059 = DIRECTION('',(-0.195090322016,0.,-0.980785280403));
#3060 = ORIENTED_EDGE('',*,*,#2988,.F.);
#3061 = B_SPLINE_SURFACE_WITH_KNOTS('',1,1,(
    (#3062,#3063)
    ,(#3064,#3065
    )),.UNSPECIFIED.,.F.,.F.,.F.,(2,2),(2,2),(0.,0.15),(0.,1.),
  .PIECEWISE_BEZIER_KNOTS.);
#3062 = CARTESIAN_POINT('',(3.,12.9085,-4.35));
#3063 = CARTESIAN_POINT('',(2.975613709748,12.911244032098,
    -4.34759816005));
#3064 = CARTESIAN_POINT('',(3.,12.9085,-4.5));
#3065 = CARTESIAN_POINT('',(2.946350161446,12.911244032098,
    -4.494715952111));
#3066 = ADVANCED_FACE('',(#3067),#3090,.T.);
#3067 = FACE_BOUND('',#3068,.T.);
#3068 = EDGE_LOOP('',(#3069,#3070,#3077,#3085));
#3069 = ORIENTED_EDGE('',*,*,#2995,.T.);
#3070 = ORIENTED_EDGE('',*,*,#3071,.T.);
#3071 = EDGE_CURVE('',#2989,#3072,#3074,.T.);
#3072 = VERTEX_POINT('',#3073);
#3073 = CARTESIAN_POINT('',(2.952164570954,12.913988064195,
    -4.340484941564));
#3074 = B_SPLINE_CURVE_WITH_KNOTS('',1,(#3075,#3076),.UNSPECIFIED.,.F.,
  .F.,(2,2),(0.,1.),.PIECEWISE_BEZIER_KNOTS.);
#3075 = CARTESIAN_POINT('',(2.975613709748,12.911244032098,
    -4.34759816005));
#3076 = CARTESIAN_POINT('',(2.952164570954,12.913988064195,
    -4.340484941564));
#3077 = ORIENTED_EDGE('',*,*,#3078,.F.);
#3078 = EDGE_CURVE('',#3079,#3072,#3081,.T.);
#3079 = VERTEX_POINT('',#3080);
#3080 = CARTESIAN_POINT('',(2.952164570954,4.9075,-4.340484941564));
#3081 = LINE('',#3082,#3083);
#3082 = CARTESIAN_POINT('',(2.952164570954,4.9075,-4.340484941564));
#3083 = VECTOR('',#3084,1.);
#3084 = DIRECTION('',(0.,1.,0.));
#3085 = ORIENTED_EDGE('',*,*,#3086,.F.);
#3086 = EDGE_CURVE('',#2996,#3079,#3087,.T.);
#3087 = B_SPLINE_CURVE_WITH_KNOTS('',1,(#3088,#3089),.UNSPECIFIED.,.F.,
  .F.,(2,2),(0.,1.),.PIECEWISE_BEZIER_KNOTS.);
#3088 = CARTESIAN_POINT('',(2.975613709748,4.9075,-4.34759816005));
#3089 = CARTESIAN_POINT('',(2.952164570954,4.9075,-4.340484941564));
#3090 = B_SPLINE_SURFACE_WITH_KNOTS('',1,1,(
    (#3091,#3092)
    ,(#3093,#3094
    )),.UNSPECIFIED.,.F.,.F.,.F.,(2,2),(2,2),(0.,8.006488064195),(0.,1.)
  ,.PIECEWISE_BEZIER_KNOTS.);
#3091 = CARTESIAN_POINT('',(2.975613709748,4.9075,-4.34759816005));
#3092 = CARTESIAN_POINT('',(2.952164570954,4.9075,-4.340484941564));
#3093 = CARTESIAN_POINT('',(2.975613709748,12.911244032098,
    -4.34759816005));
#3094 = CARTESIAN_POINT('',(2.952164570954,12.913988064195,
    -4.340484941564));
#3095 = ADVANCED_FACE('',(#3096),#3113,.T.);
#3096 = FACE_BOUND('',#3097,.T.);
#3097 = EDGE_LOOP('',(#3098,#3099,#3100,#3108));
#3098 = ORIENTED_EDGE('',*,*,#3033,.T.);
#3099 = ORIENTED_EDGE('',*,*,#3003,.T.);
#3100 = ORIENTED_EDGE('',*,*,#3101,.F.);
#3101 = EDGE_CURVE('',#3102,#2996,#3104,.T.);
#3102 = VERTEX_POINT('',#3103);
#3103 = CARTESIAN_POINT('',(2.946350161446,4.9075,-4.494715952111));
#3104 = LINE('',#3105,#3106);
#3105 = CARTESIAN_POINT('',(2.946350161446,4.9075,-4.494715952111));
#3106 = VECTOR('',#3107,1.);
#3107 = DIRECTION('',(0.195090322016,0.,0.980785280403));
#3108 = ORIENTED_EDGE('',*,*,#3109,.F.);
#3109 = EDGE_CURVE('',#3026,#3102,#3110,.T.);
#3110 = B_SPLINE_CURVE_WITH_KNOTS('',1,(#3111,#3112),.UNSPECIFIED.,.F.,
  .F.,(2,2),(0.,1.),.PIECEWISE_BEZIER_KNOTS.);
#3111 = CARTESIAN_POINT('',(3.,4.9075,-4.5));
#3112 = CARTESIAN_POINT('',(2.946350161446,4.9075,-4.494715952111));
#3113 = B_SPLINE_SURFACE_WITH_KNOTS('',1,1,(
    (#3114,#3115)
    ,(#3116,#3117
    )),.UNSPECIFIED.,.F.,.F.,.F.,(2,2),(2,2),(0.,0.15),(0.,1.),
  .PIECEWISE_BEZIER_KNOTS.);
#3114 = CARTESIAN_POINT('',(3.,4.9075,-4.5));
#3115 = CARTESIAN_POINT('',(2.946350161446,4.9075,-4.494715952111));
#3116 = CARTESIAN_POINT('',(3.,4.9075,-4.35));
#3117 = CARTESIAN_POINT('',(2.975613709748,4.9075,-4.34759816005));
#3118 = ADVANCED_FACE('',(#3119),#3130,.T.);
#3119 = FACE_BOUND('',#3120,.T.);
#3120 = EDGE_LOOP('',(#3121,#3122,#3123,#3129));
#3121 = ORIENTED_EDGE('',*,*,#3025,.T.);
#3122 = ORIENTED_EDGE('',*,*,#3109,.T.);
#3123 = ORIENTED_EDGE('',*,*,#3124,.F.);
#3124 = EDGE_CURVE('',#3049,#3102,#3125,.T.);
#3125 = LINE('',#3126,#3127);
#3126 = CARTESIAN_POINT('',(2.946350161446,12.911244032098,
    -4.494715952111));
#3127 = VECTOR('',#3128,1.);
#3128 = DIRECTION('',(0.,-1.,0.));
#3129 = ORIENTED_EDGE('',*,*,#3048,.F.);
#3130 = B_SPLINE_SURFACE_WITH_KNOTS('',1,1,(
    (#3131,#3132)
    ,(#3133,#3134
    )),.UNSPECIFIED.,.F.,.F.,.F.,(2,2),(2,2),(0.,8.003744032098),(0.,1.)
  ,.PIECEWISE_BEZIER_KNOTS.);
#3131 = CARTESIAN_POINT('',(3.,12.9085,-4.5));
#3132 = CARTESIAN_POINT('',(2.946350161446,12.911244032098,
    -4.494715952111));
#3133 = CARTESIAN_POINT('',(3.,4.9075,-4.5));
#3134 = CARTESIAN_POINT('',(2.946350161446,4.9075,-4.494715952111));
#3135 = ADVANCED_FACE('',(#3136),#3153,.T.);
#3136 = FACE_BOUND('',#3137,.T.);
#3137 = EDGE_LOOP('',(#3138,#3139,#3146,#3152));
#3138 = ORIENTED_EDGE('',*,*,#3055,.T.);
#3139 = ORIENTED_EDGE('',*,*,#3140,.T.);
#3140 = EDGE_CURVE('',#3049,#3141,#3143,.T.);
#3141 = VERTEX_POINT('',#3142);
#3142 = CARTESIAN_POINT('',(2.8947620561,12.913988064195,-4.479066871441
    ));
#3143 = B_SPLINE_CURVE_WITH_KNOTS('',1,(#3144,#3145),.UNSPECIFIED.,.F.,
  .F.,(2,2),(0.,1.),.PIECEWISE_BEZIER_KNOTS.);
#3144 = CARTESIAN_POINT('',(2.946350161446,12.911244032098,
    -4.494715952111));
#3145 = CARTESIAN_POINT('',(2.8947620561,12.913988064195,-4.479066871441
    ));
#3146 = ORIENTED_EDGE('',*,*,#3147,.F.);
#3147 = EDGE_CURVE('',#3072,#3141,#3148,.T.);
#3148 = LINE('',#3149,#3150);
#3149 = CARTESIAN_POINT('',(2.952164570954,12.913988064195,
    -4.340484941564));
#3150 = VECTOR('',#3151,1.);
#3151 = DIRECTION('',(-0.382683432365,0.,-0.923879532511));
#3152 = ORIENTED_EDGE('',*,*,#3071,.F.);
#3153 = B_SPLINE_SURFACE_WITH_KNOTS('',1,1,(
    (#3154,#3155)
    ,(#3156,#3157
    )),.UNSPECIFIED.,.F.,.F.,.F.,(2,2),(2,2),(0.,0.15),(0.,1.),
  .PIECEWISE_BEZIER_KNOTS.);
#3154 = CARTESIAN_POINT('',(2.975613709748,12.911244032098,
    -4.34759816005));
#3155 = CARTESIAN_POINT('',(2.952164570954,12.913988064195,
    -4.340484941564));
#3156 = CARTESIAN_POINT('',(2.946350161446,12.911244032098,
    -4.494715952111));
#3157 = CARTESIAN_POINT('',(2.8947620561,12.913988064195,-4.479066871441
    ));
#3158 = ADVANCED_FACE('',(#3159),#3182,.T.);
#3159 = FACE_BOUND('',#3160,.T.);
#3160 = EDGE_LOOP('',(#3161,#3162,#3169,#3177));
#3161 = ORIENTED_EDGE('',*,*,#3078,.T.);
#3162 = ORIENTED_EDGE('',*,*,#3163,.T.);
#3163 = EDGE_CURVE('',#3072,#3164,#3166,.T.);
#3164 = VERTEX_POINT('',#3165);
#3165 = CARTESIAN_POINT('',(2.930553720873,12.916732096293,
    -4.328933701538));
#3166 = B_SPLINE_CURVE_WITH_KNOTS('',1,(#3167,#3168),.UNSPECIFIED.,.F.,
  .F.,(2,2),(0.,1.),.PIECEWISE_BEZIER_KNOTS.);
#3167 = CARTESIAN_POINT('',(2.952164570954,12.913988064195,
    -4.340484941564));
#3168 = CARTESIAN_POINT('',(2.930553720873,12.916732096293,
    -4.328933701538));
#3169 = ORIENTED_EDGE('',*,*,#3170,.F.);
#3170 = EDGE_CURVE('',#3171,#3164,#3173,.T.);
#3171 = VERTEX_POINT('',#3172);
#3172 = CARTESIAN_POINT('',(2.930553720873,4.9075,-4.328933701538));
#3173 = LINE('',#3174,#3175);
#3174 = CARTESIAN_POINT('',(2.930553720873,4.9075,-4.328933701538));
#3175 = VECTOR('',#3176,1.);
#3176 = DIRECTION('',(0.,1.,0.));
#3177 = ORIENTED_EDGE('',*,*,#3178,.F.);
#3178 = EDGE_CURVE('',#3079,#3171,#3179,.T.);
#3179 = B_SPLINE_CURVE_WITH_KNOTS('',1,(#3180,#3181),.UNSPECIFIED.,.F.,
  .F.,(2,2),(0.,1.),.PIECEWISE_BEZIER_KNOTS.);
#3180 = CARTESIAN_POINT('',(2.952164570954,4.9075,-4.340484941564));
#3181 = CARTESIAN_POINT('',(2.930553720873,4.9075,-4.328933701538));
#3182 = B_SPLINE_SURFACE_WITH_KNOTS('',1,1,(
    (#3183,#3184)
    ,(#3185,#3186
    )),.UNSPECIFIED.,.F.,.F.,.F.,(2,2),(2,2),(0.,8.009232096293),(0.,1.)
  ,.PIECEWISE_BEZIER_KNOTS.);
#3183 = CARTESIAN_POINT('',(2.952164570954,4.9075,-4.340484941564));
#3184 = CARTESIAN_POINT('',(2.930553720873,4.9075,-4.328933701538));
#3185 = CARTESIAN_POINT('',(2.952164570954,12.913988064195,
    -4.340484941564));
#3186 = CARTESIAN_POINT('',(2.930553720873,12.916732096293,
    -4.328933701538));
#3187 = ADVANCED_FACE('',(#3188),#3205,.T.);
#3188 = FACE_BOUND('',#3189,.T.);
#3189 = EDGE_LOOP('',(#3190,#3191,#3192,#3200));
#3190 = ORIENTED_EDGE('',*,*,#3101,.T.);
#3191 = ORIENTED_EDGE('',*,*,#3086,.T.);
#3192 = ORIENTED_EDGE('',*,*,#3193,.F.);
#3193 = EDGE_CURVE('',#3194,#3079,#3196,.T.);
#3194 = VERTEX_POINT('',#3195);
#3195 = CARTESIAN_POINT('',(2.8947620561,4.9075,-4.479066871441));
#3196 = LINE('',#3197,#3198);
#3197 = CARTESIAN_POINT('',(2.8947620561,4.9075,-4.479066871441));
#3198 = VECTOR('',#3199,1.);
#3199 = DIRECTION('',(0.382683432365,0.,0.923879532511));
#3200 = ORIENTED_EDGE('',*,*,#3201,.F.);
#3201 = EDGE_CURVE('',#3102,#3194,#3202,.T.);
#3202 = B_SPLINE_CURVE_WITH_KNOTS('',1,(#3203,#3204),.UNSPECIFIED.,.F.,
  .F.,(2,2),(0.,1.),.PIECEWISE_BEZIER_KNOTS.);
#3203 = CARTESIAN_POINT('',(2.946350161446,4.9075,-4.494715952111));
#3204 = CARTESIAN_POINT('',(2.8947620561,4.9075,-4.479066871441));
#3205 = B_SPLINE_SURFACE_WITH_KNOTS('',1,1,(
    (#3206,#3207)
    ,(#3208,#3209
    )),.UNSPECIFIED.,.F.,.F.,.F.,(2,2),(2,2),(0.,0.15),(0.,1.),
  .PIECEWISE_BEZIER_KNOTS.);
#3206 = CARTESIAN_POINT('',(2.946350161446,4.9075,-4.494715952111));
#3207 = CARTESIAN_POINT('',(2.8947620561,4.9075,-4.479066871441));
#3208 = CARTESIAN_POINT('',(2.975613709748,4.9075,-4.34759816005));
#3209 = CARTESIAN_POINT('',(2.952164570954,4.9075,-4.340484941564));
#3210 = ADVANCED_FACE('',(#3211),#3222,.T.);
#3211 = FACE_BOUND('',#3212,.T.);
#3212 = EDGE_LOOP('',(#3213,#3214,#3215,#3221));
#3213 = ORIENTED_EDGE('',*,*,#3124,.T.);
#3214 = ORIENTED_EDGE('',*,*,#3201,.T.);
#3215 = ORIENTED_EDGE('',*,*,#3216,.F.);
#3216 = EDGE_CURVE('',#3141,#3194,#3217,.T.);
#3217 = LINE('',#3218,#3219);
#3218 = CARTESIAN_POINT('',(2.8947620561,12.913988064195,-4.479066871441
    ));
#3219 = VECTOR('',#3220,1.);
#3220 = DIRECTION('',(0.,-1.,0.));
#3221 = ORIENTED_EDGE('',*,*,#3140,.F.);
#3222 = B_SPLINE_SURFACE_WITH_KNOTS('',1,1,(
    (#3223,#3224)
    ,(#3225,#3226
    )),.UNSPECIFIED.,.F.,.F.,.F.,(2,2),(2,2),(0.,8.006488064195),(0.,1.)
  ,.PIECEWISE_BEZIER_KNOTS.);
#3223 = CARTESIAN_POINT('',(2.946350161446,12.911244032098,
    -4.494715952111));
#3224 = CARTESIAN_POINT('',(2.8947620561,12.913988064195,-4.479066871441
    ));
#3225 = CARTESIAN_POINT('',(2.946350161446,4.9075,-4.494715952111));
#3226 = CARTESIAN_POINT('',(2.8947620561,4.9075,-4.479066871441));
#3227 = ADVANCED_FACE('',(#3228),#3245,.T.);
#3228 = FACE_BOUND('',#3229,.T.);
#3229 = EDGE_LOOP('',(#3230,#3231,#3238,#3244));
#3230 = ORIENTED_EDGE('',*,*,#3147,.T.);
#3231 = ORIENTED_EDGE('',*,*,#3232,.T.);
#3232 = EDGE_CURVE('',#3141,#3233,#3235,.T.);
#3233 = VERTEX_POINT('',#3234);
#3234 = CARTESIAN_POINT('',(2.84721818592,12.916732096293,
    -4.453654143383));
#3235 = B_SPLINE_CURVE_WITH_KNOTS('',1,(#3236,#3237),.UNSPECIFIED.,.F.,
  .F.,(2,2),(0.,1.),.PIECEWISE_BEZIER_KNOTS.);
#3236 = CARTESIAN_POINT('',(2.8947620561,12.913988064195,-4.479066871441
    ));
#3237 = CARTESIAN_POINT('',(2.84721818592,12.916732096293,
    -4.453654143383));
#3238 = ORIENTED_EDGE('',*,*,#3239,.F.);
#3239 = EDGE_CURVE('',#3164,#3233,#3240,.T.);
#3240 = LINE('',#3241,#3242);
#3241 = CARTESIAN_POINT('',(2.930553720873,12.916732096293,
    -4.328933701538));
#3242 = VECTOR('',#3243,1.);
#3243 = DIRECTION('',(-0.55557023302,0.,-0.831469612303));
#3244 = ORIENTED_EDGE('',*,*,#3163,.F.);
#3245 = B_SPLINE_SURFACE_WITH_KNOTS('',1,1,(
    (#3246,#3247)
    ,(#3248,#3249
    )),.UNSPECIFIED.,.F.,.F.,.F.,(2,2),(2,2),(0.,0.15),(0.,1.),
  .PIECEWISE_BEZIER_KNOTS.);
#3246 = CARTESIAN_POINT('',(2.952164570954,12.913988064195,
    -4.340484941564));
#3247 = CARTESIAN_POINT('',(2.930553720873,12.916732096293,
    -4.328933701538));
#3248 = CARTESIAN_POINT('',(2.8947620561,12.913988064195,-4.479066871441
    ));
#3249 = CARTESIAN_POINT('',(2.84721818592,12.916732096293,
    -4.453654143383));
#3250 = ADVANCED_FACE('',(#3251),#3274,.T.);
#3251 = FACE_BOUND('',#3252,.T.);
#3252 = EDGE_LOOP('',(#3253,#3254,#3261,#3269));
#3253 = ORIENTED_EDGE('',*,*,#3170,.T.);
#3254 = ORIENTED_EDGE('',*,*,#3255,.T.);
#3255 = EDGE_CURVE('',#3164,#3256,#3258,.T.);
#3256 = VERTEX_POINT('',#3257);
#3257 = CARTESIAN_POINT('',(2.911611652352,12.919476128391,
    -4.313388347648));
#3258 = B_SPLINE_CURVE_WITH_KNOTS('',1,(#3259,#3260),.UNSPECIFIED.,.F.,
  .F.,(2,2),(0.,1.),.PIECEWISE_BEZIER_KNOTS.);
#3259 = CARTESIAN_POINT('',(2.930553720873,12.916732096293,
    -4.328933701538));
#3260 = CARTESIAN_POINT('',(2.911611652352,12.919476128391,
    -4.313388347648));
#3261 = ORIENTED_EDGE('',*,*,#3262,.F.);
#3262 = EDGE_CURVE('',#3263,#3256,#3265,.T.);
#3263 = VERTEX_POINT('',#3264);
#3264 = CARTESIAN_POINT('',(2.911611652352,4.9075,-4.313388347648));
#3265 = LINE('',#3266,#3267);
#3266 = CARTESIAN_POINT('',(2.911611652352,4.9075,-4.313388347648));
#3267 = VECTOR('',#3268,1.);
#3268 = DIRECTION('',(0.,1.,0.));
#3269 = ORIENTED_EDGE('',*,*,#3270,.F.);
#3270 = EDGE_CURVE('',#3171,#3263,#3271,.T.);
#3271 = B_SPLINE_CURVE_WITH_KNOTS('',1,(#3272,#3273),.UNSPECIFIED.,.F.,
  .F.,(2,2),(0.,1.),.PIECEWISE_BEZIER_KNOTS.);
#3272 = CARTESIAN_POINT('',(2.930553720873,4.9075,-4.328933701538));
#3273 = CARTESIAN_POINT('',(2.911611652352,4.9075,-4.313388347648));
#3274 = B_SPLINE_SURFACE_WITH_KNOTS('',1,1,(
    (#3275,#3276)
    ,(#3277,#3278
    )),.UNSPECIFIED.,.F.,.F.,.F.,(2,2),(2,2),(0.,8.011976128391),(0.,1.)
  ,.PIECEWISE_BEZIER_KNOTS.);
#3275 = CARTESIAN_POINT('',(2.930553720873,4.9075,-4.328933701538));
#3276 = CARTESIAN_POINT('',(2.911611652352,4.9075,-4.313388347648));
#3277 = CARTESIAN_POINT('',(2.930553720873,12.916732096293,
    -4.328933701538));
#3278 = CARTESIAN_POINT('',(2.911611652352,12.919476128391,
    -4.313388347648));
#3279 = ADVANCED_FACE('',(#3280),#3297,.T.);
#3280 = FACE_BOUND('',#3281,.T.);
#3281 = EDGE_LOOP('',(#3282,#3283,#3284,#3292));
#3282 = ORIENTED_EDGE('',*,*,#3193,.T.);
#3283 = ORIENTED_EDGE('',*,*,#3178,.T.);
#3284 = ORIENTED_EDGE('',*,*,#3285,.F.);
#3285 = EDGE_CURVE('',#3286,#3171,#3288,.T.);
#3286 = VERTEX_POINT('',#3287);
#3287 = CARTESIAN_POINT('',(2.84721818592,4.9075,-4.453654143383));
#3288 = LINE('',#3289,#3290);
#3289 = CARTESIAN_POINT('',(2.84721818592,4.9075,-4.453654143383));
#3290 = VECTOR('',#3291,1.);
#3291 = DIRECTION('',(0.55557023302,0.,0.831469612303));
#3292 = ORIENTED_EDGE('',*,*,#3293,.F.);
#3293 = EDGE_CURVE('',#3194,#3286,#3294,.T.);
#3294 = B_SPLINE_CURVE_WITH_KNOTS('',1,(#3295,#3296),.UNSPECIFIED.,.F.,
  .F.,(2,2),(0.,1.),.PIECEWISE_BEZIER_KNOTS.);
#3295 = CARTESIAN_POINT('',(2.8947620561,4.9075,-4.479066871441));
#3296 = CARTESIAN_POINT('',(2.84721818592,4.9075,-4.453654143383));
#3297 = B_SPLINE_SURFACE_WITH_KNOTS('',1,1,(
    (#3298,#3299)
    ,(#3300,#3301
    )),.UNSPECIFIED.,.F.,.F.,.F.,(2,2),(2,2),(0.,0.15),(0.,1.),
  .PIECEWISE_BEZIER_KNOTS.);
#3298 = CARTESIAN_POINT('',(2.8947620561,4.9075,-4.479066871441));
#3299 = CARTESIAN_POINT('',(2.84721818592,4.9075,-4.453654143383));
#3300 = CARTESIAN_POINT('',(2.952164570954,4.9075,-4.340484941564));
#3301 = CARTESIAN_POINT('',(2.930553720873,4.9075,-4.328933701538));
#3302 = ADVANCED_FACE('',(#3303),#3314,.T.);
#3303 = FACE_BOUND('',#3304,.T.);
#3304 = EDGE_LOOP('',(#3305,#3306,#3307,#3313));
#3305 = ORIENTED_EDGE('',*,*,#3216,.T.);
#3306 = ORIENTED_EDGE('',*,*,#3293,.T.);
#3307 = ORIENTED_EDGE('',*,*,#3308,.F.);
#3308 = EDGE_CURVE('',#3233,#3286,#3309,.T.);
#3309 = LINE('',#3310,#3311);
#3310 = CARTESIAN_POINT('',(2.84721818592,12.916732096293,
    -4.453654143383));
#3311 = VECTOR('',#3312,1.);
#3312 = DIRECTION('',(0.,-1.,0.));
#3313 = ORIENTED_EDGE('',*,*,#3232,.F.);
#3314 = B_SPLINE_SURFACE_WITH_KNOTS('',1,1,(
    (#3315,#3316)
    ,(#3317,#3318
    )),.UNSPECIFIED.,.F.,.F.,.F.,(2,2),(2,2),(0.,8.009232096293),(0.,1.)
  ,.PIECEWISE_BEZIER_KNOTS.);
#3315 = CARTESIAN_POINT('',(2.8947620561,12.913988064195,-4.479066871441
    ));
#3316 = CARTESIAN_POINT('',(2.84721818592,12.916732096293,
    -4.453654143383));
#3317 = CARTESIAN_POINT('',(2.8947620561,4.9075,-4.479066871441));
#3318 = CARTESIAN_POINT('',(2.84721818592,4.9075,-4.453654143383));
#3319 = ADVANCED_FACE('',(#3320),#3337,.T.);
#3320 = FACE_BOUND('',#3321,.T.);
#3321 = EDGE_LOOP('',(#3322,#3323,#3330,#3336));
#3322 = ORIENTED_EDGE('',*,*,#3239,.T.);
#3323 = ORIENTED_EDGE('',*,*,#3324,.T.);
#3324 = EDGE_CURVE('',#3233,#3325,#3327,.T.);
#3325 = VERTEX_POINT('',#3326);
#3326 = CARTESIAN_POINT('',(2.805545635174,12.919476128391,
    -4.419454364826));
#3327 = B_SPLINE_CURVE_WITH_KNOTS('',1,(#3328,#3329),.UNSPECIFIED.,.F.,
  .F.,(2,2),(0.,1.),.PIECEWISE_BEZIER_KNOTS.);
#3328 = CARTESIAN_POINT('',(2.84721818592,12.916732096293,
    -4.453654143383));
#3329 = CARTESIAN_POINT('',(2.805545635174,12.919476128391,
    -4.419454364826));
#3330 = ORIENTED_EDGE('',*,*,#3331,.F.);
#3331 = EDGE_CURVE('',#3256,#3325,#3332,.T.);
#3332 = LINE('',#3333,#3334);
#3333 = CARTESIAN_POINT('',(2.911611652352,12.919476128391,
    -4.313388347648));
#3334 = VECTOR('',#3335,1.);
#3335 = DIRECTION('',(-0.707106781187,0.,-0.707106781187));
#3336 = ORIENTED_EDGE('',*,*,#3255,.F.);
#3337 = B_SPLINE_SURFACE_WITH_KNOTS('',1,1,(
    (#3338,#3339)
    ,(#3340,#3341
    )),.UNSPECIFIED.,.F.,.F.,.F.,(2,2),(2,2),(0.,0.15),(0.,1.),
  .PIECEWISE_BEZIER_KNOTS.);
#3338 = CARTESIAN_POINT('',(2.930553720873,12.916732096293,
    -4.328933701538));
#3339 = CARTESIAN_POINT('',(2.911611652352,12.919476128391,
    -4.313388347648));
#3340 = CARTESIAN_POINT('',(2.84721818592,12.916732096293,
    -4.453654143383));
#3341 = CARTESIAN_POINT('',(2.805545635174,12.919476128391,
    -4.419454364826));
#3342 = ADVANCED_FACE('',(#3343),#3366,.T.);
#3343 = FACE_BOUND('',#3344,.T.);
#3344 = EDGE_LOOP('',(#3345,#3346,#3353,#3361));
#3345 = ORIENTED_EDGE('',*,*,#3262,.T.);
#3346 = ORIENTED_EDGE('',*,*,#3347,.T.);
#3347 = EDGE_CURVE('',#3256,#3348,#3350,.T.);
#3348 = VERTEX_POINT('',#3349);
#3349 = CARTESIAN_POINT('',(2.896066298462,12.922220160489,
    -4.294446279127));
#3350 = B_SPLINE_CURVE_WITH_KNOTS('',1,(#3351,#3352),.UNSPECIFIED.,.F.,
  .F.,(2,2),(0.,1.),.PIECEWISE_BEZIER_KNOTS.);
#3351 = CARTESIAN_POINT('',(2.911611652352,12.919476128391,
    -4.313388347648));
#3352 = CARTESIAN_POINT('',(2.896066298462,12.922220160489,
    -4.294446279127));
#3353 = ORIENTED_EDGE('',*,*,#3354,.F.);
#3354 = EDGE_CURVE('',#3355,#3348,#3357,.T.);
#3355 = VERTEX_POINT('',#3356);
#3356 = CARTESIAN_POINT('',(2.896066298462,4.9075,-4.294446279127));
#3357 = LINE('',#3358,#3359);
#3358 = CARTESIAN_POINT('',(2.896066298462,4.9075,-4.294446279127));
#3359 = VECTOR('',#3360,1.);
#3360 = DIRECTION('',(0.,1.,0.));
#3361 = ORIENTED_EDGE('',*,*,#3362,.F.);
#3362 = EDGE_CURVE('',#3263,#3355,#3363,.T.);
#3363 = B_SPLINE_CURVE_WITH_KNOTS('',1,(#3364,#3365),.UNSPECIFIED.,.F.,
  .F.,(2,2),(0.,1.),.PIECEWISE_BEZIER_KNOTS.);
#3364 = CARTESIAN_POINT('',(2.911611652352,4.9075,-4.313388347648));
#3365 = CARTESIAN_POINT('',(2.896066298462,4.9075,-4.294446279127));
#3366 = B_SPLINE_SURFACE_WITH_KNOTS('',1,1,(
    (#3367,#3368)
    ,(#3369,#3370
    )),.UNSPECIFIED.,.F.,.F.,.F.,(2,2),(2,2),(0.,8.014720160489),(0.,1.)
  ,.PIECEWISE_BEZIER_KNOTS.);
#3367 = CARTESIAN_POINT('',(2.911611652352,4.9075,-4.313388347648));
#3368 = CARTESIAN_POINT('',(2.896066298462,4.9075,-4.294446279127));
#3369 = CARTESIAN_POINT('',(2.911611652352,12.919476128391,
    -4.313388347648));
#3370 = CARTESIAN_POINT('',(2.896066298462,12.922220160489,
    -4.294446279127));
#3371 = ADVANCED_FACE('',(#3372),#3389,.T.);
#3372 = FACE_BOUND('',#3373,.T.);
#3373 = EDGE_LOOP('',(#3374,#3375,#3376,#3384));
#3374 = ORIENTED_EDGE('',*,*,#3285,.T.);
#3375 = ORIENTED_EDGE('',*,*,#3270,.T.);
#3376 = ORIENTED_EDGE('',*,*,#3377,.F.);
#3377 = EDGE_CURVE('',#3378,#3263,#3380,.T.);
#3378 = VERTEX_POINT('',#3379);
#3379 = CARTESIAN_POINT('',(2.805545635174,4.9075,-4.419454364826));
#3380 = LINE('',#3381,#3382);
#3381 = CARTESIAN_POINT('',(2.805545635174,4.9075,-4.419454364826));
#3382 = VECTOR('',#3383,1.);
#3383 = DIRECTION('',(0.707106781187,0.,0.707106781187));
#3384 = ORIENTED_EDGE('',*,*,#3385,.F.);
#3385 = EDGE_CURVE('',#3286,#3378,#3386,.T.);
#3386 = B_SPLINE_CURVE_WITH_KNOTS('',1,(#3387,#3388),.UNSPECIFIED.,.F.,
  .F.,(2,2),(0.,1.),.PIECEWISE_BEZIER_KNOTS.);
#3387 = CARTESIAN_POINT('',(2.84721818592,4.9075,-4.453654143383));
#3388 = CARTESIAN_POINT('',(2.805545635174,4.9075,-4.419454364826));
#3389 = B_SPLINE_SURFACE_WITH_KNOTS('',1,1,(
    (#3390,#3391)
    ,(#3392,#3393
    )),.UNSPECIFIED.,.F.,.F.,.F.,(2,2),(2,2),(0.,0.15),(0.,1.),
  .PIECEWISE_BEZIER_KNOTS.);
#3390 = CARTESIAN_POINT('',(2.84721818592,4.9075,-4.453654143383));
#3391 = CARTESIAN_POINT('',(2.805545635174,4.9075,-4.419454364826));
#3392 = CARTESIAN_POINT('',(2.930553720873,4.9075,-4.328933701538));
#3393 = CARTESIAN_POINT('',(2.911611652352,4.9075,-4.313388347648));
#3394 = ADVANCED_FACE('',(#3395),#3406,.T.);
#3395 = FACE_BOUND('',#3396,.T.);
#3396 = EDGE_LOOP('',(#3397,#3398,#3399,#3405));
#3397 = ORIENTED_EDGE('',*,*,#3308,.T.);
#3398 = ORIENTED_EDGE('',*,*,#3385,.T.);
#3399 = ORIENTED_EDGE('',*,*,#3400,.F.);
#3400 = EDGE_CURVE('',#3325,#3378,#3401,.T.);
#3401 = LINE('',#3402,#3403);
#3402 = CARTESIAN_POINT('',(2.805545635174,12.919476128391,
    -4.419454364826));
#3403 = VECTOR('',#3404,1.);
#3404 = DIRECTION('',(0.,-1.,0.));
#3405 = ORIENTED_EDGE('',*,*,#3324,.F.);
#3406 = B_SPLINE_SURFACE_WITH_KNOTS('',1,1,(
    (#3407,#3408)
    ,(#3409,#3410
    )),.UNSPECIFIED.,.F.,.F.,.F.,(2,2),(2,2),(0.,8.011976128391),(0.,1.)
  ,.PIECEWISE_BEZIER_KNOTS.);
#3407 = CARTESIAN_POINT('',(2.84721818592,12.916732096293,
    -4.453654143383));
#3408 = CARTESIAN_POINT('',(2.805545635174,12.919476128391,
    -4.419454364826));
#3409 = CARTESIAN_POINT('',(2.84721818592,4.9075,-4.453654143383));
#3410 = CARTESIAN_POINT('',(2.805545635174,4.9075,-4.419454364826));
#3411 = ADVANCED_FACE('',(#3412),#3429,.T.);
#3412 = FACE_BOUND('',#3413,.T.);
#3413 = EDGE_LOOP('',(#3414,#3415,#3422,#3428));
#3414 = ORIENTED_EDGE('',*,*,#3331,.T.);
#3415 = ORIENTED_EDGE('',*,*,#3416,.T.);
#3416 = EDGE_CURVE('',#3325,#3417,#3419,.T.);
#3417 = VERTEX_POINT('',#3418);
#3418 = CARTESIAN_POINT('',(2.771345856617,12.922220160489,
    -4.37778181408));
#3419 = B_SPLINE_CURVE_WITH_KNOTS('',1,(#3420,#3421),.UNSPECIFIED.,.F.,
  .F.,(2,2),(0.,1.),.PIECEWISE_BEZIER_KNOTS.);
#3420 = CARTESIAN_POINT('',(2.805545635174,12.919476128391,
    -4.419454364826));
#3421 = CARTESIAN_POINT('',(2.771345856617,12.922220160489,
    -4.37778181408));
#3422 = ORIENTED_EDGE('',*,*,#3423,.F.);
#3423 = EDGE_CURVE('',#3348,#3417,#3424,.T.);
#3424 = LINE('',#3425,#3426);
#3425 = CARTESIAN_POINT('',(2.896066298462,12.922220160489,
    -4.294446279127));
#3426 = VECTOR('',#3427,1.);
#3427 = DIRECTION('',(-0.831469612303,0.,-0.55557023302));
#3428 = ORIENTED_EDGE('',*,*,#3347,.F.);
#3429 = B_SPLINE_SURFACE_WITH_KNOTS('',1,1,(
    (#3430,#3431)
    ,(#3432,#3433
    )),.UNSPECIFIED.,.F.,.F.,.F.,(2,2),(2,2),(0.,0.15),(0.,1.),
  .PIECEWISE_BEZIER_KNOTS.);
#3430 = CARTESIAN_POINT('',(2.911611652352,12.919476128391,
    -4.313388347648));
#3431 = CARTESIAN_POINT('',(2.896066298462,12.922220160489,
    -4.294446279127));
#3432 = CARTESIAN_POINT('',(2.805545635174,12.919476128391,
    -4.419454364826));
#3433 = CARTESIAN_POINT('',(2.771345856617,12.922220160489,
    -4.37778181408));
#3434 = ADVANCED_FACE('',(#3435),#3458,.T.);
#3435 = FACE_BOUND('',#3436,.T.);
#3436 = EDGE_LOOP('',(#3437,#3438,#3445,#3453));
#3437 = ORIENTED_EDGE('',*,*,#3354,.T.);
#3438 = ORIENTED_EDGE('',*,*,#3439,.T.);
#3439 = EDGE_CURVE('',#3348,#3440,#3442,.T.);
#3440 = VERTEX_POINT('',#3441);
#3441 = CARTESIAN_POINT('',(2.884515058436,12.924964192586,
    -4.272835429046));
#3442 = B_SPLINE_CURVE_WITH_KNOTS('',1,(#3443,#3444),.UNSPECIFIED.,.F.,
  .F.,(2,2),(0.,1.),.PIECEWISE_BEZIER_KNOTS.);
#3443 = CARTESIAN_POINT('',(2.896066298462,12.922220160489,
    -4.294446279127));
#3444 = CARTESIAN_POINT('',(2.884515058436,12.924964192586,
    -4.272835429046));
#3445 = ORIENTED_EDGE('',*,*,#3446,.F.);
#3446 = EDGE_CURVE('',#3447,#3440,#3449,.T.);
#3447 = VERTEX_POINT('',#3448);
#3448 = CARTESIAN_POINT('',(2.884515058436,4.9075,-4.272835429046));
#3449 = LINE('',#3450,#3451);
#3450 = CARTESIAN_POINT('',(2.884515058436,4.9075,-4.272835429046));
#3451 = VECTOR('',#3452,1.);
#3452 = DIRECTION('',(0.,1.,0.));
#3453 = ORIENTED_EDGE('',*,*,#3454,.F.);
#3454 = EDGE_CURVE('',#3355,#3447,#3455,.T.);
#3455 = B_SPLINE_CURVE_WITH_KNOTS('',1,(#3456,#3457),.UNSPECIFIED.,.F.,
  .F.,(2,2),(0.,1.),.PIECEWISE_BEZIER_KNOTS.);
#3456 = CARTESIAN_POINT('',(2.896066298462,4.9075,-4.294446279127));
#3457 = CARTESIAN_POINT('',(2.884515058436,4.9075,-4.272835429046));
#3458 = B_SPLINE_SURFACE_WITH_KNOTS('',1,1,(
    (#3459,#3460)
    ,(#3461,#3462
    )),.UNSPECIFIED.,.F.,.F.,.F.,(2,2),(2,2),(0.,8.017464192586),(0.,1.)
  ,.PIECEWISE_BEZIER_KNOTS.);
#3459 = CARTESIAN_POINT('',(2.896066298462,4.9075,-4.294446279127));
#3460 = CARTESIAN_POINT('',(2.884515058436,4.9075,-4.272835429046));
#3461 = CARTESIAN_POINT('',(2.896066298462,12.922220160489,
    -4.294446279127));
#3462 = CARTESIAN_POINT('',(2.884515058436,12.924964192586,
    -4.272835429046));
#3463 = ADVANCED_FACE('',(#3464),#3481,.T.);
#3464 = FACE_BOUND('',#3465,.T.);
#3465 = EDGE_LOOP('',(#3466,#3467,#3468,#3476));
#3466 = ORIENTED_EDGE('',*,*,#3377,.T.);
#3467 = ORIENTED_EDGE('',*,*,#3362,.T.);
#3468 = ORIENTED_EDGE('',*,*,#3469,.F.);
#3469 = EDGE_CURVE('',#3470,#3355,#3472,.T.);
#3470 = VERTEX_POINT('',#3471);
#3471 = CARTESIAN_POINT('',(2.771345856617,4.9075,-4.37778181408));
#3472 = LINE('',#3473,#3474);
#3473 = CARTESIAN_POINT('',(2.771345856617,4.9075,-4.37778181408));
#3474 = VECTOR('',#3475,1.);
#3475 = DIRECTION('',(0.831469612303,0.,0.55557023302));
#3476 = ORIENTED_EDGE('',*,*,#3477,.F.);
#3477 = EDGE_CURVE('',#3378,#3470,#3478,.T.);
#3478 = B_SPLINE_CURVE_WITH_KNOTS('',1,(#3479,#3480),.UNSPECIFIED.,.F.,
  .F.,(2,2),(0.,1.),.PIECEWISE_BEZIER_KNOTS.);
#3479 = CARTESIAN_POINT('',(2.805545635174,4.9075,-4.419454364826));
#3480 = CARTESIAN_POINT('',(2.771345856617,4.9075,-4.37778181408));
#3481 = B_SPLINE_SURFACE_WITH_KNOTS('',1,1,(
    (#3482,#3483)
    ,(#3484,#3485
    )),.UNSPECIFIED.,.F.,.F.,.F.,(2,2),(2,2),(0.,0.15),(0.,1.),
  .PIECEWISE_BEZIER_KNOTS.);
#3482 = CARTESIAN_POINT('',(2.805545635174,4.9075,-4.419454364826));
#3483 = CARTESIAN_POINT('',(2.771345856617,4.9075,-4.37778181408));
#3484 = CARTESIAN_POINT('',(2.911611652352,4.9075,-4.313388347648));
#3485 = CARTESIAN_POINT('',(2.896066298462,4.9075,-4.294446279127));
#3486 = ADVANCED_FACE('',(#3487),#3498,.T.);
#3487 = FACE_BOUND('',#3488,.T.);
#3488 = EDGE_LOOP('',(#3489,#3490,#3491,#3497));
#3489 = ORIENTED_EDGE('',*,*,#3400,.T.);
#3490 = ORIENTED_EDGE('',*,*,#3477,.T.);
#3491 = ORIENTED_EDGE('',*,*,#3492,.F.);
#3492 = EDGE_CURVE('',#3417,#3470,#3493,.T.);
#3493 = LINE('',#3494,#3495);
#3494 = CARTESIAN_POINT('',(2.771345856617,12.922220160489,
    -4.37778181408));
#3495 = VECTOR('',#3496,1.);
#3496 = DIRECTION('',(0.,-1.,0.));
#3497 = ORIENTED_EDGE('',*,*,#3416,.F.);
#3498 = B_SPLINE_SURFACE_WITH_KNOTS('',1,1,(
    (#3499,#3500)
    ,(#3501,#3502
    )),.UNSPECIFIED.,.F.,.F.,.F.,(2,2),(2,2),(0.,8.014720160489),(0.,1.)
  ,.PIECEWISE_BEZIER_KNOTS.);
#3499 = CARTESIAN_POINT('',(2.805545635174,12.919476128391,
    -4.419454364826));
#3500 = CARTESIAN_POINT('',(2.771345856617,12.922220160489,
    -4.37778181408));
#3501 = CARTESIAN_POINT('',(2.805545635174,4.9075,-4.419454364826));
#3502 = CARTESIAN_POINT('',(2.771345856617,4.9075,-4.37778181408));
#3503 = ADVANCED_FACE('',(#3504),#3521,.T.);
#3504 = FACE_BOUND('',#3505,.T.);
#3505 = EDGE_LOOP('',(#3506,#3507,#3514,#3520));
#3506 = ORIENTED_EDGE('',*,*,#3423,.T.);
#3507 = ORIENTED_EDGE('',*,*,#3508,.T.);
#3508 = EDGE_CURVE('',#3417,#3509,#3511,.T.);
#3509 = VERTEX_POINT('',#3510);
#3510 = CARTESIAN_POINT('',(2.745933128559,12.924964192586,-4.3302379439
    ));
#3511 = B_SPLINE_CURVE_WITH_KNOTS('',1,(#3512,#3513),.UNSPECIFIED.,.F.,
  .F.,(2,2),(0.,1.),.PIECEWISE_BEZIER_KNOTS.);
#3512 = CARTESIAN_POINT('',(2.771345856617,12.922220160489,
    -4.37778181408));
#3513 = CARTESIAN_POINT('',(2.745933128559,12.924964192586,-4.3302379439
    ));
#3514 = ORIENTED_EDGE('',*,*,#3515,.F.);
#3515 = EDGE_CURVE('',#3440,#3509,#3516,.T.);
#3516 = LINE('',#3517,#3518);
#3517 = CARTESIAN_POINT('',(2.884515058436,12.924964192586,
    -4.272835429046));
#3518 = VECTOR('',#3519,1.);
#3519 = DIRECTION('',(-0.923879532511,0.,-0.382683432365));
#3520 = ORIENTED_EDGE('',*,*,#3439,.F.);
#3521 = B_SPLINE_SURFACE_WITH_KNOTS('',1,1,(
    (#3522,#3523)
    ,(#3524,#3525
    )),.UNSPECIFIED.,.F.,.F.,.F.,(2,2),(2,2),(0.,0.15),(0.,1.),
  .PIECEWISE_BEZIER_KNOTS.);
#3522 = CARTESIAN_POINT('',(2.896066298462,12.922220160489,
    -4.294446279127));
#3523 = CARTESIAN_POINT('',(2.884515058436,12.924964192586,
    -4.272835429046));
#3524 = CARTESIAN_POINT('',(2.771345856617,12.922220160489,
    -4.37778181408));
#3525 = CARTESIAN_POINT('',(2.745933128559,12.924964192586,-4.3302379439
    ));
#3526 = ADVANCED_FACE('',(#3527),#3550,.T.);
#3527 = FACE_BOUND('',#3528,.T.);
#3528 = EDGE_LOOP('',(#3529,#3530,#3537,#3545));
#3529 = ORIENTED_EDGE('',*,*,#3446,.T.);
#3530 = ORIENTED_EDGE('',*,*,#3531,.T.);
#3531 = EDGE_CURVE('',#3440,#3532,#3534,.T.);
#3532 = VERTEX_POINT('',#3533);
#3533 = CARTESIAN_POINT('',(2.87740183995,12.927708224684,
    -4.249386290252));
#3534 = B_SPLINE_CURVE_WITH_KNOTS('',1,(#3535,#3536),.UNSPECIFIED.,.F.,
  .F.,(2,2),(0.,1.),.PIECEWISE_BEZIER_KNOTS.);
#3535 = CARTESIAN_POINT('',(2.884515058436,12.924964192586,
    -4.272835429046));
#3536 = CARTESIAN_POINT('',(2.87740183995,12.927708224684,
    -4.249386290252));
#3537 = ORIENTED_EDGE('',*,*,#3538,.F.);
#3538 = EDGE_CURVE('',#3539,#3532,#3541,.T.);
#3539 = VERTEX_POINT('',#3540);
#3540 = CARTESIAN_POINT('',(2.87740183995,4.9075,-4.249386290252));
#3541 = LINE('',#3542,#3543);
#3542 = CARTESIAN_POINT('',(2.87740183995,4.9075,-4.249386290252));
#3543 = VECTOR('',#3544,1.);
#3544 = DIRECTION('',(0.,1.,0.));
#3545 = ORIENTED_EDGE('',*,*,#3546,.F.);
#3546 = EDGE_CURVE('',#3447,#3539,#3547,.T.);
#3547 = B_SPLINE_CURVE_WITH_KNOTS('',1,(#3548,#3549),.UNSPECIFIED.,.F.,
  .F.,(2,2),(0.,1.),.PIECEWISE_BEZIER_KNOTS.);
#3548 = CARTESIAN_POINT('',(2.884515058436,4.9075,-4.272835429046));
#3549 = CARTESIAN_POINT('',(2.87740183995,4.9075,-4.249386290252));
#3550 = B_SPLINE_SURFACE_WITH_KNOTS('',1,1,(
    (#3551,#3552)
    ,(#3553,#3554
    )),.UNSPECIFIED.,.F.,.F.,.F.,(2,2),(2,2),(0.,8.020208224684),(0.,1.)
  ,.PIECEWISE_BEZIER_KNOTS.);
#3551 = CARTESIAN_POINT('',(2.884515058436,4.9075,-4.272835429046));
#3552 = CARTESIAN_POINT('',(2.87740183995,4.9075,-4.249386290252));
#3553 = CARTESIAN_POINT('',(2.884515058436,12.924964192586,
    -4.272835429046));
#3554 = CARTESIAN_POINT('',(2.87740183995,12.927708224684,
    -4.249386290252));
#3555 = ADVANCED_FACE('',(#3556),#3573,.T.);
#3556 = FACE_BOUND('',#3557,.T.);
#3557 = EDGE_LOOP('',(#3558,#3559,#3560,#3568));
#3558 = ORIENTED_EDGE('',*,*,#3469,.T.);
#3559 = ORIENTED_EDGE('',*,*,#3454,.T.);
#3560 = ORIENTED_EDGE('',*,*,#3561,.F.);
#3561 = EDGE_CURVE('',#3562,#3447,#3564,.T.);
#3562 = VERTEX_POINT('',#3563);
#3563 = CARTESIAN_POINT('',(2.745933128559,4.9075,-4.3302379439));
#3564 = LINE('',#3565,#3566);
#3565 = CARTESIAN_POINT('',(2.745933128559,4.9075,-4.3302379439));
#3566 = VECTOR('',#3567,1.);
#3567 = DIRECTION('',(0.923879532511,0.,0.382683432365));
#3568 = ORIENTED_EDGE('',*,*,#3569,.F.);
#3569 = EDGE_CURVE('',#3470,#3562,#3570,.T.);
#3570 = B_SPLINE_CURVE_WITH_KNOTS('',1,(#3571,#3572),.UNSPECIFIED.,.F.,
  .F.,(2,2),(0.,1.),.PIECEWISE_BEZIER_KNOTS.);
#3571 = CARTESIAN_POINT('',(2.771345856617,4.9075,-4.37778181408));
#3572 = CARTESIAN_POINT('',(2.745933128559,4.9075,-4.3302379439));
#3573 = B_SPLINE_SURFACE_WITH_KNOTS('',1,1,(
    (#3574,#3575)
    ,(#3576,#3577
    )),.UNSPECIFIED.,.F.,.F.,.F.,(2,2),(2,2),(0.,0.15),(0.,1.),
  .PIECEWISE_BEZIER_KNOTS.);
#3574 = CARTESIAN_POINT('',(2.771345856617,4.9075,-4.37778181408));
#3575 = CARTESIAN_POINT('',(2.745933128559,4.9075,-4.3302379439));
#3576 = CARTESIAN_POINT('',(2.896066298462,4.9075,-4.294446279127));
#3577 = CARTESIAN_POINT('',(2.884515058436,4.9075,-4.272835429046));
#3578 = ADVANCED_FACE('',(#3579),#3590,.T.);
#3579 = FACE_BOUND('',#3580,.T.);
#3580 = EDGE_LOOP('',(#3581,#3582,#3583,#3589));
#3581 = ORIENTED_EDGE('',*,*,#3492,.T.);
#3582 = ORIENTED_EDGE('',*,*,#3569,.T.);
#3583 = ORIENTED_EDGE('',*,*,#3584,.F.);
#3584 = EDGE_CURVE('',#3509,#3562,#3585,.T.);
#3585 = LINE('',#3586,#3587);
#3586 = CARTESIAN_POINT('',(2.745933128559,12.924964192586,-4.3302379439
    ));
#3587 = VECTOR('',#3588,1.);
#3588 = DIRECTION('',(0.,-1.,0.));
#3589 = ORIENTED_EDGE('',*,*,#3508,.F.);
#3590 = B_SPLINE_SURFACE_WITH_KNOTS('',1,1,(
    (#3591,#3592)
    ,(#3593,#3594
    )),.UNSPECIFIED.,.F.,.F.,.F.,(2,2),(2,2),(0.,8.017464192586),(0.,1.)
  ,.PIECEWISE_BEZIER_KNOTS.);
#3591 = CARTESIAN_POINT('',(2.771345856617,12.922220160489,
    -4.37778181408));
#3592 = CARTESIAN_POINT('',(2.745933128559,12.924964192586,-4.3302379439
    ));
#3593 = CARTESIAN_POINT('',(2.771345856617,4.9075,-4.37778181408));
#3594 = CARTESIAN_POINT('',(2.745933128559,4.9075,-4.3302379439));
#3595 = ADVANCED_FACE('',(#3596),#3613,.T.);
#3596 = FACE_BOUND('',#3597,.T.);
#3597 = EDGE_LOOP('',(#3598,#3599,#3606,#3612));
#3598 = ORIENTED_EDGE('',*,*,#3515,.T.);
#3599 = ORIENTED_EDGE('',*,*,#3600,.T.);
#3600 = EDGE_CURVE('',#3509,#3601,#3603,.T.);
#3601 = VERTEX_POINT('',#3602);
#3602 = CARTESIAN_POINT('',(2.730284047889,12.927708224684,
    -4.278649838554));
#3603 = B_SPLINE_CURVE_WITH_KNOTS('',1,(#3604,#3605),.UNSPECIFIED.,.F.,
  .F.,(2,2),(0.,1.),.PIECEWISE_BEZIER_KNOTS.);
#3604 = CARTESIAN_POINT('',(2.745933128559,12.924964192586,-4.3302379439
    ));
#3605 = CARTESIAN_POINT('',(2.730284047889,12.927708224684,
    -4.278649838554));
#3606 = ORIENTED_EDGE('',*,*,#3607,.F.);
#3607 = EDGE_CURVE('',#3532,#3601,#3608,.T.);
#3608 = LINE('',#3609,#3610);
#3609 = CARTESIAN_POINT('',(2.87740183995,12.927708224684,
    -4.249386290252));
#3610 = VECTOR('',#3611,1.);
#3611 = DIRECTION('',(-0.980785280403,0.,-0.195090322016));
#3612 = ORIENTED_EDGE('',*,*,#3531,.F.);
#3613 = B_SPLINE_SURFACE_WITH_KNOTS('',1,1,(
    (#3614,#3615)
    ,(#3616,#3617
    )),.UNSPECIFIED.,.F.,.F.,.F.,(2,2),(2,2),(0.,0.15),(0.,1.),
  .PIECEWISE_BEZIER_KNOTS.);
#3614 = CARTESIAN_POINT('',(2.884515058436,12.924964192586,
    -4.272835429046));
#3615 = CARTESIAN_POINT('',(2.87740183995,12.927708224684,
    -4.249386290252));
#3616 = CARTESIAN_POINT('',(2.745933128559,12.924964192586,-4.3302379439
    ));
#3617 = CARTESIAN_POINT('',(2.730284047889,12.927708224684,
    -4.278649838554));
#3618 = ADVANCED_FACE('',(#3619),#3642,.T.);
#3619 = FACE_BOUND('',#3620,.T.);
#3620 = EDGE_LOOP('',(#3621,#3622,#3629,#3637));
#3621 = ORIENTED_EDGE('',*,*,#3538,.T.);
#3622 = ORIENTED_EDGE('',*,*,#3623,.T.);
#3623 = EDGE_CURVE('',#3532,#3624,#3626,.T.);
#3624 = VERTEX_POINT('',#3625);
#3625 = CARTESIAN_POINT('',(2.875,12.930452256782,-4.225));
#3626 = B_SPLINE_CURVE_WITH_KNOTS('',1,(#3627,#3628),.UNSPECIFIED.,.F.,
  .F.,(2,2),(0.,1.),.PIECEWISE_BEZIER_KNOTS.);
#3627 = CARTESIAN_POINT('',(2.87740183995,12.927708224684,
    -4.249386290252));
#3628 = CARTESIAN_POINT('',(2.875,12.930452256782,-4.225));
#3629 = ORIENTED_EDGE('',*,*,#3630,.F.);
#3630 = EDGE_CURVE('',#3631,#3624,#3633,.T.);
#3631 = VERTEX_POINT('',#3632);
#3632 = CARTESIAN_POINT('',(2.875,4.9075,-4.225));
#3633 = LINE('',#3634,#3635);
#3634 = CARTESIAN_POINT('',(2.875,4.9075,-4.225));
#3635 = VECTOR('',#3636,1.);
#3636 = DIRECTION('',(0.,1.,0.));
#3637 = ORIENTED_EDGE('',*,*,#3638,.F.);
#3638 = EDGE_CURVE('',#3539,#3631,#3639,.T.);
#3639 = B_SPLINE_CURVE_WITH_KNOTS('',1,(#3640,#3641),.UNSPECIFIED.,.F.,
  .F.,(2,2),(0.,1.),.PIECEWISE_BEZIER_KNOTS.);
#3640 = CARTESIAN_POINT('',(2.87740183995,4.9075,-4.249386290252));
#3641 = CARTESIAN_POINT('',(2.875,4.9075,-4.225));
#3642 = B_SPLINE_SURFACE_WITH_KNOTS('',1,1,(
    (#3643,#3644)
    ,(#3645,#3646
    )),.UNSPECIFIED.,.F.,.F.,.F.,(2,2),(2,2),(0.,8.022952256782),(0.,1.)
  ,.PIECEWISE_BEZIER_KNOTS.);
#3643 = CARTESIAN_POINT('',(2.87740183995,4.9075,-4.249386290252));
#3644 = CARTESIAN_POINT('',(2.875,4.9075,-4.225));
#3645 = CARTESIAN_POINT('',(2.87740183995,12.927708224684,
    -4.249386290252));
#3646 = CARTESIAN_POINT('',(2.875,12.930452256782,-4.225));
#3647 = ADVANCED_FACE('',(#3648),#3665,.T.);
#3648 = FACE_BOUND('',#3649,.T.);
#3649 = EDGE_LOOP('',(#3650,#3651,#3652,#3660));
#3650 = ORIENTED_EDGE('',*,*,#3561,.T.);
#3651 = ORIENTED_EDGE('',*,*,#3546,.T.);
#3652 = ORIENTED_EDGE('',*,*,#3653,.F.);
#3653 = EDGE_CURVE('',#3654,#3539,#3656,.T.);
#3654 = VERTEX_POINT('',#3655);
#3655 = CARTESIAN_POINT('',(2.730284047889,4.9075,-4.278649838554));
#3656 = LINE('',#3657,#3658);
#3657 = CARTESIAN_POINT('',(2.730284047889,4.9075,-4.278649838554));
#3658 = VECTOR('',#3659,1.);
#3659 = DIRECTION('',(0.980785280403,0.,0.195090322016));
#3660 = ORIENTED_EDGE('',*,*,#3661,.F.);
#3661 = EDGE_CURVE('',#3562,#3654,#3662,.T.);
#3662 = B_SPLINE_CURVE_WITH_KNOTS('',1,(#3663,#3664),.UNSPECIFIED.,.F.,
  .F.,(2,2),(0.,1.),.PIECEWISE_BEZIER_KNOTS.);
#3663 = CARTESIAN_POINT('',(2.745933128559,4.9075,-4.3302379439));
#3664 = CARTESIAN_POINT('',(2.730284047889,4.9075,-4.278649838554));
#3665 = B_SPLINE_SURFACE_WITH_KNOTS('',1,1,(
    (#3666,#3667)
    ,(#3668,#3669
    )),.UNSPECIFIED.,.F.,.F.,.F.,(2,2),(2,2),(0.,0.15),(0.,1.),
  .PIECEWISE_BEZIER_KNOTS.);
#3666 = CARTESIAN_POINT('',(2.745933128559,4.9075,-4.3302379439));
#3667 = CARTESIAN_POINT('',(2.730284047889,4.9075,-4.278649838554));
#3668 = CARTESIAN_POINT('',(2.884515058436,4.9075,-4.272835429046));
#3669 = CARTESIAN_POINT('',(2.87740183995,4.9075,-4.249386290252));
#3670 = ADVANCED_FACE('',(#3671),#3682,.T.);
#3671 = FACE_BOUND('',#3672,.T.);
#3672 = EDGE_LOOP('',(#3673,#3674,#3675,#3681));
#3673 = ORIENTED_EDGE('',*,*,#3584,.T.);
#3674 = ORIENTED_EDGE('',*,*,#3661,.T.);
#3675 = ORIENTED_EDGE('',*,*,#3676,.F.);
#3676 = EDGE_CURVE('',#3601,#3654,#3677,.T.);
#3677 = LINE('',#3678,#3679);
#3678 = CARTESIAN_POINT('',(2.730284047889,12.927708224684,
    -4.278649838554));
#3679 = VECTOR('',#3680,1.);
#3680 = DIRECTION('',(0.,-1.,0.));
#3681 = ORIENTED_EDGE('',*,*,#3600,.F.);
#3682 = B_SPLINE_SURFACE_WITH_KNOTS('',1,1,(
    (#3683,#3684)
    ,(#3685,#3686
    )),.UNSPECIFIED.,.F.,.F.,.F.,(2,2),(2,2),(0.,8.020208224684),(0.,1.)
  ,.PIECEWISE_BEZIER_KNOTS.);
#3683 = CARTESIAN_POINT('',(2.745933128559,12.924964192586,-4.3302379439
    ));
#3684 = CARTESIAN_POINT('',(2.730284047889,12.927708224684,
    -4.278649838554));
#3685 = CARTESIAN_POINT('',(2.745933128559,4.9075,-4.3302379439));
#3686 = CARTESIAN_POINT('',(2.730284047889,4.9075,-4.278649838554));
#3687 = ADVANCED_FACE('',(#3688),#3705,.T.);
#3688 = FACE_BOUND('',#3689,.T.);
#3689 = EDGE_LOOP('',(#3690,#3691,#3698,#3704));
#3690 = ORIENTED_EDGE('',*,*,#3607,.T.);
#3691 = ORIENTED_EDGE('',*,*,#3692,.T.);
#3692 = EDGE_CURVE('',#3601,#3693,#3695,.T.);
#3693 = VERTEX_POINT('',#3694);
#3694 = CARTESIAN_POINT('',(2.725,12.930452256782,-4.225));
#3695 = B_SPLINE_CURVE_WITH_KNOTS('',1,(#3696,#3697),.UNSPECIFIED.,.F.,
  .F.,(2,2),(0.,1.),.PIECEWISE_BEZIER_KNOTS.);
#3696 = CARTESIAN_POINT('',(2.730284047889,12.927708224684,
    -4.278649838554));
#3697 = CARTESIAN_POINT('',(2.725,12.930452256782,-4.225));
#3698 = ORIENTED_EDGE('',*,*,#3699,.F.);
#3699 = EDGE_CURVE('',#3624,#3693,#3700,.T.);
#3700 = LINE('',#3701,#3702);
#3701 = CARTESIAN_POINT('',(2.875,12.930452256782,-4.225));
#3702 = VECTOR('',#3703,1.);
#3703 = DIRECTION('',(-1.,0.,0.));
#3704 = ORIENTED_EDGE('',*,*,#3623,.F.);
#3705 = B_SPLINE_SURFACE_WITH_KNOTS('',1,1,(
    (#3706,#3707)
    ,(#3708,#3709
    )),.UNSPECIFIED.,.F.,.F.,.F.,(2,2),(2,2),(0.,0.15),(0.,1.),
  .PIECEWISE_BEZIER_KNOTS.);
#3706 = CARTESIAN_POINT('',(2.87740183995,12.927708224684,
    -4.249386290252));
#3707 = CARTESIAN_POINT('',(2.875,12.930452256782,-4.225));
#3708 = CARTESIAN_POINT('',(2.730284047889,12.927708224684,
    -4.278649838554));
#3709 = CARTESIAN_POINT('',(2.725,12.930452256782,-4.225));
#3710 = ADVANCED_FACE('',(#3711),#3736,.F.);
#3711 = FACE_BOUND('',#3712,.F.);
#3712 = EDGE_LOOP('',(#3713,#3721,#3729,#3735));
#3713 = ORIENTED_EDGE('',*,*,#3714,.T.);
#3714 = EDGE_CURVE('',#3631,#3715,#3717,.T.);
#3715 = VERTEX_POINT('',#3716);
#3716 = CARTESIAN_POINT('',(2.875,4.9075,-4.075));
#3717 = LINE('',#3718,#3719);
#3718 = CARTESIAN_POINT('',(2.875,4.9075,-4.225));
#3719 = VECTOR('',#3720,1.);
#3720 = DIRECTION('',(0.,0.,1.));
#3721 = ORIENTED_EDGE('',*,*,#3722,.T.);
#3722 = EDGE_CURVE('',#3715,#3723,#3725,.T.);
#3723 = VERTEX_POINT('',#3724);
#3724 = CARTESIAN_POINT('',(2.875,12.940933687318,-4.075));
#3725 = LINE('',#3726,#3727);
#3726 = CARTESIAN_POINT('',(2.875,4.9075,-4.075));
#3727 = VECTOR('',#3728,1.);
#3728 = DIRECTION('',(0.,1.,0.));
#3729 = ORIENTED_EDGE('',*,*,#3730,.T.);
#3730 = EDGE_CURVE('',#3723,#3624,#3731,.T.);
#3731 = LINE('',#3732,#3733);
#3732 = CARTESIAN_POINT('',(2.875,12.940933687318,-4.075));
#3733 = VECTOR('',#3734,1.);
#3734 = DIRECTION('',(0.,-6.970623404978E-02,-0.99756756209));
#3735 = ORIENTED_EDGE('',*,*,#3630,.F.);
#3736 = PLANE('',#3737);
#3737 = AXIS2_PLACEMENT_3D('',#3738,#3739,#3740);
#3738 = CARTESIAN_POINT('',(2.875,8.921687924866,-4.14995193989));
#3739 = DIRECTION('',(-1.,-0.,-0.));
#3740 = DIRECTION('',(0.,0.,-1.));
#3741 = ADVANCED_FACE('',(#3742),#3759,.T.);
#3742 = FACE_BOUND('',#3743,.T.);
#3743 = EDGE_LOOP('',(#3744,#3745,#3746,#3754));
#3744 = ORIENTED_EDGE('',*,*,#3653,.T.);
#3745 = ORIENTED_EDGE('',*,*,#3638,.T.);
#3746 = ORIENTED_EDGE('',*,*,#3747,.F.);
#3747 = EDGE_CURVE('',#3748,#3631,#3750,.T.);
#3748 = VERTEX_POINT('',#3749);
#3749 = CARTESIAN_POINT('',(2.725,4.9075,-4.225));
#3750 = LINE('',#3751,#3752);
#3751 = CARTESIAN_POINT('',(2.725,4.9075,-4.225));
#3752 = VECTOR('',#3753,1.);
#3753 = DIRECTION('',(1.,0.,0.));
#3754 = ORIENTED_EDGE('',*,*,#3755,.F.);
#3755 = EDGE_CURVE('',#3654,#3748,#3756,.T.);
#3756 = B_SPLINE_CURVE_WITH_KNOTS('',1,(#3757,#3758),.UNSPECIFIED.,.F.,
  .F.,(2,2),(0.,1.),.PIECEWISE_BEZIER_KNOTS.);
#3757 = CARTESIAN_POINT('',(2.730284047889,4.9075,-4.278649838554));
#3758 = CARTESIAN_POINT('',(2.725,4.9075,-4.225));
#3759 = B_SPLINE_SURFACE_WITH_KNOTS('',1,1,(
    (#3760,#3761)
    ,(#3762,#3763
    )),.UNSPECIFIED.,.F.,.F.,.F.,(2,2),(2,2),(0.,0.15),(0.,1.),
  .PIECEWISE_BEZIER_KNOTS.);
#3760 = CARTESIAN_POINT('',(2.730284047889,4.9075,-4.278649838554));
#3761 = CARTESIAN_POINT('',(2.725,4.9075,-4.225));
#3762 = CARTESIAN_POINT('',(2.87740183995,4.9075,-4.249386290252));
#3763 = CARTESIAN_POINT('',(2.875,4.9075,-4.225));
#3764 = ADVANCED_FACE('',(#3765),#3776,.T.);
#3765 = FACE_BOUND('',#3766,.T.);
#3766 = EDGE_LOOP('',(#3767,#3768,#3769,#3775));
#3767 = ORIENTED_EDGE('',*,*,#3676,.T.);
#3768 = ORIENTED_EDGE('',*,*,#3755,.T.);
#3769 = ORIENTED_EDGE('',*,*,#3770,.F.);
#3770 = EDGE_CURVE('',#3693,#3748,#3771,.T.);
#3771 = LINE('',#3772,#3773);
#3772 = CARTESIAN_POINT('',(2.725,12.930452256782,-4.225));
#3773 = VECTOR('',#3774,1.);
#3774 = DIRECTION('',(0.,-1.,0.));
#3775 = ORIENTED_EDGE('',*,*,#3692,.F.);
#3776 = B_SPLINE_SURFACE_WITH_KNOTS('',1,1,(
    (#3777,#3778)
    ,(#3779,#3780
    )),.UNSPECIFIED.,.F.,.F.,.F.,(2,2),(2,2),(0.,8.022952256782),(0.,1.)
  ,.PIECEWISE_BEZIER_KNOTS.);
#3777 = CARTESIAN_POINT('',(2.730284047889,12.927708224684,
    -4.278649838554));
#3778 = CARTESIAN_POINT('',(2.725,12.930452256782,-4.225));
#3779 = CARTESIAN_POINT('',(2.730284047889,4.9075,-4.278649838554));
#3780 = CARTESIAN_POINT('',(2.725,4.9075,-4.225));
#3781 = ADVANCED_FACE('',(#3782),#3800,.F.);
#3782 = FACE_BOUND('',#3783,.F.);
#3783 = EDGE_LOOP('',(#3784,#3792,#3798,#3799));
#3784 = ORIENTED_EDGE('',*,*,#3785,.T.);
#3785 = EDGE_CURVE('',#3723,#3786,#3788,.T.);
#3786 = VERTEX_POINT('',#3787);
#3787 = CARTESIAN_POINT('',(2.725,12.940933687318,-4.075));
#3788 = LINE('',#3789,#3790);
#3789 = CARTESIAN_POINT('',(2.875,12.940933687318,-4.075));
#3790 = VECTOR('',#3791,1.);
#3791 = DIRECTION('',(-1.,0.,6.E-17));
#3792 = ORIENTED_EDGE('',*,*,#3793,.T.);
#3793 = EDGE_CURVE('',#3786,#3693,#3794,.T.);
#3794 = LINE('',#3795,#3796);
#3795 = CARTESIAN_POINT('',(2.725,12.940933687318,-4.075));
#3796 = VECTOR('',#3797,1.);
#3797 = DIRECTION('',(0.,-6.970623404978E-02,-0.99756756209));
#3798 = ORIENTED_EDGE('',*,*,#3699,.F.);
#3799 = ORIENTED_EDGE('',*,*,#3730,.F.);
#3800 = PLANE('',#3801);
#3801 = AXIS2_PLACEMENT_3D('',#3802,#3803,#3804);
#3802 = CARTESIAN_POINT('',(2.875,12.940933687318,-4.075));
#3803 = DIRECTION('',(0.,-0.99756756209,6.970623404978E-02));
#3804 = DIRECTION('',(-0.,-6.970623404978E-02,-0.99756756209));
#3805 = ADVANCED_FACE('',(#3806),#3824,.F.);
#3806 = FACE_BOUND('',#3807,.F.);
#3807 = EDGE_LOOP('',(#3808,#3809,#3817,#3823));
#3808 = ORIENTED_EDGE('',*,*,#3747,.F.);
#3809 = ORIENTED_EDGE('',*,*,#3810,.T.);
#3810 = EDGE_CURVE('',#3748,#3811,#3813,.T.);
#3811 = VERTEX_POINT('',#3812);
#3812 = CARTESIAN_POINT('',(2.725,4.9075,-4.075));
#3813 = LINE('',#3814,#3815);
#3814 = CARTESIAN_POINT('',(2.725,4.9075,-4.225));
#3815 = VECTOR('',#3816,1.);
#3816 = DIRECTION('',(0.,0.,1.));
#3817 = ORIENTED_EDGE('',*,*,#3818,.F.);
#3818 = EDGE_CURVE('',#3715,#3811,#3819,.T.);
#3819 = LINE('',#3820,#3821);
#3820 = CARTESIAN_POINT('',(2.875,4.9075,-4.075));
#3821 = VECTOR('',#3822,1.);
#3822 = DIRECTION('',(-1.,0.,6.E-17));
#3823 = ORIENTED_EDGE('',*,*,#3714,.F.);
#3824 = PLANE('',#3825);
#3825 = AXIS2_PLACEMENT_3D('',#3826,#3827,#3828);
#3826 = CARTESIAN_POINT('',(2.875,4.9075,-4.225));
#3827 = DIRECTION('',(0.,1.,0.));
#3828 = DIRECTION('',(0.,-0.,1.));
#3829 = ADVANCED_FACE('',(#3830),#3853,.T.);
#3830 = FACE_BOUND('',#3831,.T.);
#3831 = EDGE_LOOP('',(#3832,#3833,#3840,#3848));
#3832 = ORIENTED_EDGE('',*,*,#3722,.T.);
#3833 = ORIENTED_EDGE('',*,*,#3834,.T.);
#3834 = EDGE_CURVE('',#3723,#3835,#3837,.T.);
#3835 = VERTEX_POINT('',#3836);
#3836 = CARTESIAN_POINT('',(2.87740183995,12.943677719416,
    -4.050613709748));
#3837 = B_SPLINE_CURVE_WITH_KNOTS('',1,(#3838,#3839),.UNSPECIFIED.,.F.,
  .F.,(2,2),(0.,1.),.PIECEWISE_BEZIER_KNOTS.);
#3838 = CARTESIAN_POINT('',(2.875,12.940933687318,-4.075));
#3839 = CARTESIAN_POINT('',(2.87740183995,12.943677719416,
    -4.050613709748));
#3840 = ORIENTED_EDGE('',*,*,#3841,.F.);
#3841 = EDGE_CURVE('',#3842,#3835,#3844,.T.);
#3842 = VERTEX_POINT('',#3843);
#3843 = CARTESIAN_POINT('',(2.87740183995,4.9075,-4.050613709748));
#3844 = LINE('',#3845,#3846);
#3845 = CARTESIAN_POINT('',(2.87740183995,4.9075,-4.050613709748));
#3846 = VECTOR('',#3847,1.);
#3847 = DIRECTION('',(0.,1.,0.));
#3848 = ORIENTED_EDGE('',*,*,#3849,.F.);
#3849 = EDGE_CURVE('',#3715,#3842,#3850,.T.);
#3850 = B_SPLINE_CURVE_WITH_KNOTS('',1,(#3851,#3852),.UNSPECIFIED.,.F.,
  .F.,(2,2),(0.,1.),.PIECEWISE_BEZIER_KNOTS.);
#3851 = CARTESIAN_POINT('',(2.875,4.9075,-4.075));
#3852 = CARTESIAN_POINT('',(2.87740183995,4.9075,-4.050613709748));
#3853 = B_SPLINE_SURFACE_WITH_KNOTS('',1,1,(
    (#3854,#3855)
    ,(#3856,#3857
    )),.UNSPECIFIED.,.F.,.F.,.F.,(2,2),(2,2),(0.,8.036177719416),(0.,1.)
  ,.PIECEWISE_BEZIER_KNOTS.);
#3854 = CARTESIAN_POINT('',(2.875,4.9075,-4.075));
#3855 = CARTESIAN_POINT('',(2.87740183995,4.9075,-4.050613709748));
#3856 = CARTESIAN_POINT('',(2.875,12.940933687318,-4.075));
#3857 = CARTESIAN_POINT('',(2.87740183995,12.943677719416,
    -4.050613709748));
#3858 = ADVANCED_FACE('',(#3859),#3870,.T.);
#3859 = FACE_BOUND('',#3860,.T.);
#3860 = EDGE_LOOP('',(#3861,#3862,#3868,#3869));
#3861 = ORIENTED_EDGE('',*,*,#3810,.T.);
#3862 = ORIENTED_EDGE('',*,*,#3863,.T.);
#3863 = EDGE_CURVE('',#3811,#3786,#3864,.T.);
#3864 = LINE('',#3865,#3866);
#3865 = CARTESIAN_POINT('',(2.725,4.9075,-4.075));
#3866 = VECTOR('',#3867,1.);
#3867 = DIRECTION('',(0.,1.,0.));
#3868 = ORIENTED_EDGE('',*,*,#3793,.T.);
#3869 = ORIENTED_EDGE('',*,*,#3770,.T.);
#3870 = PLANE('',#3871);
#3871 = AXIS2_PLACEMENT_3D('',#3872,#3873,#3874);
#3872 = CARTESIAN_POINT('',(2.725,8.921687924866,-4.14995193989));
#3873 = DIRECTION('',(-1.,-0.,-0.));
#3874 = DIRECTION('',(0.,0.,-1.));
#3875 = ADVANCED_FACE('',(#3876),#3893,.T.);
#3876 = FACE_BOUND('',#3877,.T.);
#3877 = EDGE_LOOP('',(#3878,#3879,#3886,#3892));
#3878 = ORIENTED_EDGE('',*,*,#3785,.T.);
#3879 = ORIENTED_EDGE('',*,*,#3880,.T.);
#3880 = EDGE_CURVE('',#3786,#3881,#3883,.T.);
#3881 = VERTEX_POINT('',#3882);
#3882 = CARTESIAN_POINT('',(2.730284047889,12.943677719416,
    -4.021350161446));
#3883 = B_SPLINE_CURVE_WITH_KNOTS('',1,(#3884,#3885),.UNSPECIFIED.,.F.,
  .F.,(2,2),(0.,1.),.PIECEWISE_BEZIER_KNOTS.);
#3884 = CARTESIAN_POINT('',(2.725,12.940933687318,-4.075));
#3885 = CARTESIAN_POINT('',(2.730284047889,12.943677719416,
    -4.021350161446));
#3886 = ORIENTED_EDGE('',*,*,#3887,.F.);
#3887 = EDGE_CURVE('',#3835,#3881,#3888,.T.);
#3888 = LINE('',#3889,#3890);
#3889 = CARTESIAN_POINT('',(2.87740183995,12.943677719416,
    -4.050613709748));
#3890 = VECTOR('',#3891,1.);
#3891 = DIRECTION('',(-0.980785280403,0.,0.195090322016));
#3892 = ORIENTED_EDGE('',*,*,#3834,.F.);
#3893 = B_SPLINE_SURFACE_WITH_KNOTS('',1,1,(
    (#3894,#3895)
    ,(#3896,#3897
    )),.UNSPECIFIED.,.F.,.F.,.F.,(2,2),(2,2),(0.,0.15),(0.,1.),
  .PIECEWISE_BEZIER_KNOTS.);
#3894 = CARTESIAN_POINT('',(2.875,12.940933687318,-4.075));
#3895 = CARTESIAN_POINT('',(2.87740183995,12.943677719416,
    -4.050613709748));
#3896 = CARTESIAN_POINT('',(2.725,12.940933687318,-4.075));
#3897 = CARTESIAN_POINT('',(2.730284047889,12.943677719416,
    -4.021350161446));
#3898 = ADVANCED_FACE('',(#3899),#3916,.T.);
#3899 = FACE_BOUND('',#3900,.T.);
#3900 = EDGE_LOOP('',(#3901,#3902,#3903,#3911));
#3901 = ORIENTED_EDGE('',*,*,#3818,.F.);
#3902 = ORIENTED_EDGE('',*,*,#3849,.T.);
#3903 = ORIENTED_EDGE('',*,*,#3904,.F.);
#3904 = EDGE_CURVE('',#3905,#3842,#3907,.T.);
#3905 = VERTEX_POINT('',#3906);
#3906 = CARTESIAN_POINT('',(2.730284047889,4.9075,-4.021350161446));
#3907 = LINE('',#3908,#3909);
#3908 = CARTESIAN_POINT('',(2.730284047889,4.9075,-4.021350161446));
#3909 = VECTOR('',#3910,1.);
#3910 = DIRECTION('',(0.980785280403,0.,-0.195090322016));
#3911 = ORIENTED_EDGE('',*,*,#3912,.F.);
#3912 = EDGE_CURVE('',#3811,#3905,#3913,.T.);
#3913 = B_SPLINE_CURVE_WITH_KNOTS('',1,(#3914,#3915),.UNSPECIFIED.,.F.,
  .F.,(2,2),(0.,1.),.PIECEWISE_BEZIER_KNOTS.);
#3914 = CARTESIAN_POINT('',(2.725,4.9075,-4.075));
#3915 = CARTESIAN_POINT('',(2.730284047889,4.9075,-4.021350161446));
#3916 = B_SPLINE_SURFACE_WITH_KNOTS('',1,1,(
    (#3917,#3918)
    ,(#3919,#3920
    )),.UNSPECIFIED.,.F.,.F.,.F.,(2,2),(2,2),(0.,0.15),(0.,1.),
  .PIECEWISE_BEZIER_KNOTS.);
#3917 = CARTESIAN_POINT('',(2.725,4.9075,-4.075));
#3918 = CARTESIAN_POINT('',(2.730284047889,4.9075,-4.021350161446));
#3919 = CARTESIAN_POINT('',(2.875,4.9075,-4.075));
#3920 = CARTESIAN_POINT('',(2.87740183995,4.9075,-4.050613709748));
#3921 = ADVANCED_FACE('',(#3922),#3945,.T.);
#3922 = FACE_BOUND('',#3923,.T.);
#3923 = EDGE_LOOP('',(#3924,#3925,#3932,#3940));
#3924 = ORIENTED_EDGE('',*,*,#3841,.T.);
#3925 = ORIENTED_EDGE('',*,*,#3926,.T.);
#3926 = EDGE_CURVE('',#3835,#3927,#3929,.T.);
#3927 = VERTEX_POINT('',#3928);
#3928 = CARTESIAN_POINT('',(2.884515058436,12.946421751513,
    -4.027164570954));
#3929 = B_SPLINE_CURVE_WITH_KNOTS('',1,(#3930,#3931),.UNSPECIFIED.,.F.,
  .F.,(2,2),(0.,1.),.PIECEWISE_BEZIER_KNOTS.);
#3930 = CARTESIAN_POINT('',(2.87740183995,12.943677719416,
    -4.050613709748));
#3931 = CARTESIAN_POINT('',(2.884515058436,12.946421751513,
    -4.027164570954));
#3932 = ORIENTED_EDGE('',*,*,#3933,.F.);
#3933 = EDGE_CURVE('',#3934,#3927,#3936,.T.);
#3934 = VERTEX_POINT('',#3935);
#3935 = CARTESIAN_POINT('',(2.884515058436,4.9075,-4.027164570954));
#3936 = LINE('',#3937,#3938);
#3937 = CARTESIAN_POINT('',(2.884515058436,4.9075,-4.027164570954));
#3938 = VECTOR('',#3939,1.);
#3939 = DIRECTION('',(0.,1.,0.));
#3940 = ORIENTED_EDGE('',*,*,#3941,.F.);
#3941 = EDGE_CURVE('',#3842,#3934,#3942,.T.);
#3942 = B_SPLINE_CURVE_WITH_KNOTS('',1,(#3943,#3944),.UNSPECIFIED.,.F.,
  .F.,(2,2),(0.,1.),.PIECEWISE_BEZIER_KNOTS.);
#3943 = CARTESIAN_POINT('',(2.87740183995,4.9075,-4.050613709748));
#3944 = CARTESIAN_POINT('',(2.884515058436,4.9075,-4.027164570954));
#3945 = B_SPLINE_SURFACE_WITH_KNOTS('',1,1,(
    (#3946,#3947)
    ,(#3948,#3949
    )),.UNSPECIFIED.,.F.,.F.,.F.,(2,2),(2,2),(0.,8.038921751513),(0.,1.)
  ,.PIECEWISE_BEZIER_KNOTS.);
#3946 = CARTESIAN_POINT('',(2.87740183995,4.9075,-4.050613709748));
#3947 = CARTESIAN_POINT('',(2.884515058436,4.9075,-4.027164570954));
#3948 = CARTESIAN_POINT('',(2.87740183995,12.943677719416,
    -4.050613709748));
#3949 = CARTESIAN_POINT('',(2.884515058436,12.946421751513,
    -4.027164570954));
#3950 = ADVANCED_FACE('',(#3951),#3962,.T.);
#3951 = FACE_BOUND('',#3952,.T.);
#3952 = EDGE_LOOP('',(#3953,#3954,#3955,#3961));
#3953 = ORIENTED_EDGE('',*,*,#3863,.F.);
#3954 = ORIENTED_EDGE('',*,*,#3912,.T.);
#3955 = ORIENTED_EDGE('',*,*,#3956,.F.);
#3956 = EDGE_CURVE('',#3881,#3905,#3957,.T.);
#3957 = LINE('',#3958,#3959);
#3958 = CARTESIAN_POINT('',(2.730284047889,12.943677719416,
    -4.021350161446));
#3959 = VECTOR('',#3960,1.);
#3960 = DIRECTION('',(0.,-1.,0.));
#3961 = ORIENTED_EDGE('',*,*,#3880,.F.);
#3962 = B_SPLINE_SURFACE_WITH_KNOTS('',1,1,(
    (#3963,#3964)
    ,(#3965,#3966
    )),.UNSPECIFIED.,.F.,.F.,.F.,(2,2),(2,2),(0.,8.036177719416),(0.,1.)
  ,.PIECEWISE_BEZIER_KNOTS.);
#3963 = CARTESIAN_POINT('',(2.725,12.940933687318,-4.075));
#3964 = CARTESIAN_POINT('',(2.730284047889,12.943677719416,
    -4.021350161446));
#3965 = CARTESIAN_POINT('',(2.725,4.9075,-4.075));
#3966 = CARTESIAN_POINT('',(2.730284047889,4.9075,-4.021350161446));
#3967 = ADVANCED_FACE('',(#3968),#3985,.T.);
#3968 = FACE_BOUND('',#3969,.T.);
#3969 = EDGE_LOOP('',(#3970,#3971,#3978,#3984));
#3970 = ORIENTED_EDGE('',*,*,#3887,.T.);
#3971 = ORIENTED_EDGE('',*,*,#3972,.T.);
#3972 = EDGE_CURVE('',#3881,#3973,#3975,.T.);
#3973 = VERTEX_POINT('',#3974);
#3974 = CARTESIAN_POINT('',(2.745933128559,12.946421751513,-3.9697620561
    ));
#3975 = B_SPLINE_CURVE_WITH_KNOTS('',1,(#3976,#3977),.UNSPECIFIED.,.F.,
  .F.,(2,2),(0.,1.),.PIECEWISE_BEZIER_KNOTS.);
#3976 = CARTESIAN_POINT('',(2.730284047889,12.943677719416,
    -4.021350161446));
#3977 = CARTESIAN_POINT('',(2.745933128559,12.946421751513,-3.9697620561
    ));
#3978 = ORIENTED_EDGE('',*,*,#3979,.F.);
#3979 = EDGE_CURVE('',#3927,#3973,#3980,.T.);
#3980 = LINE('',#3981,#3982);
#3981 = CARTESIAN_POINT('',(2.884515058436,12.946421751513,
    -4.027164570954));
#3982 = VECTOR('',#3983,1.);
#3983 = DIRECTION('',(-0.923879532511,0.,0.382683432365));
#3984 = ORIENTED_EDGE('',*,*,#3926,.F.);
#3985 = B_SPLINE_SURFACE_WITH_KNOTS('',1,1,(
    (#3986,#3987)
    ,(#3988,#3989
    )),.UNSPECIFIED.,.F.,.F.,.F.,(2,2),(2,2),(0.,0.15),(0.,1.),
  .PIECEWISE_BEZIER_KNOTS.);
#3986 = CARTESIAN_POINT('',(2.87740183995,12.943677719416,
    -4.050613709748));
#3987 = CARTESIAN_POINT('',(2.884515058436,12.946421751513,
    -4.027164570954));
#3988 = CARTESIAN_POINT('',(2.730284047889,12.943677719416,
    -4.021350161446));
#3989 = CARTESIAN_POINT('',(2.745933128559,12.946421751513,-3.9697620561
    ));
#3990 = ADVANCED_FACE('',(#3991),#4008,.T.);
#3991 = FACE_BOUND('',#3992,.T.);
#3992 = EDGE_LOOP('',(#3993,#3994,#3995,#4003));
#3993 = ORIENTED_EDGE('',*,*,#3904,.T.);
#3994 = ORIENTED_EDGE('',*,*,#3941,.T.);
#3995 = ORIENTED_EDGE('',*,*,#3996,.F.);
#3996 = EDGE_CURVE('',#3997,#3934,#3999,.T.);
#3997 = VERTEX_POINT('',#3998);
#3998 = CARTESIAN_POINT('',(2.745933128559,4.9075,-3.9697620561));
#3999 = LINE('',#4000,#4001);
#4000 = CARTESIAN_POINT('',(2.745933128559,4.9075,-3.9697620561));
#4001 = VECTOR('',#4002,1.);
#4002 = DIRECTION('',(0.923879532511,0.,-0.382683432365));
#4003 = ORIENTED_EDGE('',*,*,#4004,.F.);
#4004 = EDGE_CURVE('',#3905,#3997,#4005,.T.);
#4005 = B_SPLINE_CURVE_WITH_KNOTS('',1,(#4006,#4007),.UNSPECIFIED.,.F.,
  .F.,(2,2),(0.,1.),.PIECEWISE_BEZIER_KNOTS.);
#4006 = CARTESIAN_POINT('',(2.730284047889,4.9075,-4.021350161446));
#4007 = CARTESIAN_POINT('',(2.745933128559,4.9075,-3.9697620561));
#4008 = B_SPLINE_SURFACE_WITH_KNOTS('',1,1,(
    (#4009,#4010)
    ,(#4011,#4012
    )),.UNSPECIFIED.,.F.,.F.,.F.,(2,2),(2,2),(0.,0.15),(0.,1.),
  .PIECEWISE_BEZIER_KNOTS.);
#4009 = CARTESIAN_POINT('',(2.730284047889,4.9075,-4.021350161446));
#4010 = CARTESIAN_POINT('',(2.745933128559,4.9075,-3.9697620561));
#4011 = CARTESIAN_POINT('',(2.87740183995,4.9075,-4.050613709748));
#4012 = CARTESIAN_POINT('',(2.884515058436,4.9075,-4.027164570954));
#4013 = ADVANCED_FACE('',(#4014),#4037,.T.);
#4014 = FACE_BOUND('',#4015,.T.);
#4015 = EDGE_LOOP('',(#4016,#4017,#4024,#4032));
#4016 = ORIENTED_EDGE('',*,*,#3933,.T.);
#4017 = ORIENTED_EDGE('',*,*,#4018,.T.);
#4018 = EDGE_CURVE('',#3927,#4019,#4021,.T.);
#4019 = VERTEX_POINT('',#4020);
#4020 = CARTESIAN_POINT('',(2.896066298462,12.949165783611,
    -4.005553720873));
#4021 = B_SPLINE_CURVE_WITH_KNOTS('',1,(#4022,#4023),.UNSPECIFIED.,.F.,
  .F.,(2,2),(0.,1.),.PIECEWISE_BEZIER_KNOTS.);
#4022 = CARTESIAN_POINT('',(2.884515058436,12.946421751513,
    -4.027164570954));
#4023 = CARTESIAN_POINT('',(2.896066298462,12.949165783611,
    -4.005553720873));
#4024 = ORIENTED_EDGE('',*,*,#4025,.F.);
#4025 = EDGE_CURVE('',#4026,#4019,#4028,.T.);
#4026 = VERTEX_POINT('',#4027);
#4027 = CARTESIAN_POINT('',(2.896066298462,4.9075,-4.005553720873));
#4028 = LINE('',#4029,#4030);
#4029 = CARTESIAN_POINT('',(2.896066298462,4.9075,-4.005553720873));
#4030 = VECTOR('',#4031,1.);
#4031 = DIRECTION('',(0.,1.,0.));
#4032 = ORIENTED_EDGE('',*,*,#4033,.F.);
#4033 = EDGE_CURVE('',#3934,#4026,#4034,.T.);
#4034 = B_SPLINE_CURVE_WITH_KNOTS('',1,(#4035,#4036),.UNSPECIFIED.,.F.,
  .F.,(2,2),(0.,1.),.PIECEWISE_BEZIER_KNOTS.);
#4035 = CARTESIAN_POINT('',(2.884515058436,4.9075,-4.027164570954));
#4036 = CARTESIAN_POINT('',(2.896066298462,4.9075,-4.005553720873));
#4037 = B_SPLINE_SURFACE_WITH_KNOTS('',1,1,(
    (#4038,#4039)
    ,(#4040,#4041
    )),.UNSPECIFIED.,.F.,.F.,.F.,(2,2),(2,2),(0.,8.041665783611),(0.,1.)
  ,.PIECEWISE_BEZIER_KNOTS.);
#4038 = CARTESIAN_POINT('',(2.884515058436,4.9075,-4.027164570954));
#4039 = CARTESIAN_POINT('',(2.896066298462,4.9075,-4.005553720873));
#4040 = CARTESIAN_POINT('',(2.884515058436,12.946421751513,
    -4.027164570954));
#4041 = CARTESIAN_POINT('',(2.896066298462,12.949165783611,
    -4.005553720873));
#4042 = ADVANCED_FACE('',(#4043),#4054,.T.);
#4043 = FACE_BOUND('',#4044,.T.);
#4044 = EDGE_LOOP('',(#4045,#4046,#4047,#4053));
#4045 = ORIENTED_EDGE('',*,*,#3956,.T.);
#4046 = ORIENTED_EDGE('',*,*,#4004,.T.);
#4047 = ORIENTED_EDGE('',*,*,#4048,.F.);
#4048 = EDGE_CURVE('',#3973,#3997,#4049,.T.);
#4049 = LINE('',#4050,#4051);
#4050 = CARTESIAN_POINT('',(2.745933128559,12.946421751513,-3.9697620561
    ));
#4051 = VECTOR('',#4052,1.);
#4052 = DIRECTION('',(0.,-1.,0.));
#4053 = ORIENTED_EDGE('',*,*,#3972,.F.);
#4054 = B_SPLINE_SURFACE_WITH_KNOTS('',1,1,(
    (#4055,#4056)
    ,(#4057,#4058
    )),.UNSPECIFIED.,.F.,.F.,.F.,(2,2),(2,2),(0.,8.038921751513),(0.,1.)
  ,.PIECEWISE_BEZIER_KNOTS.);
#4055 = CARTESIAN_POINT('',(2.730284047889,12.943677719416,
    -4.021350161446));
#4056 = CARTESIAN_POINT('',(2.745933128559,12.946421751513,-3.9697620561
    ));
#4057 = CARTESIAN_POINT('',(2.730284047889,4.9075,-4.021350161446));
#4058 = CARTESIAN_POINT('',(2.745933128559,4.9075,-3.9697620561));
#4059 = ADVANCED_FACE('',(#4060),#4077,.T.);
#4060 = FACE_BOUND('',#4061,.T.);
#4061 = EDGE_LOOP('',(#4062,#4063,#4070,#4076));
#4062 = ORIENTED_EDGE('',*,*,#3979,.T.);
#4063 = ORIENTED_EDGE('',*,*,#4064,.T.);
#4064 = EDGE_CURVE('',#3973,#4065,#4067,.T.);
#4065 = VERTEX_POINT('',#4066);
#4066 = CARTESIAN_POINT('',(2.771345856617,12.949165783611,
    -3.92221818592));
#4067 = B_SPLINE_CURVE_WITH_KNOTS('',1,(#4068,#4069),.UNSPECIFIED.,.F.,
  .F.,(2,2),(0.,1.),.PIECEWISE_BEZIER_KNOTS.);
#4068 = CARTESIAN_POINT('',(2.745933128559,12.946421751513,-3.9697620561
    ));
#4069 = CARTESIAN_POINT('',(2.771345856617,12.949165783611,
    -3.92221818592));
#4070 = ORIENTED_EDGE('',*,*,#4071,.F.);
#4071 = EDGE_CURVE('',#4019,#4065,#4072,.T.);
#4072 = LINE('',#4073,#4074);
#4073 = CARTESIAN_POINT('',(2.896066298462,12.949165783611,
    -4.005553720873));
#4074 = VECTOR('',#4075,1.);
#4075 = DIRECTION('',(-0.831469612303,0.,0.55557023302));
#4076 = ORIENTED_EDGE('',*,*,#4018,.F.);
#4077 = B_SPLINE_SURFACE_WITH_KNOTS('',1,1,(
    (#4078,#4079)
    ,(#4080,#4081
    )),.UNSPECIFIED.,.F.,.F.,.F.,(2,2),(2,2),(0.,0.15),(0.,1.),
  .PIECEWISE_BEZIER_KNOTS.);
#4078 = CARTESIAN_POINT('',(2.884515058436,12.946421751513,
    -4.027164570954));
#4079 = CARTESIAN_POINT('',(2.896066298462,12.949165783611,
    -4.005553720873));
#4080 = CARTESIAN_POINT('',(2.745933128559,12.946421751513,-3.9697620561
    ));
#4081 = CARTESIAN_POINT('',(2.771345856617,12.949165783611,
    -3.92221818592));
#4082 = ADVANCED_FACE('',(#4083),#4100,.T.);
#4083 = FACE_BOUND('',#4084,.T.);
#4084 = EDGE_LOOP('',(#4085,#4086,#4087,#4095));
#4085 = ORIENTED_EDGE('',*,*,#3996,.T.);
#4086 = ORIENTED_EDGE('',*,*,#4033,.T.);
#4087 = ORIENTED_EDGE('',*,*,#4088,.F.);
#4088 = EDGE_CURVE('',#4089,#4026,#4091,.T.);
#4089 = VERTEX_POINT('',#4090);
#4090 = CARTESIAN_POINT('',(2.771345856617,4.9075,-3.92221818592));
#4091 = LINE('',#4092,#4093);
#4092 = CARTESIAN_POINT('',(2.771345856617,4.9075,-3.92221818592));
#4093 = VECTOR('',#4094,1.);
#4094 = DIRECTION('',(0.831469612303,0.,-0.55557023302));
#4095 = ORIENTED_EDGE('',*,*,#4096,.F.);
#4096 = EDGE_CURVE('',#3997,#4089,#4097,.T.);
#4097 = B_SPLINE_CURVE_WITH_KNOTS('',1,(#4098,#4099),.UNSPECIFIED.,.F.,
  .F.,(2,2),(0.,1.),.PIECEWISE_BEZIER_KNOTS.);
#4098 = CARTESIAN_POINT('',(2.745933128559,4.9075,-3.9697620561));
#4099 = CARTESIAN_POINT('',(2.771345856617,4.9075,-3.92221818592));
#4100 = B_SPLINE_SURFACE_WITH_KNOTS('',1,1,(
    (#4101,#4102)
    ,(#4103,#4104
    )),.UNSPECIFIED.,.F.,.F.,.F.,(2,2),(2,2),(0.,0.15),(0.,1.),
  .PIECEWISE_BEZIER_KNOTS.);
#4101 = CARTESIAN_POINT('',(2.745933128559,4.9075,-3.9697620561));
#4102 = CARTESIAN_POINT('',(2.771345856617,4.9075,-3.92221818592));
#4103 = CARTESIAN_POINT('',(2.884515058436,4.9075,-4.027164570954));
#4104 = CARTESIAN_POINT('',(2.896066298462,4.9075,-4.005553720873));
#4105 = ADVANCED_FACE('',(#4106),#4129,.T.);
#4106 = FACE_BOUND('',#4107,.T.);
#4107 = EDGE_LOOP('',(#4108,#4109,#4116,#4124));
#4108 = ORIENTED_EDGE('',*,*,#4025,.T.);
#4109 = ORIENTED_EDGE('',*,*,#4110,.T.);
#4110 = EDGE_CURVE('',#4019,#4111,#4113,.T.);
#4111 = VERTEX_POINT('',#4112);
#4112 = CARTESIAN_POINT('',(2.911611652352,12.951909815709,
    -3.986611652352));
#4113 = B_SPLINE_CURVE_WITH_KNOTS('',1,(#4114,#4115),.UNSPECIFIED.,.F.,
  .F.,(2,2),(0.,1.),.PIECEWISE_BEZIER_KNOTS.);
#4114 = CARTESIAN_POINT('',(2.896066298462,12.949165783611,
    -4.005553720873));
#4115 = CARTESIAN_POINT('',(2.911611652352,12.951909815709,
    -3.986611652352));
#4116 = ORIENTED_EDGE('',*,*,#4117,.F.);
#4117 = EDGE_CURVE('',#4118,#4111,#4120,.T.);
#4118 = VERTEX_POINT('',#4119);
#4119 = CARTESIAN_POINT('',(2.911611652352,4.9075,-3.986611652352));
#4120 = LINE('',#4121,#4122);
#4121 = CARTESIAN_POINT('',(2.911611652352,4.9075,-3.986611652352));
#4122 = VECTOR('',#4123,1.);
#4123 = DIRECTION('',(0.,1.,0.));
#4124 = ORIENTED_EDGE('',*,*,#4125,.F.);
#4125 = EDGE_CURVE('',#4026,#4118,#4126,.T.);
#4126 = B_SPLINE_CURVE_WITH_KNOTS('',1,(#4127,#4128),.UNSPECIFIED.,.F.,
  .F.,(2,2),(0.,1.),.PIECEWISE_BEZIER_KNOTS.);
#4127 = CARTESIAN_POINT('',(2.896066298462,4.9075,-4.005553720873));
#4128 = CARTESIAN_POINT('',(2.911611652352,4.9075,-3.986611652352));
#4129 = B_SPLINE_SURFACE_WITH_KNOTS('',1,1,(
    (#4130,#4131)
    ,(#4132,#4133
    )),.UNSPECIFIED.,.F.,.F.,.F.,(2,2),(2,2),(0.,8.044409815709),(0.,1.)
  ,.PIECEWISE_BEZIER_KNOTS.);
#4130 = CARTESIAN_POINT('',(2.896066298462,4.9075,-4.005553720873));
#4131 = CARTESIAN_POINT('',(2.911611652352,4.9075,-3.986611652352));
#4132 = CARTESIAN_POINT('',(2.896066298462,12.949165783611,
    -4.005553720873));
#4133 = CARTESIAN_POINT('',(2.911611652352,12.951909815709,
    -3.986611652352));
#4134 = ADVANCED_FACE('',(#4135),#4146,.T.);
#4135 = FACE_BOUND('',#4136,.T.);
#4136 = EDGE_LOOP('',(#4137,#4138,#4139,#4145));
#4137 = ORIENTED_EDGE('',*,*,#4048,.T.);
#4138 = ORIENTED_EDGE('',*,*,#4096,.T.);
#4139 = ORIENTED_EDGE('',*,*,#4140,.F.);
#4140 = EDGE_CURVE('',#4065,#4089,#4141,.T.);
#4141 = LINE('',#4142,#4143);
#4142 = CARTESIAN_POINT('',(2.771345856617,12.949165783611,
    -3.92221818592));
#4143 = VECTOR('',#4144,1.);
#4144 = DIRECTION('',(0.,-1.,0.));
#4145 = ORIENTED_EDGE('',*,*,#4064,.F.);
#4146 = B_SPLINE_SURFACE_WITH_KNOTS('',1,1,(
    (#4147,#4148)
    ,(#4149,#4150
    )),.UNSPECIFIED.,.F.,.F.,.F.,(2,2),(2,2),(0.,8.041665783611),(0.,1.)
  ,.PIECEWISE_BEZIER_KNOTS.);
#4147 = CARTESIAN_POINT('',(2.745933128559,12.946421751513,-3.9697620561
    ));
#4148 = CARTESIAN_POINT('',(2.771345856617,12.949165783611,
    -3.92221818592));
#4149 = CARTESIAN_POINT('',(2.745933128559,4.9075,-3.9697620561));
#4150 = CARTESIAN_POINT('',(2.771345856617,4.9075,-3.92221818592));
#4151 = ADVANCED_FACE('',(#4152),#4169,.T.);
#4152 = FACE_BOUND('',#4153,.T.);
#4153 = EDGE_LOOP('',(#4154,#4155,#4162,#4168));
#4154 = ORIENTED_EDGE('',*,*,#4071,.T.);
#4155 = ORIENTED_EDGE('',*,*,#4156,.T.);
#4156 = EDGE_CURVE('',#4065,#4157,#4159,.T.);
#4157 = VERTEX_POINT('',#4158);
#4158 = CARTESIAN_POINT('',(2.805545635174,12.951909815709,
    -3.880545635174));
#4159 = B_SPLINE_CURVE_WITH_KNOTS('',1,(#4160,#4161),.UNSPECIFIED.,.F.,
  .F.,(2,2),(0.,1.),.PIECEWISE_BEZIER_KNOTS.);
#4160 = CARTESIAN_POINT('',(2.771345856617,12.949165783611,
    -3.92221818592));
#4161 = CARTESIAN_POINT('',(2.805545635174,12.951909815709,
    -3.880545635174));
#4162 = ORIENTED_EDGE('',*,*,#4163,.F.);
#4163 = EDGE_CURVE('',#4111,#4157,#4164,.T.);
#4164 = LINE('',#4165,#4166);
#4165 = CARTESIAN_POINT('',(2.911611652352,12.951909815709,
    -3.986611652352));
#4166 = VECTOR('',#4167,1.);
#4167 = DIRECTION('',(-0.707106781187,0.,0.707106781187));
#4168 = ORIENTED_EDGE('',*,*,#4110,.F.);
#4169 = B_SPLINE_SURFACE_WITH_KNOTS('',1,1,(
    (#4170,#4171)
    ,(#4172,#4173
    )),.UNSPECIFIED.,.F.,.F.,.F.,(2,2),(2,2),(0.,0.15),(0.,1.),
  .PIECEWISE_BEZIER_KNOTS.);
#4170 = CARTESIAN_POINT('',(2.896066298462,12.949165783611,
    -4.005553720873));
#4171 = CARTESIAN_POINT('',(2.911611652352,12.951909815709,
    -3.986611652352));
#4172 = CARTESIAN_POINT('',(2.771345856617,12.949165783611,
    -3.92221818592));
#4173 = CARTESIAN_POINT('',(2.805545635174,12.951909815709,
    -3.880545635174));
#4174 = ADVANCED_FACE('',(#4175),#4192,.T.);
#4175 = FACE_BOUND('',#4176,.T.);
#4176 = EDGE_LOOP('',(#4177,#4178,#4179,#4187));
#4177 = ORIENTED_EDGE('',*,*,#4088,.T.);
#4178 = ORIENTED_EDGE('',*,*,#4125,.T.);
#4179 = ORIENTED_EDGE('',*,*,#4180,.F.);
#4180 = EDGE_CURVE('',#4181,#4118,#4183,.T.);
#4181 = VERTEX_POINT('',#4182);
#4182 = CARTESIAN_POINT('',(2.805545635174,4.9075,-3.880545635174));
#4183 = LINE('',#4184,#4185);
#4184 = CARTESIAN_POINT('',(2.805545635174,4.9075,-3.880545635174));
#4185 = VECTOR('',#4186,1.);
#4186 = DIRECTION('',(0.707106781187,0.,-0.707106781187));
#4187 = ORIENTED_EDGE('',*,*,#4188,.F.);
#4188 = EDGE_CURVE('',#4089,#4181,#4189,.T.);
#4189 = B_SPLINE_CURVE_WITH_KNOTS('',1,(#4190,#4191),.UNSPECIFIED.,.F.,
  .F.,(2,2),(0.,1.),.PIECEWISE_BEZIER_KNOTS.);
#4190 = CARTESIAN_POINT('',(2.771345856617,4.9075,-3.92221818592));
#4191 = CARTESIAN_POINT('',(2.805545635174,4.9075,-3.880545635174));
#4192 = B_SPLINE_SURFACE_WITH_KNOTS('',1,1,(
    (#4193,#4194)
    ,(#4195,#4196
    )),.UNSPECIFIED.,.F.,.F.,.F.,(2,2),(2,2),(0.,0.15),(0.,1.),
  .PIECEWISE_BEZIER_KNOTS.);
#4193 = CARTESIAN_POINT('',(2.771345856617,4.9075,-3.92221818592));
#4194 = CARTESIAN_POINT('',(2.805545635174,4.9075,-3.880545635174));
#4195 = CARTESIAN_POINT('',(2.896066298462,4.9075,-4.005553720873));
#4196 = CARTESIAN_POINT('',(2.911611652352,4.9075,-3.986611652352));
#4197 = ADVANCED_FACE('',(#4198),#4221,.T.);
#4198 = FACE_BOUND('',#4199,.T.);
#4199 = EDGE_LOOP('',(#4200,#4201,#4208,#4216));
#4200 = ORIENTED_EDGE('',*,*,#4117,.T.);
#4201 = ORIENTED_EDGE('',*,*,#4202,.T.);
#4202 = EDGE_CURVE('',#4111,#4203,#4205,.T.);
#4203 = VERTEX_POINT('',#4204);
#4204 = CARTESIAN_POINT('',(2.930553720873,12.954653847807,
    -3.971066298462));
#4205 = B_SPLINE_CURVE_WITH_KNOTS('',1,(#4206,#4207),.UNSPECIFIED.,.F.,
  .F.,(2,2),(0.,1.),.PIECEWISE_BEZIER_KNOTS.);
#4206 = CARTESIAN_POINT('',(2.911611652352,12.951909815709,
    -3.986611652352));
#4207 = CARTESIAN_POINT('',(2.930553720873,12.954653847807,
    -3.971066298462));
#4208 = ORIENTED_EDGE('',*,*,#4209,.F.);
#4209 = EDGE_CURVE('',#4210,#4203,#4212,.T.);
#4210 = VERTEX_POINT('',#4211);
#4211 = CARTESIAN_POINT('',(2.930553720873,4.9075,-3.971066298462));
#4212 = LINE('',#4213,#4214);
#4213 = CARTESIAN_POINT('',(2.930553720873,4.9075,-3.971066298462));
#4214 = VECTOR('',#4215,1.);
#4215 = DIRECTION('',(0.,1.,0.));
#4216 = ORIENTED_EDGE('',*,*,#4217,.F.);
#4217 = EDGE_CURVE('',#4118,#4210,#4218,.T.);
#4218 = B_SPLINE_CURVE_WITH_KNOTS('',1,(#4219,#4220),.UNSPECIFIED.,.F.,
  .F.,(2,2),(0.,1.),.PIECEWISE_BEZIER_KNOTS.);
#4219 = CARTESIAN_POINT('',(2.911611652352,4.9075,-3.986611652352));
#4220 = CARTESIAN_POINT('',(2.930553720873,4.9075,-3.971066298462));
#4221 = B_SPLINE_SURFACE_WITH_KNOTS('',1,1,(
    (#4222,#4223)
    ,(#4224,#4225
    )),.UNSPECIFIED.,.F.,.F.,.F.,(2,2),(2,2),(0.,8.047153847807),(0.,1.)
  ,.PIECEWISE_BEZIER_KNOTS.);
#4222 = CARTESIAN_POINT('',(2.911611652352,4.9075,-3.986611652352));
#4223 = CARTESIAN_POINT('',(2.930553720873,4.9075,-3.971066298462));
#4224 = CARTESIAN_POINT('',(2.911611652352,12.951909815709,
    -3.986611652352));
#4225 = CARTESIAN_POINT('',(2.930553720873,12.954653847807,
    -3.971066298462));
#4226 = ADVANCED_FACE('',(#4227),#4238,.T.);
#4227 = FACE_BOUND('',#4228,.T.);
#4228 = EDGE_LOOP('',(#4229,#4230,#4231,#4237));
#4229 = ORIENTED_EDGE('',*,*,#4140,.T.);
#4230 = ORIENTED_EDGE('',*,*,#4188,.T.);
#4231 = ORIENTED_EDGE('',*,*,#4232,.F.);
#4232 = EDGE_CURVE('',#4157,#4181,#4233,.T.);
#4233 = LINE('',#4234,#4235);
#4234 = CARTESIAN_POINT('',(2.805545635174,12.951909815709,
    -3.880545635174));
#4235 = VECTOR('',#4236,1.);
#4236 = DIRECTION('',(0.,-1.,0.));
#4237 = ORIENTED_EDGE('',*,*,#4156,.F.);
#4238 = B_SPLINE_SURFACE_WITH_KNOTS('',1,1,(
    (#4239,#4240)
    ,(#4241,#4242
    )),.UNSPECIFIED.,.F.,.F.,.F.,(2,2),(2,2),(0.,8.044409815709),(0.,1.)
  ,.PIECEWISE_BEZIER_KNOTS.);
#4239 = CARTESIAN_POINT('',(2.771345856617,12.949165783611,
    -3.92221818592));
#4240 = CARTESIAN_POINT('',(2.805545635174,12.951909815709,
    -3.880545635174));
#4241 = CARTESIAN_POINT('',(2.771345856617,4.9075,-3.92221818592));
#4242 = CARTESIAN_POINT('',(2.805545635174,4.9075,-3.880545635174));
#4243 = ADVANCED_FACE('',(#4244),#4261,.T.);
#4244 = FACE_BOUND('',#4245,.T.);
#4245 = EDGE_LOOP('',(#4246,#4247,#4254,#4260));
#4246 = ORIENTED_EDGE('',*,*,#4163,.T.);
#4247 = ORIENTED_EDGE('',*,*,#4248,.T.);
#4248 = EDGE_CURVE('',#4157,#4249,#4251,.T.);
#4249 = VERTEX_POINT('',#4250);
#4250 = CARTESIAN_POINT('',(2.84721818592,12.954653847807,
    -3.846345856617));
#4251 = B_SPLINE_CURVE_WITH_KNOTS('',1,(#4252,#4253),.UNSPECIFIED.,.F.,
  .F.,(2,2),(0.,1.),.PIECEWISE_BEZIER_KNOTS.);
#4252 = CARTESIAN_POINT('',(2.805545635174,12.951909815709,
    -3.880545635174));
#4253 = CARTESIAN_POINT('',(2.84721818592,12.954653847807,
    -3.846345856617));
#4254 = ORIENTED_EDGE('',*,*,#4255,.F.);
#4255 = EDGE_CURVE('',#4203,#4249,#4256,.T.);
#4256 = LINE('',#4257,#4258);
#4257 = CARTESIAN_POINT('',(2.930553720873,12.954653847807,
    -3.971066298462));
#4258 = VECTOR('',#4259,1.);
#4259 = DIRECTION('',(-0.55557023302,0.,0.831469612303));
#4260 = ORIENTED_EDGE('',*,*,#4202,.F.);
#4261 = B_SPLINE_SURFACE_WITH_KNOTS('',1,1,(
    (#4262,#4263)
    ,(#4264,#4265
    )),.UNSPECIFIED.,.F.,.F.,.F.,(2,2),(2,2),(0.,0.15),(0.,1.),
  .PIECEWISE_BEZIER_KNOTS.);
#4262 = CARTESIAN_POINT('',(2.911611652352,12.951909815709,
    -3.986611652352));
#4263 = CARTESIAN_POINT('',(2.930553720873,12.954653847807,
    -3.971066298462));
#4264 = CARTESIAN_POINT('',(2.805545635174,12.951909815709,
    -3.880545635174));
#4265 = CARTESIAN_POINT('',(2.84721818592,12.954653847807,
    -3.846345856617));
#4266 = ADVANCED_FACE('',(#4267),#4284,.T.);
#4267 = FACE_BOUND('',#4268,.T.);
#4268 = EDGE_LOOP('',(#4269,#4270,#4271,#4279));
#4269 = ORIENTED_EDGE('',*,*,#4180,.T.);
#4270 = ORIENTED_EDGE('',*,*,#4217,.T.);
#4271 = ORIENTED_EDGE('',*,*,#4272,.F.);
#4272 = EDGE_CURVE('',#4273,#4210,#4275,.T.);
#4273 = VERTEX_POINT('',#4274);
#4274 = CARTESIAN_POINT('',(2.84721818592,4.9075,-3.846345856617));
#4275 = LINE('',#4276,#4277);
#4276 = CARTESIAN_POINT('',(2.84721818592,4.9075,-3.846345856617));
#4277 = VECTOR('',#4278,1.);
#4278 = DIRECTION('',(0.55557023302,0.,-0.831469612303));
#4279 = ORIENTED_EDGE('',*,*,#4280,.F.);
#4280 = EDGE_CURVE('',#4181,#4273,#4281,.T.);
#4281 = B_SPLINE_CURVE_WITH_KNOTS('',1,(#4282,#4283),.UNSPECIFIED.,.F.,
  .F.,(2,2),(0.,1.),.PIECEWISE_BEZIER_KNOTS.);
#4282 = CARTESIAN_POINT('',(2.805545635174,4.9075,-3.880545635174));
#4283 = CARTESIAN_POINT('',(2.84721818592,4.9075,-3.846345856617));
#4284 = B_SPLINE_SURFACE_WITH_KNOTS('',1,1,(
    (#4285,#4286)
    ,(#4287,#4288
    )),.UNSPECIFIED.,.F.,.F.,.F.,(2,2),(2,2),(0.,0.15),(0.,1.),
  .PIECEWISE_BEZIER_KNOTS.);
#4285 = CARTESIAN_POINT('',(2.805545635174,4.9075,-3.880545635174));
#4286 = CARTESIAN_POINT('',(2.84721818592,4.9075,-3.846345856617));
#4287 = CARTESIAN_POINT('',(2.911611652352,4.9075,-3.986611652352));
#4288 = CARTESIAN_POINT('',(2.930553720873,4.9075,-3.971066298462));
#4289 = ADVANCED_FACE('',(#4290),#4313,.T.);
#4290 = FACE_BOUND('',#4291,.T.);
#4291 = EDGE_LOOP('',(#4292,#4293,#4300,#4308));
#4292 = ORIENTED_EDGE('',*,*,#4209,.T.);
#4293 = ORIENTED_EDGE('',*,*,#4294,.T.);
#4294 = EDGE_CURVE('',#4203,#4295,#4297,.T.);
#4295 = VERTEX_POINT('',#4296);
#4296 = CARTESIAN_POINT('',(2.952164570954,12.957397879904,
    -3.959515058436));
#4297 = B_SPLINE_CURVE_WITH_KNOTS('',1,(#4298,#4299),.UNSPECIFIED.,.F.,
  .F.,(2,2),(0.,1.),.PIECEWISE_BEZIER_KNOTS.);
#4298 = CARTESIAN_POINT('',(2.930553720873,12.954653847807,
    -3.971066298462));
#4299 = CARTESIAN_POINT('',(2.952164570954,12.957397879904,
    -3.959515058436));
#4300 = ORIENTED_EDGE('',*,*,#4301,.F.);
#4301 = EDGE_CURVE('',#4302,#4295,#4304,.T.);
#4302 = VERTEX_POINT('',#4303);
#4303 = CARTESIAN_POINT('',(2.952164570954,4.9075,-3.959515058436));
#4304 = LINE('',#4305,#4306);
#4305 = CARTESIAN_POINT('',(2.952164570954,4.9075,-3.959515058436));
#4306 = VECTOR('',#4307,1.);
#4307 = DIRECTION('',(0.,1.,0.));
#4308 = ORIENTED_EDGE('',*,*,#4309,.F.);
#4309 = EDGE_CURVE('',#4210,#4302,#4310,.T.);
#4310 = B_SPLINE_CURVE_WITH_KNOTS('',1,(#4311,#4312),.UNSPECIFIED.,.F.,
  .F.,(2,2),(0.,1.),.PIECEWISE_BEZIER_KNOTS.);
#4311 = CARTESIAN_POINT('',(2.930553720873,4.9075,-3.971066298462));
#4312 = CARTESIAN_POINT('',(2.952164570954,4.9075,-3.959515058436));
#4313 = B_SPLINE_SURFACE_WITH_KNOTS('',1,1,(
    (#4314,#4315)
    ,(#4316,#4317
    )),.UNSPECIFIED.,.F.,.F.,.F.,(2,2),(2,2),(0.,8.049897879904),(0.,1.)
  ,.PIECEWISE_BEZIER_KNOTS.);
#4314 = CARTESIAN_POINT('',(2.930553720873,4.9075,-3.971066298462));
#4315 = CARTESIAN_POINT('',(2.952164570954,4.9075,-3.959515058436));
#4316 = CARTESIAN_POINT('',(2.930553720873,12.954653847807,
    -3.971066298462));
#4317 = CARTESIAN_POINT('',(2.952164570954,12.957397879904,
    -3.959515058436));
#4318 = ADVANCED_FACE('',(#4319),#4330,.T.);
#4319 = FACE_BOUND('',#4320,.T.);
#4320 = EDGE_LOOP('',(#4321,#4322,#4323,#4329));
#4321 = ORIENTED_EDGE('',*,*,#4232,.T.);
#4322 = ORIENTED_EDGE('',*,*,#4280,.T.);
#4323 = ORIENTED_EDGE('',*,*,#4324,.F.);
#4324 = EDGE_CURVE('',#4249,#4273,#4325,.T.);
#4325 = LINE('',#4326,#4327);
#4326 = CARTESIAN_POINT('',(2.84721818592,12.954653847807,
    -3.846345856617));
#4327 = VECTOR('',#4328,1.);
#4328 = DIRECTION('',(0.,-1.,0.));
#4329 = ORIENTED_EDGE('',*,*,#4248,.F.);
#4330 = B_SPLINE_SURFACE_WITH_KNOTS('',1,1,(
    (#4331,#4332)
    ,(#4333,#4334
    )),.UNSPECIFIED.,.F.,.F.,.F.,(2,2),(2,2),(0.,8.047153847807),(0.,1.)
  ,.PIECEWISE_BEZIER_KNOTS.);
#4331 = CARTESIAN_POINT('',(2.805545635174,12.951909815709,
    -3.880545635174));
#4332 = CARTESIAN_POINT('',(2.84721818592,12.954653847807,
    -3.846345856617));
#4333 = CARTESIAN_POINT('',(2.805545635174,4.9075,-3.880545635174));
#4334 = CARTESIAN_POINT('',(2.84721818592,4.9075,-3.846345856617));
#4335 = ADVANCED_FACE('',(#4336),#4353,.T.);
#4336 = FACE_BOUND('',#4337,.T.);
#4337 = EDGE_LOOP('',(#4338,#4339,#4346,#4352));
#4338 = ORIENTED_EDGE('',*,*,#4255,.T.);
#4339 = ORIENTED_EDGE('',*,*,#4340,.T.);
#4340 = EDGE_CURVE('',#4249,#4341,#4343,.T.);
#4341 = VERTEX_POINT('',#4342);
#4342 = CARTESIAN_POINT('',(2.8947620561,12.957397879904,-3.820933128559
    ));
#4343 = B_SPLINE_CURVE_WITH_KNOTS('',1,(#4344,#4345),.UNSPECIFIED.,.F.,
  .F.,(2,2),(0.,1.),.PIECEWISE_BEZIER_KNOTS.);
#4344 = CARTESIAN_POINT('',(2.84721818592,12.954653847807,
    -3.846345856617));
#4345 = CARTESIAN_POINT('',(2.8947620561,12.957397879904,-3.820933128559
    ));
#4346 = ORIENTED_EDGE('',*,*,#4347,.F.);
#4347 = EDGE_CURVE('',#4295,#4341,#4348,.T.);
#4348 = LINE('',#4349,#4350);
#4349 = CARTESIAN_POINT('',(2.952164570954,12.957397879904,
    -3.959515058436));
#4350 = VECTOR('',#4351,1.);
#4351 = DIRECTION('',(-0.382683432365,0.,0.923879532511));
#4352 = ORIENTED_EDGE('',*,*,#4294,.F.);
#4353 = B_SPLINE_SURFACE_WITH_KNOTS('',1,1,(
    (#4354,#4355)
    ,(#4356,#4357
    )),.UNSPECIFIED.,.F.,.F.,.F.,(2,2),(2,2),(0.,0.15),(0.,1.),
  .PIECEWISE_BEZIER_KNOTS.);
#4354 = CARTESIAN_POINT('',(2.930553720873,12.954653847807,
    -3.971066298462));
#4355 = CARTESIAN_POINT('',(2.952164570954,12.957397879904,
    -3.959515058436));
#4356 = CARTESIAN_POINT('',(2.84721818592,12.954653847807,
    -3.846345856617));
#4357 = CARTESIAN_POINT('',(2.8947620561,12.957397879904,-3.820933128559
    ));
#4358 = ADVANCED_FACE('',(#4359),#4376,.T.);
#4359 = FACE_BOUND('',#4360,.T.);
#4360 = EDGE_LOOP('',(#4361,#4362,#4363,#4371));
#4361 = ORIENTED_EDGE('',*,*,#4272,.T.);
#4362 = ORIENTED_EDGE('',*,*,#4309,.T.);
#4363 = ORIENTED_EDGE('',*,*,#4364,.F.);
#4364 = EDGE_CURVE('',#4365,#4302,#4367,.T.);
#4365 = VERTEX_POINT('',#4366);
#4366 = CARTESIAN_POINT('',(2.8947620561,4.9075,-3.820933128559));
#4367 = LINE('',#4368,#4369);
#4368 = CARTESIAN_POINT('',(2.8947620561,4.9075,-3.820933128559));
#4369 = VECTOR('',#4370,1.);
#4370 = DIRECTION('',(0.382683432365,0.,-0.923879532511));
#4371 = ORIENTED_EDGE('',*,*,#4372,.F.);
#4372 = EDGE_CURVE('',#4273,#4365,#4373,.T.);
#4373 = B_SPLINE_CURVE_WITH_KNOTS('',1,(#4374,#4375),.UNSPECIFIED.,.F.,
  .F.,(2,2),(0.,1.),.PIECEWISE_BEZIER_KNOTS.);
#4374 = CARTESIAN_POINT('',(2.84721818592,4.9075,-3.846345856617));
#4375 = CARTESIAN_POINT('',(2.8947620561,4.9075,-3.820933128559));
#4376 = B_SPLINE_SURFACE_WITH_KNOTS('',1,1,(
    (#4377,#4378)
    ,(#4379,#4380
    )),.UNSPECIFIED.,.F.,.F.,.F.,(2,2),(2,2),(0.,0.15),(0.,1.),
  .PIECEWISE_BEZIER_KNOTS.);
#4377 = CARTESIAN_POINT('',(2.84721818592,4.9075,-3.846345856617));
#4378 = CARTESIAN_POINT('',(2.8947620561,4.9075,-3.820933128559));
#4379 = CARTESIAN_POINT('',(2.930553720873,4.9075,-3.971066298462));
#4380 = CARTESIAN_POINT('',(2.952164570954,4.9075,-3.959515058436));
#4381 = ADVANCED_FACE('',(#4382),#4405,.T.);
#4382 = FACE_BOUND('',#4383,.T.);
#4383 = EDGE_LOOP('',(#4384,#4385,#4392,#4400));
#4384 = ORIENTED_EDGE('',*,*,#4301,.T.);
#4385 = ORIENTED_EDGE('',*,*,#4386,.T.);
#4386 = EDGE_CURVE('',#4295,#4387,#4389,.T.);
#4387 = VERTEX_POINT('',#4388);
#4388 = CARTESIAN_POINT('',(2.975613709748,12.960141912002,
    -3.95240183995));
#4389 = B_SPLINE_CURVE_WITH_KNOTS('',1,(#4390,#4391),.UNSPECIFIED.,.F.,
  .F.,(2,2),(0.,1.),.PIECEWISE_BEZIER_KNOTS.);
#4390 = CARTESIAN_POINT('',(2.952164570954,12.957397879904,
    -3.959515058436));
#4391 = CARTESIAN_POINT('',(2.975613709748,12.960141912002,
    -3.95240183995));
#4392 = ORIENTED_EDGE('',*,*,#4393,.F.);
#4393 = EDGE_CURVE('',#4394,#4387,#4396,.T.);
#4394 = VERTEX_POINT('',#4395);
#4395 = CARTESIAN_POINT('',(2.975613709748,4.9075,-3.95240183995));
#4396 = LINE('',#4397,#4398);
#4397 = CARTESIAN_POINT('',(2.975613709748,4.9075,-3.95240183995));
#4398 = VECTOR('',#4399,1.);
#4399 = DIRECTION('',(0.,1.,0.));
#4400 = ORIENTED_EDGE('',*,*,#4401,.F.);
#4401 = EDGE_CURVE('',#4302,#4394,#4402,.T.);
#4402 = B_SPLINE_CURVE_WITH_KNOTS('',1,(#4403,#4404),.UNSPECIFIED.,.F.,
  .F.,(2,2),(0.,1.),.PIECEWISE_BEZIER_KNOTS.);
#4403 = CARTESIAN_POINT('',(2.952164570954,4.9075,-3.959515058436));
#4404 = CARTESIAN_POINT('',(2.975613709748,4.9075,-3.95240183995));
#4405 = B_SPLINE_SURFACE_WITH_KNOTS('',1,1,(
    (#4406,#4407)
    ,(#4408,#4409
    )),.UNSPECIFIED.,.F.,.F.,.F.,(2,2),(2,2),(0.,8.052641912002),(0.,1.)
  ,.PIECEWISE_BEZIER_KNOTS.);
#4406 = CARTESIAN_POINT('',(2.952164570954,4.9075,-3.959515058436));
#4407 = CARTESIAN_POINT('',(2.975613709748,4.9075,-3.95240183995));
#4408 = CARTESIAN_POINT('',(2.952164570954,12.957397879904,
    -3.959515058436));
#4409 = CARTESIAN_POINT('',(2.975613709748,12.960141912002,
    -3.95240183995));
#4410 = ADVANCED_FACE('',(#4411),#4422,.T.);
#4411 = FACE_BOUND('',#4412,.T.);
#4412 = EDGE_LOOP('',(#4413,#4414,#4415,#4421));
#4413 = ORIENTED_EDGE('',*,*,#4324,.T.);
#4414 = ORIENTED_EDGE('',*,*,#4372,.T.);
#4415 = ORIENTED_EDGE('',*,*,#4416,.F.);
#4416 = EDGE_CURVE('',#4341,#4365,#4417,.T.);
#4417 = LINE('',#4418,#4419);
#4418 = CARTESIAN_POINT('',(2.8947620561,12.957397879904,-3.820933128559
    ));
#4419 = VECTOR('',#4420,1.);
#4420 = DIRECTION('',(0.,-1.,0.));
#4421 = ORIENTED_EDGE('',*,*,#4340,.F.);
#4422 = B_SPLINE_SURFACE_WITH_KNOTS('',1,1,(
    (#4423,#4424)
    ,(#4425,#4426
    )),.UNSPECIFIED.,.F.,.F.,.F.,(2,2),(2,2),(0.,8.049897879904),(0.,1.)
  ,.PIECEWISE_BEZIER_KNOTS.);
#4423 = CARTESIAN_POINT('',(2.84721818592,12.954653847807,
    -3.846345856617));
#4424 = CARTESIAN_POINT('',(2.8947620561,12.957397879904,-3.820933128559
    ));
#4425 = CARTESIAN_POINT('',(2.84721818592,4.9075,-3.846345856617));
#4426 = CARTESIAN_POINT('',(2.8947620561,4.9075,-3.820933128559));
#4427 = ADVANCED_FACE('',(#4428),#4445,.T.);
#4428 = FACE_BOUND('',#4429,.T.);
#4429 = EDGE_LOOP('',(#4430,#4431,#4438,#4444));
#4430 = ORIENTED_EDGE('',*,*,#4347,.T.);
#4431 = ORIENTED_EDGE('',*,*,#4432,.T.);
#4432 = EDGE_CURVE('',#4341,#4433,#4435,.T.);
#4433 = VERTEX_POINT('',#4434);
#4434 = CARTESIAN_POINT('',(2.946350161446,12.960141912002,
    -3.805284047889));
#4435 = B_SPLINE_CURVE_WITH_KNOTS('',1,(#4436,#4437),.UNSPECIFIED.,.F.,
  .F.,(2,2),(0.,1.),.PIECEWISE_BEZIER_KNOTS.);
#4436 = CARTESIAN_POINT('',(2.8947620561,12.957397879904,-3.820933128559
    ));
#4437 = CARTESIAN_POINT('',(2.946350161446,12.960141912002,
    -3.805284047889));
#4438 = ORIENTED_EDGE('',*,*,#4439,.F.);
#4439 = EDGE_CURVE('',#4387,#4433,#4440,.T.);
#4440 = LINE('',#4441,#4442);
#4441 = CARTESIAN_POINT('',(2.975613709748,12.960141912002,
    -3.95240183995));
#4442 = VECTOR('',#4443,1.);
#4443 = DIRECTION('',(-0.195090322016,0.,0.980785280403));
#4444 = ORIENTED_EDGE('',*,*,#4386,.F.);
#4445 = B_SPLINE_SURFACE_WITH_KNOTS('',1,1,(
    (#4446,#4447)
    ,(#4448,#4449
    )),.UNSPECIFIED.,.F.,.F.,.F.,(2,2),(2,2),(0.,0.15),(0.,1.),
  .PIECEWISE_BEZIER_KNOTS.);
#4446 = CARTESIAN_POINT('',(2.952164570954,12.957397879904,
    -3.959515058436));
#4447 = CARTESIAN_POINT('',(2.975613709748,12.960141912002,
    -3.95240183995));
#4448 = CARTESIAN_POINT('',(2.8947620561,12.957397879904,-3.820933128559
    ));
#4449 = CARTESIAN_POINT('',(2.946350161446,12.960141912002,
    -3.805284047889));
#4450 = ADVANCED_FACE('',(#4451),#4468,.T.);
#4451 = FACE_BOUND('',#4452,.T.);
#4452 = EDGE_LOOP('',(#4453,#4454,#4455,#4463));
#4453 = ORIENTED_EDGE('',*,*,#4364,.T.);
#4454 = ORIENTED_EDGE('',*,*,#4401,.T.);
#4455 = ORIENTED_EDGE('',*,*,#4456,.F.);
#4456 = EDGE_CURVE('',#4457,#4394,#4459,.T.);
#4457 = VERTEX_POINT('',#4458);
#4458 = CARTESIAN_POINT('',(2.946350161446,4.9075,-3.805284047889));
#4459 = LINE('',#4460,#4461);
#4460 = CARTESIAN_POINT('',(2.946350161446,4.9075,-3.805284047889));
#4461 = VECTOR('',#4462,1.);
#4462 = DIRECTION('',(0.195090322016,0.,-0.980785280403));
#4463 = ORIENTED_EDGE('',*,*,#4464,.F.);
#4464 = EDGE_CURVE('',#4365,#4457,#4465,.T.);
#4465 = B_SPLINE_CURVE_WITH_KNOTS('',1,(#4466,#4467),.UNSPECIFIED.,.F.,
  .F.,(2,2),(0.,1.),.PIECEWISE_BEZIER_KNOTS.);
#4466 = CARTESIAN_POINT('',(2.8947620561,4.9075,-3.820933128559));
#4467 = CARTESIAN_POINT('',(2.946350161446,4.9075,-3.805284047889));
#4468 = B_SPLINE_SURFACE_WITH_KNOTS('',1,1,(
    (#4469,#4470)
    ,(#4471,#4472
    )),.UNSPECIFIED.,.F.,.F.,.F.,(2,2),(2,2),(0.,0.15),(0.,1.),
  .PIECEWISE_BEZIER_KNOTS.);
#4469 = CARTESIAN_POINT('',(2.8947620561,4.9075,-3.820933128559));
#4470 = CARTESIAN_POINT('',(2.946350161446,4.9075,-3.805284047889));
#4471 = CARTESIAN_POINT('',(2.952164570954,4.9075,-3.959515058436));
#4472 = CARTESIAN_POINT('',(2.975613709748,4.9075,-3.95240183995));
#4473 = ADVANCED_FACE('',(#4474),#4497,.T.);
#4474 = FACE_BOUND('',#4475,.T.);
#4475 = EDGE_LOOP('',(#4476,#4477,#4484,#4492));
#4476 = ORIENTED_EDGE('',*,*,#4393,.T.);
#4477 = ORIENTED_EDGE('',*,*,#4478,.T.);
#4478 = EDGE_CURVE('',#4387,#4479,#4481,.T.);
#4479 = VERTEX_POINT('',#4480);
#4480 = CARTESIAN_POINT('',(3.,12.9628859441,-3.95));
#4481 = B_SPLINE_CURVE_WITH_KNOTS('',1,(#4482,#4483),.UNSPECIFIED.,.F.,
  .F.,(2,2),(0.,1.),.PIECEWISE_BEZIER_KNOTS.);
#4482 = CARTESIAN_POINT('',(2.975613709748,12.960141912002,
    -3.95240183995));
#4483 = CARTESIAN_POINT('',(3.,12.9628859441,-3.95));
#4484 = ORIENTED_EDGE('',*,*,#4485,.F.);
#4485 = EDGE_CURVE('',#4486,#4479,#4488,.T.);
#4486 = VERTEX_POINT('',#4487);
#4487 = CARTESIAN_POINT('',(3.,4.9075,-3.95));
#4488 = LINE('',#4489,#4490);
#4489 = CARTESIAN_POINT('',(3.,4.9075,-3.95));
#4490 = VECTOR('',#4491,1.);
#4491 = DIRECTION('',(0.,1.,0.));
#4492 = ORIENTED_EDGE('',*,*,#4493,.F.);
#4493 = EDGE_CURVE('',#4394,#4486,#4494,.T.);
#4494 = B_SPLINE_CURVE_WITH_KNOTS('',1,(#4495,#4496),.UNSPECIFIED.,.F.,
  .F.,(2,2),(0.,1.),.PIECEWISE_BEZIER_KNOTS.);
#4495 = CARTESIAN_POINT('',(2.975613709748,4.9075,-3.95240183995));
#4496 = CARTESIAN_POINT('',(3.,4.9075,-3.95));
#4497 = B_SPLINE_SURFACE_WITH_KNOTS('',1,1,(
    (#4498,#4499)
    ,(#4500,#4501
    )),.UNSPECIFIED.,.F.,.F.,.F.,(2,2),(2,2),(0.,8.0553859441),(0.,1.),
  .PIECEWISE_BEZIER_KNOTS.);
#4498 = CARTESIAN_POINT('',(2.975613709748,4.9075,-3.95240183995));
#4499 = CARTESIAN_POINT('',(3.,4.9075,-3.95));
#4500 = CARTESIAN_POINT('',(2.975613709748,12.960141912002,
    -3.95240183995));
#4501 = CARTESIAN_POINT('',(3.,12.9628859441,-3.95));
#4502 = ADVANCED_FACE('',(#4503),#4514,.T.);
#4503 = FACE_BOUND('',#4504,.T.);
#4504 = EDGE_LOOP('',(#4505,#4506,#4507,#4513));
#4505 = ORIENTED_EDGE('',*,*,#4416,.T.);
#4506 = ORIENTED_EDGE('',*,*,#4464,.T.);
#4507 = ORIENTED_EDGE('',*,*,#4508,.F.);
#4508 = EDGE_CURVE('',#4433,#4457,#4509,.T.);
#4509 = LINE('',#4510,#4511);
#4510 = CARTESIAN_POINT('',(2.946350161446,12.960141912002,
    -3.805284047889));
#4511 = VECTOR('',#4512,1.);
#4512 = DIRECTION('',(0.,-1.,0.));
#4513 = ORIENTED_EDGE('',*,*,#4432,.F.);
#4514 = B_SPLINE_SURFACE_WITH_KNOTS('',1,1,(
    (#4515,#4516)
    ,(#4517,#4518
    )),.UNSPECIFIED.,.F.,.F.,.F.,(2,2),(2,2),(0.,8.052641912002),(0.,1.)
  ,.PIECEWISE_BEZIER_KNOTS.);
#4515 = CARTESIAN_POINT('',(2.8947620561,12.957397879904,-3.820933128559
    ));
#4516 = CARTESIAN_POINT('',(2.946350161446,12.960141912002,
    -3.805284047889));
#4517 = CARTESIAN_POINT('',(2.8947620561,4.9075,-3.820933128559));
#4518 = CARTESIAN_POINT('',(2.946350161446,4.9075,-3.805284047889));
#4519 = ADVANCED_FACE('',(#4520),#4537,.T.);
#4520 = FACE_BOUND('',#4521,.T.);
#4521 = EDGE_LOOP('',(#4522,#4523,#4530,#4536));
#4522 = ORIENTED_EDGE('',*,*,#4439,.T.);
#4523 = ORIENTED_EDGE('',*,*,#4524,.T.);
#4524 = EDGE_CURVE('',#4433,#4525,#4527,.T.);
#4525 = VERTEX_POINT('',#4526);
#4526 = CARTESIAN_POINT('',(3.,12.9628859441,-3.8));
#4527 = B_SPLINE_CURVE_WITH_KNOTS('',1,(#4528,#4529),.UNSPECIFIED.,.F.,
  .F.,(2,2),(0.,1.),.PIECEWISE_BEZIER_KNOTS.);
#4528 = CARTESIAN_POINT('',(2.946350161446,12.960141912002,
    -3.805284047889));
#4529 = CARTESIAN_POINT('',(3.,12.9628859441,-3.8));
#4530 = ORIENTED_EDGE('',*,*,#4531,.F.);
#4531 = EDGE_CURVE('',#4479,#4525,#4532,.T.);
#4532 = LINE('',#4533,#4534);
#4533 = CARTESIAN_POINT('',(3.,12.9628859441,-3.95));
#4534 = VECTOR('',#4535,1.);
#4535 = DIRECTION('',(0.,0.,1.));
#4536 = ORIENTED_EDGE('',*,*,#4478,.F.);
#4537 = B_SPLINE_SURFACE_WITH_KNOTS('',1,1,(
    (#4538,#4539)
    ,(#4540,#4541
    )),.UNSPECIFIED.,.F.,.F.,.F.,(2,2),(2,2),(0.,0.15),(0.,1.),
  .PIECEWISE_BEZIER_KNOTS.);
#4538 = CARTESIAN_POINT('',(2.975613709748,12.960141912002,
    -3.95240183995));
#4539 = CARTESIAN_POINT('',(3.,12.9628859441,-3.95));
#4540 = CARTESIAN_POINT('',(2.946350161446,12.960141912002,
    -3.805284047889));
#4541 = CARTESIAN_POINT('',(3.,12.9628859441,-3.8));
#4542 = ADVANCED_FACE('',(#4543),#4560,.T.);
#4543 = FACE_BOUND('',#4544,.T.);
#4544 = EDGE_LOOP('',(#4545,#4546,#4547,#4555));
#4545 = ORIENTED_EDGE('',*,*,#4456,.T.);
#4546 = ORIENTED_EDGE('',*,*,#4493,.T.);
#4547 = ORIENTED_EDGE('',*,*,#4548,.F.);
#4548 = EDGE_CURVE('',#4549,#4486,#4551,.T.);
#4549 = VERTEX_POINT('',#4550);
#4550 = CARTESIAN_POINT('',(3.,4.9075,-3.8));
#4551 = LINE('',#4552,#4553);
#4552 = CARTESIAN_POINT('',(3.,4.9075,-3.8));
#4553 = VECTOR('',#4554,1.);
#4554 = DIRECTION('',(0.,0.,-1.));
#4555 = ORIENTED_EDGE('',*,*,#4556,.F.);
#4556 = EDGE_CURVE('',#4457,#4549,#4557,.T.);
#4557 = B_SPLINE_CURVE_WITH_KNOTS('',1,(#4558,#4559),.UNSPECIFIED.,.F.,
  .F.,(2,2),(0.,1.),.PIECEWISE_BEZIER_KNOTS.);
#4558 = CARTESIAN_POINT('',(2.946350161446,4.9075,-3.805284047889));
#4559 = CARTESIAN_POINT('',(3.,4.9075,-3.8));
#4560 = B_SPLINE_SURFACE_WITH_KNOTS('',1,1,(
    (#4561,#4562)
    ,(#4563,#4564
    )),.UNSPECIFIED.,.F.,.F.,.F.,(2,2),(2,2),(0.,0.15),(0.,1.),
  .PIECEWISE_BEZIER_KNOTS.);
#4561 = CARTESIAN_POINT('',(2.946350161446,4.9075,-3.805284047889));
#4562 = CARTESIAN_POINT('',(3.,4.9075,-3.8));
#4563 = CARTESIAN_POINT('',(2.975613709748,4.9075,-3.95240183995));
#4564 = CARTESIAN_POINT('',(3.,4.9075,-3.95));
#4565 = ADVANCED_FACE('',(#4566),#4671,.F.);
#4566 = FACE_BOUND('',#4567,.F.);
#4567 = EDGE_LOOP('',(#4568,#4576,#4584,#4592,#4600,#4608,#4616,#4624,
    #4632,#4640,#4648,#4656,#4664,#4670));
#4568 = ORIENTED_EDGE('',*,*,#4569,.T.);
#4569 = EDGE_CURVE('',#4486,#4570,#4572,.T.);
#4570 = VERTEX_POINT('',#4571);
#4571 = CARTESIAN_POINT('',(5.856681469282,4.9075,-3.95));
#4572 = LINE('',#4573,#4574);
#4573 = CARTESIAN_POINT('',(3.,4.9075,-3.95));
#4574 = VECTOR('',#4575,1.);
#4575 = DIRECTION('',(1.,0.,0.));
#4576 = ORIENTED_EDGE('',*,*,#4577,.T.);
#4577 = EDGE_CURVE('',#4570,#4578,#4580,.T.);
#4578 = VERTEX_POINT('',#4579);
#4579 = CARTESIAN_POINT('',(7.888681469282,4.5265,-3.95));
#4580 = LINE('',#4581,#4582);
#4581 = CARTESIAN_POINT('',(5.856681469282,4.9075,-3.95));
#4582 = VECTOR('',#4583,1.);
#4583 = DIRECTION('',(0.982872186934,-0.18428853505,0.));
#4584 = ORIENTED_EDGE('',*,*,#4585,.T.);
#4585 = EDGE_CURVE('',#4578,#4586,#4588,.T.);
#4586 = VERTEX_POINT('',#4587);
#4587 = CARTESIAN_POINT('',(27.192681469282,4.9075,-3.95));
#4588 = LINE('',#4589,#4590);
#4589 = CARTESIAN_POINT('',(7.888681469282,4.5265,-3.95));
#4590 = VECTOR('',#4591,1.);
#4591 = DIRECTION('',(0.999805285417,1.97329990543E-02,0.));
#4592 = ORIENTED_EDGE('',*,*,#4593,.T.);
#4593 = EDGE_CURVE('',#4586,#4594,#4596,.T.);
#4594 = VERTEX_POINT('',#4595);
#4595 = CARTESIAN_POINT('',(28.716681469282,8.4635,-3.95));
#4596 = LINE('',#4597,#4598);
#4597 = CARTESIAN_POINT('',(27.192681469282,4.9075,-3.95));
#4598 = VECTOR('',#4599,1.);
#4599 = DIRECTION('',(0.393919298579,0.919145030018,0.));
#4600 = ORIENTED_EDGE('',*,*,#4601,.T.);
#4601 = EDGE_CURVE('',#4594,#4602,#4604,.T.);
#4602 = VERTEX_POINT('',#4603);
#4603 = CARTESIAN_POINT('',(34.813362938564,8.499153108007,-3.95));
#4604 = LINE('',#4605,#4606);
#4605 = CARTESIAN_POINT('',(28.716681469282,8.4635,-3.95));
#4606 = VECTOR('',#4607,1.);
#4607 = DIRECTION('',(0.99998290116,5.84785322316E-03,0.));
#4608 = ORIENTED_EDGE('',*,*,#4609,.T.);
#4609 = EDGE_CURVE('',#4602,#4610,#4612,.T.);
#4610 = VERTEX_POINT('',#4611);
#4611 = CARTESIAN_POINT('',(34.813362938564,8.500071702351,-3.95));
#4612 = LINE('',#4613,#4614);
#4613 = CARTESIAN_POINT('',(34.813362938564,8.499153108007,-3.95));
#4614 = VECTOR('',#4615,1.);
#4615 = DIRECTION('',(0.,1.,0.));
#4616 = ORIENTED_EDGE('',*,*,#4617,.T.);
#4617 = EDGE_CURVE('',#4610,#4618,#4620,.T.);
#4618 = VERTEX_POINT('',#4619);
#4619 = CARTESIAN_POINT('',(34.813362938564,13.705410417949,-3.95));
#4620 = LINE('',#4621,#4622);
#4621 = CARTESIAN_POINT('',(34.813362938564,8.499153108007,-3.95));
#4622 = VECTOR('',#4623,1.);
#4623 = DIRECTION('',(0.,1.,0.));
#4624 = ORIENTED_EDGE('',*,*,#4625,.T.);
#4625 = EDGE_CURVE('',#4618,#4626,#4628,.T.);
#4626 = VERTEX_POINT('',#4627);
#4627 = CARTESIAN_POINT('',(28.843681469282,13.6705,-3.95));
#4628 = LINE('',#4629,#4630);
#4629 = CARTESIAN_POINT('',(34.813362938564,13.705410417949,-3.95));
#4630 = VECTOR('',#4631,1.);
#4631 = DIRECTION('',(-0.99998290116,-5.84785322316E-03,0.));
#4632 = ORIENTED_EDGE('',*,*,#4633,.T.);
#4633 = EDGE_CURVE('',#4626,#4634,#4636,.T.);
#4634 = VERTEX_POINT('',#4635);
#4635 = CARTESIAN_POINT('',(27.573681469282,13.4165,-3.95));
#4636 = LINE('',#4637,#4638);
#4637 = CARTESIAN_POINT('',(28.843681469282,13.6705,-3.95));
#4638 = VECTOR('',#4639,1.);
#4639 = DIRECTION('',(-0.980580675691,-0.196116135138,0.));
#4640 = ORIENTED_EDGE('',*,*,#4641,.T.);
#4641 = EDGE_CURVE('',#4634,#4642,#4644,.T.);
#4642 = VERTEX_POINT('',#4643);
#4643 = CARTESIAN_POINT('',(15.000681469282,13.2895,-3.95));
#4644 = LINE('',#4645,#4646);
#4645 = CARTESIAN_POINT('',(27.573681469282,13.4165,-3.95));
#4646 = VECTOR('',#4647,1.);
#4647 = DIRECTION('',(-0.999948988701,-1.010049483536E-02,0.));
#4648 = ORIENTED_EDGE('',*,*,#4649,.T.);
#4649 = EDGE_CURVE('',#4642,#4650,#4652,.T.);
#4650 = VERTEX_POINT('',#4651);
#4651 = CARTESIAN_POINT('',(8.142681469282,13.2895,-3.95));
#4652 = LINE('',#4653,#4654);
#4653 = CARTESIAN_POINT('',(15.000681469282,13.2895,-3.95));
#4654 = VECTOR('',#4655,1.);
#4655 = DIRECTION('',(-1.,0.,0.));
#4656 = ORIENTED_EDGE('',*,*,#4657,.T.);
#4657 = EDGE_CURVE('',#4650,#4658,#4660,.T.);
#4658 = VERTEX_POINT('',#4659);
#4659 = CARTESIAN_POINT('',(5.856681469282,13.1625,-3.95));
#4660 = LINE('',#4661,#4662);
#4661 = CARTESIAN_POINT('',(8.142681469282,13.2895,-3.95));
#4662 = VECTOR('',#4663,1.);
#4663 = DIRECTION('',(-0.998460353205,-5.547001962254E-02,0.));
#4664 = ORIENTED_EDGE('',*,*,#4665,.T.);
#4665 = EDGE_CURVE('',#4658,#4479,#4666,.T.);
#4666 = LINE('',#4667,#4668);
#4667 = CARTESIAN_POINT('',(5.856681469282,13.1625,-3.95));
#4668 = VECTOR('',#4669,1.);
#4669 = DIRECTION('',(-0.99756756209,-6.970623404978E-02,0.));
#4670 = ORIENTED_EDGE('',*,*,#4485,.F.);
#4671 = PLANE('',#4672);
#4672 = AXIS2_PLACEMENT_3D('',#4673,#4674,#4675);
#4673 = CARTESIAN_POINT('',(18.598515808904,9.433700015631,-3.95));
#4674 = DIRECTION('',(0.,0.,1.));
#4675 = DIRECTION('',(1.,0.,-0.));
#4676 = ADVANCED_FACE('',(#4677),#4688,.T.);
#4677 = FACE_BOUND('',#4678,.T.);
#4678 = EDGE_LOOP('',(#4679,#4680,#4681,#4687));
#4679 = ORIENTED_EDGE('',*,*,#4508,.T.);
#4680 = ORIENTED_EDGE('',*,*,#4556,.T.);
#4681 = ORIENTED_EDGE('',*,*,#4682,.F.);
#4682 = EDGE_CURVE('',#4525,#4549,#4683,.T.);
#4683 = LINE('',#4684,#4685);
#4684 = CARTESIAN_POINT('',(3.,12.9628859441,-3.8));
#4685 = VECTOR('',#4686,1.);
#4686 = DIRECTION('',(0.,-1.,0.));
#4687 = ORIENTED_EDGE('',*,*,#4524,.F.);
#4688 = B_SPLINE_SURFACE_WITH_KNOTS('',1,1,(
    (#4689,#4690)
    ,(#4691,#4692
    )),.UNSPECIFIED.,.F.,.F.,.F.,(2,2),(2,2),(0.,8.0553859441),(0.,1.),
  .PIECEWISE_BEZIER_KNOTS.);
#4689 = CARTESIAN_POINT('',(2.946350161446,12.960141912002,
    -3.805284047889));
#4690 = CARTESIAN_POINT('',(3.,12.9628859441,-3.8));
#4691 = CARTESIAN_POINT('',(2.946350161446,4.9075,-3.805284047889));
#4692 = CARTESIAN_POINT('',(3.,4.9075,-3.8));
#4693 = ADVANCED_FACE('',(#4694),#4712,.F.);
#4694 = FACE_BOUND('',#4695,.F.);
#4695 = EDGE_LOOP('',(#4696,#4704,#4710,#4711));
#4696 = ORIENTED_EDGE('',*,*,#4697,.T.);
#4697 = EDGE_CURVE('',#4658,#4698,#4700,.T.);
#4698 = VERTEX_POINT('',#4699);
#4699 = CARTESIAN_POINT('',(5.856681469282,13.1625,-3.8));
#4700 = LINE('',#4701,#4702);
#4701 = CARTESIAN_POINT('',(5.856681469282,13.1625,-3.95));
#4702 = VECTOR('',#4703,1.);
#4703 = DIRECTION('',(0.,0.,1.));
#4704 = ORIENTED_EDGE('',*,*,#4705,.T.);
#4705 = EDGE_CURVE('',#4698,#4525,#4706,.T.);
#4706 = LINE('',#4707,#4708);
#4707 = CARTESIAN_POINT('',(5.856681469282,13.1625,-3.8));
#4708 = VECTOR('',#4709,1.);
#4709 = DIRECTION('',(-0.99756756209,-6.970623404978E-02,0.));
#4710 = ORIENTED_EDGE('',*,*,#4531,.F.);
#4711 = ORIENTED_EDGE('',*,*,#4665,.F.);
#4712 = PLANE('',#4713);
#4713 = AXIS2_PLACEMENT_3D('',#4714,#4715,#4716);
#4714 = CARTESIAN_POINT('',(5.856681469282,13.1625,-3.95));
#4715 = DIRECTION('',(6.970623404978E-02,-0.99756756209,0.));
#4716 = DIRECTION('',(-0.99756756209,-6.970623404978E-02,0.));
#4717 = ADVANCED_FACE('',(#4718),#4736,.F.);
#4718 = FACE_BOUND('',#4719,.F.);
#4719 = EDGE_LOOP('',(#4720,#4721,#4729,#4735));
#4720 = ORIENTED_EDGE('',*,*,#4548,.F.);
#4721 = ORIENTED_EDGE('',*,*,#4722,.T.);
#4722 = EDGE_CURVE('',#4549,#4723,#4725,.T.);
#4723 = VERTEX_POINT('',#4724);
#4724 = CARTESIAN_POINT('',(5.856681469282,4.9075,-3.8));
#4725 = LINE('',#4726,#4727);
#4726 = CARTESIAN_POINT('',(3.,4.9075,-3.8));
#4727 = VECTOR('',#4728,1.);
#4728 = DIRECTION('',(1.,0.,0.));
#4729 = ORIENTED_EDGE('',*,*,#4730,.F.);
#4730 = EDGE_CURVE('',#4570,#4723,#4731,.T.);
#4731 = LINE('',#4732,#4733);
#4732 = CARTESIAN_POINT('',(5.856681469282,4.9075,-3.95));
#4733 = VECTOR('',#4734,1.);
#4734 = DIRECTION('',(0.,0.,1.));
#4735 = ORIENTED_EDGE('',*,*,#4569,.F.);
#4736 = PLANE('',#4737);
#4737 = AXIS2_PLACEMENT_3D('',#4738,#4739,#4740);
#4738 = CARTESIAN_POINT('',(3.,4.9075,-3.95));
#4739 = DIRECTION('',(0.,1.,0.));
#4740 = DIRECTION('',(1.,0.,0.));
#4741 = ADVANCED_FACE('',(#4742),#4760,.F.);
#4742 = FACE_BOUND('',#4743,.F.);
#4743 = EDGE_LOOP('',(#4744,#4745,#4753,#4759));
#4744 = ORIENTED_EDGE('',*,*,#4730,.T.);
#4745 = ORIENTED_EDGE('',*,*,#4746,.T.);
#4746 = EDGE_CURVE('',#4723,#4747,#4749,.T.);
#4747 = VERTEX_POINT('',#4748);
#4748 = CARTESIAN_POINT('',(7.888681469282,4.5265,-3.8));
#4749 = LINE('',#4750,#4751);
#4750 = CARTESIAN_POINT('',(5.856681469282,4.9075,-3.8));
#4751 = VECTOR('',#4752,1.);
#4752 = DIRECTION('',(0.982872186934,-0.18428853505,0.));
#4753 = ORIENTED_EDGE('',*,*,#4754,.F.);
#4754 = EDGE_CURVE('',#4578,#4747,#4755,.T.);
#4755 = LINE('',#4756,#4757);
#4756 = CARTESIAN_POINT('',(7.888681469282,4.5265,-3.95));
#4757 = VECTOR('',#4758,1.);
#4758 = DIRECTION('',(0.,0.,1.));
#4759 = ORIENTED_EDGE('',*,*,#4577,.F.);
#4760 = PLANE('',#4761);
#4761 = AXIS2_PLACEMENT_3D('',#4762,#4763,#4764);
#4762 = CARTESIAN_POINT('',(5.856681469282,4.9075,-3.95));
#4763 = DIRECTION('',(0.18428853505,0.982872186934,0.));
#4764 = DIRECTION('',(0.982872186934,-0.18428853505,0.));
#4765 = ADVANCED_FACE('',(#4766),#4784,.F.);
#4766 = FACE_BOUND('',#4767,.F.);
#4767 = EDGE_LOOP('',(#4768,#4769,#4777,#4783));
#4768 = ORIENTED_EDGE('',*,*,#4754,.T.);
#4769 = ORIENTED_EDGE('',*,*,#4770,.T.);
#4770 = EDGE_CURVE('',#4747,#4771,#4773,.T.);
#4771 = VERTEX_POINT('',#4772);
#4772 = CARTESIAN_POINT('',(27.192681469282,4.9075,-3.8));
#4773 = LINE('',#4774,#4775);
#4774 = CARTESIAN_POINT('',(7.888681469282,4.5265,-3.8));
#4775 = VECTOR('',#4776,1.);
#4776 = DIRECTION('',(0.999805285417,1.97329990543E-02,0.));
#4777 = ORIENTED_EDGE('',*,*,#4778,.F.);
#4778 = EDGE_CURVE('',#4586,#4771,#4779,.T.);
#4779 = LINE('',#4780,#4781);
#4780 = CARTESIAN_POINT('',(27.192681469282,4.9075,-3.95));
#4781 = VECTOR('',#4782,1.);
#4782 = DIRECTION('',(0.,0.,1.));
#4783 = ORIENTED_EDGE('',*,*,#4585,.F.);
#4784 = PLANE('',#4785);
#4785 = AXIS2_PLACEMENT_3D('',#4786,#4787,#4788);
#4786 = CARTESIAN_POINT('',(7.888681469282,4.5265,-3.95));
#4787 = DIRECTION('',(-1.97329990543E-02,0.999805285417,0.));
#4788 = DIRECTION('',(0.999805285417,1.97329990543E-02,0.));
#4789 = ADVANCED_FACE('',(#4790),#4808,.F.);
#4790 = FACE_BOUND('',#4791,.F.);
#4791 = EDGE_LOOP('',(#4792,#4793,#4801,#4807));
#4792 = ORIENTED_EDGE('',*,*,#4778,.T.);
#4793 = ORIENTED_EDGE('',*,*,#4794,.T.);
#4794 = EDGE_CURVE('',#4771,#4795,#4797,.T.);
#4795 = VERTEX_POINT('',#4796);
#4796 = CARTESIAN_POINT('',(28.716681469282,8.4635,-3.8));
#4797 = LINE('',#4798,#4799);
#4798 = CARTESIAN_POINT('',(27.192681469282,4.9075,-3.8));
#4799 = VECTOR('',#4800,1.);
#4800 = DIRECTION('',(0.393919298579,0.919145030018,0.));
#4801 = ORIENTED_EDGE('',*,*,#4802,.F.);
#4802 = EDGE_CURVE('',#4594,#4795,#4803,.T.);
#4803 = LINE('',#4804,#4805);
#4804 = CARTESIAN_POINT('',(28.716681469282,8.4635,-3.95));
#4805 = VECTOR('',#4806,1.);
#4806 = DIRECTION('',(0.,0.,1.));
#4807 = ORIENTED_EDGE('',*,*,#4593,.F.);
#4808 = PLANE('',#4809);
#4809 = AXIS2_PLACEMENT_3D('',#4810,#4811,#4812);
#4810 = CARTESIAN_POINT('',(27.192681469282,4.9075,-3.95));
#4811 = DIRECTION('',(-0.919145030018,0.393919298579,0.));
#4812 = DIRECTION('',(0.393919298579,0.919145030018,0.));
#4813 = ADVANCED_FACE('',(#4814),#4832,.F.);
#4814 = FACE_BOUND('',#4815,.F.);
#4815 = EDGE_LOOP('',(#4816,#4817,#4825,#4831));
#4816 = ORIENTED_EDGE('',*,*,#4802,.T.);
#4817 = ORIENTED_EDGE('',*,*,#4818,.T.);
#4818 = EDGE_CURVE('',#4795,#4819,#4821,.T.);
#4819 = VERTEX_POINT('',#4820);
#4820 = CARTESIAN_POINT('',(34.813362938564,8.499153108007,-3.8));
#4821 = LINE('',#4822,#4823);
#4822 = CARTESIAN_POINT('',(28.716681469282,8.4635,-3.8));
#4823 = VECTOR('',#4824,1.);
#4824 = DIRECTION('',(0.99998290116,5.84785322316E-03,0.));
#4825 = ORIENTED_EDGE('',*,*,#4826,.F.);
#4826 = EDGE_CURVE('',#4602,#4819,#4827,.T.);
#4827 = LINE('',#4828,#4829);
#4828 = CARTESIAN_POINT('',(34.813362938564,8.499153108007,-3.95));
#4829 = VECTOR('',#4830,1.);
#4830 = DIRECTION('',(0.,0.,1.));
#4831 = ORIENTED_EDGE('',*,*,#4601,.F.);
#4832 = PLANE('',#4833);
#4833 = AXIS2_PLACEMENT_3D('',#4834,#4835,#4836);
#4834 = CARTESIAN_POINT('',(28.716681469282,8.4635,-3.95));
#4835 = DIRECTION('',(-5.84785322316E-03,0.99998290116,0.));
#4836 = DIRECTION('',(0.99998290116,5.84785322316E-03,0.));
#4837 = ADVANCED_FACE('',(#4838),#4856,.F.);
#4838 = FACE_BOUND('',#4839,.F.);
#4839 = EDGE_LOOP('',(#4840,#4841,#4842,#4850));
#4840 = ORIENTED_EDGE('',*,*,#4609,.F.);
#4841 = ORIENTED_EDGE('',*,*,#4826,.T.);
#4842 = ORIENTED_EDGE('',*,*,#4843,.T.);
#4843 = EDGE_CURVE('',#4819,#4844,#4846,.T.);
#4844 = VERTEX_POINT('',#4845);
#4845 = CARTESIAN_POINT('',(34.813362938564,8.500071702351,-3.8));
#4846 = LINE('',#4847,#4848);
#4847 = CARTESIAN_POINT('',(34.813362938564,8.499153108007,-3.8));
#4848 = VECTOR('',#4849,1.);
#4849 = DIRECTION('',(0.,1.,0.));
#4850 = ORIENTED_EDGE('',*,*,#4851,.T.);
#4851 = EDGE_CURVE('',#4844,#4610,#4852,.T.);
#4852 = LINE('',#4853,#4854);
#4853 = CARTESIAN_POINT('',(34.813362938564,8.500071702351,-3.8));
#4854 = VECTOR('',#4855,1.);
#4855 = DIRECTION('',(0.,0.,-1.));
#4856 = PLANE('',#4857);
#4857 = AXIS2_PLACEMENT_3D('',#4858,#4859,#4860);
#4858 = CARTESIAN_POINT('',(34.813362938564,8.499153108007,-3.95));
#4859 = DIRECTION('',(-1.,0.,0.));
#4860 = DIRECTION('',(0.,1.,0.));
#4861 = ADVANCED_FACE('',(#4862),#4905,.T.);
#4862 = FACE_BOUND('',#4863,.T.);
#4863 = EDGE_LOOP('',(#4864,#4865,#4873,#4882,#4890,#4898));
#4864 = ORIENTED_EDGE('',*,*,#4617,.T.);
#4865 = ORIENTED_EDGE('',*,*,#4866,.T.);
#4866 = EDGE_CURVE('',#4618,#4867,#4869,.T.);
#4867 = VERTEX_POINT('',#4868);
#4868 = CARTESIAN_POINT('',(34.813362938564,13.706329012292,-3.95));
#4869 = LINE('',#4870,#4871);
#4870 = CARTESIAN_POINT('',(34.813362938564,8.500071702351,-3.95));
#4871 = VECTOR('',#4872,1.);
#4872 = DIRECTION('',(0.,1.,0.));
#4873 = ORIENTED_EDGE('',*,*,#4874,.T.);
#4874 = EDGE_CURVE('',#4867,#4875,#4877,.T.);
#4875 = VERTEX_POINT('',#4876);
#4876 = CARTESIAN_POINT('',(35.088362938564,13.706329012292,-3.675));
#4877 = CIRCLE('',#4878,0.275);
#4878 = AXIS2_PLACEMENT_3D('',#4879,#4880,#4881);
#4879 = CARTESIAN_POINT('',(34.813362938564,13.706329012292,-3.675));
#4880 = DIRECTION('',(0.,-1.,0.));
#4881 = DIRECTION('',(2.584E-14,0.,-1.));
#4882 = ORIENTED_EDGE('',*,*,#4883,.F.);
#4883 = EDGE_CURVE('',#4884,#4875,#4886,.T.);
#4884 = VERTEX_POINT('',#4885);
#4885 = CARTESIAN_POINT('',(35.088362938564,8.500990296694,-3.675));
#4886 = LINE('',#4887,#4888);
#4887 = CARTESIAN_POINT('',(35.088362938564,8.500071702351,-3.675));
#4888 = VECTOR('',#4889,1.);
#4889 = DIRECTION('',(0.,1.,0.));
#4890 = ORIENTED_EDGE('',*,*,#4891,.F.);
#4891 = EDGE_CURVE('',#4892,#4884,#4894,.T.);
#4892 = VERTEX_POINT('',#4893);
#4893 = CARTESIAN_POINT('',(35.088362938564,8.500071702351,-3.675));
#4894 = LINE('',#4895,#4896);
#4895 = CARTESIAN_POINT('',(35.088362938564,8.500071702351,-3.675));
#4896 = VECTOR('',#4897,1.);
#4897 = DIRECTION('',(0.,1.,0.));
#4898 = ORIENTED_EDGE('',*,*,#4899,.F.);
#4899 = EDGE_CURVE('',#4610,#4892,#4900,.T.);
#4900 = CIRCLE('',#4901,0.275);
#4901 = AXIS2_PLACEMENT_3D('',#4902,#4903,#4904);
#4902 = CARTESIAN_POINT('',(34.813362938564,8.500071702351,-3.675));
#4903 = DIRECTION('',(0.,-1.,0.));
#4904 = DIRECTION('',(2.584E-14,0.,-1.));
#4905 = CYLINDRICAL_SURFACE('',#4906,0.275);
#4906 = AXIS2_PLACEMENT_3D('',#4907,#4908,#4909);
#4907 = CARTESIAN_POINT('',(34.813362938564,8.500071702351,-3.675));
#4908 = DIRECTION('',(0.,-1.,0.));
#4909 = DIRECTION('',(2.584E-14,0.,-1.));
#4910 = ADVANCED_FACE('',(#4911),#4936,.F.);
#4911 = FACE_BOUND('',#4912,.F.);
#4912 = EDGE_LOOP('',(#4913,#4921,#4929,#4935));
#4913 = ORIENTED_EDGE('',*,*,#4914,.T.);
#4914 = EDGE_CURVE('',#4618,#4915,#4917,.T.);
#4915 = VERTEX_POINT('',#4916);
#4916 = CARTESIAN_POINT('',(34.813362938564,13.705410417949,-3.8));
#4917 = LINE('',#4918,#4919);
#4918 = CARTESIAN_POINT('',(34.813362938564,13.705410417949,-3.95));
#4919 = VECTOR('',#4920,1.);
#4920 = DIRECTION('',(0.,0.,1.));
#4921 = ORIENTED_EDGE('',*,*,#4922,.T.);
#4922 = EDGE_CURVE('',#4915,#4923,#4925,.T.);
#4923 = VERTEX_POINT('',#4924);
#4924 = CARTESIAN_POINT('',(28.843681469282,13.6705,-3.8));
#4925 = LINE('',#4926,#4927);
#4926 = CARTESIAN_POINT('',(34.813362938564,13.705410417949,-3.8));
#4927 = VECTOR('',#4928,1.);
#4928 = DIRECTION('',(-0.99998290116,-5.84785322316E-03,0.));
#4929 = ORIENTED_EDGE('',*,*,#4930,.F.);
#4930 = EDGE_CURVE('',#4626,#4923,#4931,.T.);
#4931 = LINE('',#4932,#4933);
#4932 = CARTESIAN_POINT('',(28.843681469282,13.6705,-3.95));
#4933 = VECTOR('',#4934,1.);
#4934 = DIRECTION('',(0.,0.,1.));
#4935 = ORIENTED_EDGE('',*,*,#4625,.F.);
#4936 = PLANE('',#4937);
#4937 = AXIS2_PLACEMENT_3D('',#4938,#4939,#4940);
#4938 = CARTESIAN_POINT('',(34.813362938564,13.705410417949,-3.95));
#4939 = DIRECTION('',(5.84785322316E-03,-0.99998290116,0.));
#4940 = DIRECTION('',(-0.99998290116,-5.84785322316E-03,0.));
#4941 = ADVANCED_FACE('',(#4942),#4960,.F.);
#4942 = FACE_BOUND('',#4943,.F.);
#4943 = EDGE_LOOP('',(#4944,#4945,#4953,#4959));
#4944 = ORIENTED_EDGE('',*,*,#4930,.T.);
#4945 = ORIENTED_EDGE('',*,*,#4946,.T.);
#4946 = EDGE_CURVE('',#4923,#4947,#4949,.T.);
#4947 = VERTEX_POINT('',#4948);
#4948 = CARTESIAN_POINT('',(27.573681469282,13.4165,-3.8));
#4949 = LINE('',#4950,#4951);
#4950 = CARTESIAN_POINT('',(28.843681469282,13.6705,-3.8));
#4951 = VECTOR('',#4952,1.);
#4952 = DIRECTION('',(-0.980580675691,-0.196116135138,0.));
#4953 = ORIENTED_EDGE('',*,*,#4954,.F.);
#4954 = EDGE_CURVE('',#4634,#4947,#4955,.T.);
#4955 = LINE('',#4956,#4957);
#4956 = CARTESIAN_POINT('',(27.573681469282,13.4165,-3.95));
#4957 = VECTOR('',#4958,1.);
#4958 = DIRECTION('',(0.,0.,1.));
#4959 = ORIENTED_EDGE('',*,*,#4633,.F.);
#4960 = PLANE('',#4961);
#4961 = AXIS2_PLACEMENT_3D('',#4962,#4963,#4964);
#4962 = CARTESIAN_POINT('',(28.843681469282,13.6705,-3.95));
#4963 = DIRECTION('',(0.196116135138,-0.980580675691,0.));
#4964 = DIRECTION('',(-0.980580675691,-0.196116135138,0.));
#4965 = ADVANCED_FACE('',(#4966),#4984,.F.);
#4966 = FACE_BOUND('',#4967,.F.);
#4967 = EDGE_LOOP('',(#4968,#4969,#4977,#4983));
#4968 = ORIENTED_EDGE('',*,*,#4954,.T.);
#4969 = ORIENTED_EDGE('',*,*,#4970,.T.);
#4970 = EDGE_CURVE('',#4947,#4971,#4973,.T.);
#4971 = VERTEX_POINT('',#4972);
#4972 = CARTESIAN_POINT('',(15.000681469282,13.2895,-3.8));
#4973 = LINE('',#4974,#4975);
#4974 = CARTESIAN_POINT('',(27.573681469282,13.4165,-3.8));
#4975 = VECTOR('',#4976,1.);
#4976 = DIRECTION('',(-0.999948988701,-1.010049483536E-02,0.));
#4977 = ORIENTED_EDGE('',*,*,#4978,.F.);
#4978 = EDGE_CURVE('',#4642,#4971,#4979,.T.);
#4979 = LINE('',#4980,#4981);
#4980 = CARTESIAN_POINT('',(15.000681469282,13.2895,-3.95));
#4981 = VECTOR('',#4982,1.);
#4982 = DIRECTION('',(0.,0.,1.));
#4983 = ORIENTED_EDGE('',*,*,#4641,.F.);
#4984 = PLANE('',#4985);
#4985 = AXIS2_PLACEMENT_3D('',#4986,#4987,#4988);
#4986 = CARTESIAN_POINT('',(27.573681469282,13.4165,-3.95));
#4987 = DIRECTION('',(1.010049483536E-02,-0.999948988701,0.));
#4988 = DIRECTION('',(-0.999948988701,-1.010049483536E-02,0.));
#4989 = ADVANCED_FACE('',(#4990),#5008,.F.);
#4990 = FACE_BOUND('',#4991,.F.);
#4991 = EDGE_LOOP('',(#4992,#4993,#5001,#5007));
#4992 = ORIENTED_EDGE('',*,*,#4978,.T.);
#4993 = ORIENTED_EDGE('',*,*,#4994,.T.);
#4994 = EDGE_CURVE('',#4971,#4995,#4997,.T.);
#4995 = VERTEX_POINT('',#4996);
#4996 = CARTESIAN_POINT('',(8.142681469282,13.2895,-3.8));
#4997 = LINE('',#4998,#4999);
#4998 = CARTESIAN_POINT('',(15.000681469282,13.2895,-3.8));
#4999 = VECTOR('',#5000,1.);
#5000 = DIRECTION('',(-1.,0.,0.));
#5001 = ORIENTED_EDGE('',*,*,#5002,.F.);
#5002 = EDGE_CURVE('',#4650,#4995,#5003,.T.);
#5003 = LINE('',#5004,#5005);
#5004 = CARTESIAN_POINT('',(8.142681469282,13.2895,-3.95));
#5005 = VECTOR('',#5006,1.);
#5006 = DIRECTION('',(0.,0.,1.));
#5007 = ORIENTED_EDGE('',*,*,#4649,.F.);
#5008 = PLANE('',#5009);
#5009 = AXIS2_PLACEMENT_3D('',#5010,#5011,#5012);
#5010 = CARTESIAN_POINT('',(15.000681469282,13.2895,-3.95));
#5011 = DIRECTION('',(0.,-1.,0.));
#5012 = DIRECTION('',(-1.,0.,0.));
#5013 = ADVANCED_FACE('',(#5014),#5025,.F.);
#5014 = FACE_BOUND('',#5015,.F.);
#5015 = EDGE_LOOP('',(#5016,#5017,#5023,#5024));
#5016 = ORIENTED_EDGE('',*,*,#5002,.T.);
#5017 = ORIENTED_EDGE('',*,*,#5018,.T.);
#5018 = EDGE_CURVE('',#4995,#4698,#5019,.T.);
#5019 = LINE('',#5020,#5021);
#5020 = CARTESIAN_POINT('',(8.142681469282,13.2895,-3.8));
#5021 = VECTOR('',#5022,1.);
#5022 = DIRECTION('',(-0.998460353205,-5.547001962254E-02,0.));
#5023 = ORIENTED_EDGE('',*,*,#4697,.F.);
#5024 = ORIENTED_EDGE('',*,*,#4657,.F.);
#5025 = PLANE('',#5026);
#5026 = AXIS2_PLACEMENT_3D('',#5027,#5028,#5029);
#5027 = CARTESIAN_POINT('',(8.142681469282,13.2895,-3.95));
#5028 = DIRECTION('',(5.547001962254E-02,-0.998460353205,0.));
#5029 = DIRECTION('',(-0.998460353205,-5.547001962254E-02,0.));
#5030 = ADVANCED_FACE('',(#5031),#5052,.T.);
#5031 = FACE_BOUND('',#5032,.T.);
#5032 = EDGE_LOOP('',(#5033,#5034,#5035,#5036,#5037,#5038,#5039,#5045,
    #5046,#5047,#5048,#5049,#5050,#5051));
#5033 = ORIENTED_EDGE('',*,*,#4722,.T.);
#5034 = ORIENTED_EDGE('',*,*,#4746,.T.);
#5035 = ORIENTED_EDGE('',*,*,#4770,.T.);
#5036 = ORIENTED_EDGE('',*,*,#4794,.T.);
#5037 = ORIENTED_EDGE('',*,*,#4818,.T.);
#5038 = ORIENTED_EDGE('',*,*,#4843,.T.);
#5039 = ORIENTED_EDGE('',*,*,#5040,.T.);
#5040 = EDGE_CURVE('',#4844,#4915,#5041,.T.);
#5041 = LINE('',#5042,#5043);
#5042 = CARTESIAN_POINT('',(34.813362938564,8.499153108007,-3.8));
#5043 = VECTOR('',#5044,1.);
#5044 = DIRECTION('',(0.,1.,0.));
#5045 = ORIENTED_EDGE('',*,*,#4922,.T.);
#5046 = ORIENTED_EDGE('',*,*,#4946,.T.);
#5047 = ORIENTED_EDGE('',*,*,#4970,.T.);
#5048 = ORIENTED_EDGE('',*,*,#4994,.T.);
#5049 = ORIENTED_EDGE('',*,*,#5018,.T.);
#5050 = ORIENTED_EDGE('',*,*,#4705,.T.);
#5051 = ORIENTED_EDGE('',*,*,#4682,.T.);
#5052 = PLANE('',#5053);
#5053 = AXIS2_PLACEMENT_3D('',#5054,#5055,#5056);
#5054 = CARTESIAN_POINT('',(18.598515808904,9.433700015631,-3.8));
#5055 = DIRECTION('',(0.,0.,1.));
#5056 = DIRECTION('',(1.,0.,-0.));
#5057 = ADVANCED_FACE('',(#5058),#5077,.T.);
#5058 = FACE_BOUND('',#5059,.T.);
#5059 = EDGE_LOOP('',(#5060,#5061,#5069,#5076));
#5060 = ORIENTED_EDGE('',*,*,#4899,.T.);
#5061 = ORIENTED_EDGE('',*,*,#5062,.T.);
#5062 = EDGE_CURVE('',#4892,#5063,#5065,.T.);
#5063 = VERTEX_POINT('',#5064);
#5064 = CARTESIAN_POINT('',(34.938362938564,8.500071702351,-3.675));
#5065 = LINE('',#5066,#5067);
#5066 = CARTESIAN_POINT('',(35.088362938564,8.500071702351,-3.675));
#5067 = VECTOR('',#5068,1.);
#5068 = DIRECTION('',(-1.,0.,-1.184E-14));
#5069 = ORIENTED_EDGE('',*,*,#5070,.T.);
#5070 = EDGE_CURVE('',#5063,#4844,#5071,.T.);
#5071 = CIRCLE('',#5072,0.125);
#5072 = AXIS2_PLACEMENT_3D('',#5073,#5074,#5075);
#5073 = CARTESIAN_POINT('',(34.813362938564,8.500071702351,-3.675));
#5074 = DIRECTION('',(-0.,1.,0.));
#5075 = DIRECTION('',(1.,0.,1.421E-14));
#5076 = ORIENTED_EDGE('',*,*,#4851,.T.);
#5077 = PLANE('',#5078);
#5078 = AXIS2_PLACEMENT_3D('',#5079,#5080,#5081);
#5079 = CARTESIAN_POINT('',(34.941614273358,8.500071702351,
    -3.803251334794));
#5080 = DIRECTION('',(-0.,-1.,-0.));
#5081 = DIRECTION('',(0.,0.,-1.));
#5082 = ADVANCED_FACE('',(#5083),#5101,.T.);
#5083 = FACE_BOUND('',#5084,.T.);
#5084 = EDGE_LOOP('',(#5085,#5086,#5094,#5100));
#5085 = ORIENTED_EDGE('',*,*,#4914,.T.);
#5086 = ORIENTED_EDGE('',*,*,#5087,.T.);
#5087 = EDGE_CURVE('',#4915,#5088,#5090,.T.);
#5088 = VERTEX_POINT('',#5089);
#5089 = CARTESIAN_POINT('',(34.813362938564,13.706329012292,-3.8));
#5090 = LINE('',#5091,#5092);
#5091 = CARTESIAN_POINT('',(34.813362938564,8.500071702351,-3.8));
#5092 = VECTOR('',#5093,1.);
#5093 = DIRECTION('',(0.,1.,0.));
#5094 = ORIENTED_EDGE('',*,*,#5095,.T.);
#5095 = EDGE_CURVE('',#5088,#4867,#5096,.T.);
#5096 = LINE('',#5097,#5098);
#5097 = CARTESIAN_POINT('',(34.813362938564,13.706329012292,-3.8));
#5098 = VECTOR('',#5099,1.);
#5099 = DIRECTION('',(0.,0.,-1.));
#5100 = ORIENTED_EDGE('',*,*,#4866,.F.);
#5101 = PLANE('',#5102);
#5102 = AXIS2_PLACEMENT_3D('',#5103,#5104,#5105);
#5103 = CARTESIAN_POINT('',(34.813362938564,8.500071702351,-3.8));
#5104 = DIRECTION('',(-1.,0.,0.));
#5105 = DIRECTION('',(0.,0.,-1.));
#5106 = ADVANCED_FACE('',(#5107),#5125,.T.);
#5107 = FACE_BOUND('',#5108,.T.);
#5108 = EDGE_LOOP('',(#5109,#5110,#5111,#5119));
#5109 = ORIENTED_EDGE('',*,*,#5062,.F.);
#5110 = ORIENTED_EDGE('',*,*,#4891,.T.);
#5111 = ORIENTED_EDGE('',*,*,#5112,.T.);
#5112 = EDGE_CURVE('',#4884,#5113,#5115,.T.);
#5113 = VERTEX_POINT('',#5114);
#5114 = CARTESIAN_POINT('',(34.938362938564,8.500990296694,-3.675));
#5115 = LINE('',#5116,#5117);
#5116 = CARTESIAN_POINT('',(35.088362938564,8.500990296694,-3.675));
#5117 = VECTOR('',#5118,1.);
#5118 = DIRECTION('',(-1.,0.,6.E-17));
#5119 = ORIENTED_EDGE('',*,*,#5120,.F.);
#5120 = EDGE_CURVE('',#5063,#5113,#5121,.T.);
#5121 = LINE('',#5122,#5123);
#5122 = CARTESIAN_POINT('',(34.938362938564,8.500071702351,-3.675));
#5123 = VECTOR('',#5124,1.);
#5124 = DIRECTION('',(0.,1.,0.));
#5125 = PLANE('',#5126);
#5126 = AXIS2_PLACEMENT_3D('',#5127,#5128,#5129);
#5127 = CARTESIAN_POINT('',(35.088362938564,8.500071702351,-3.675));
#5128 = DIRECTION('',(-1.184E-14,0.,1.));
#5129 = DIRECTION('',(-1.,0.,-1.184E-14));
#5130 = ADVANCED_FACE('',(#5131),#5172,.F.);
#5131 = FACE_BOUND('',#5132,.F.);
#5132 = EDGE_LOOP('',(#5133,#5141,#5149,#5157,#5165,#5171));
#5133 = ORIENTED_EDGE('',*,*,#5134,.T.);
#5134 = EDGE_CURVE('',#4884,#5135,#5137,.T.);
#5135 = VERTEX_POINT('',#5136);
#5136 = CARTESIAN_POINT('',(35.088362938564,8.525259302542,0.475));
#5137 = LINE('',#5138,#5139);
#5138 = CARTESIAN_POINT('',(35.088362938564,8.500990296694,-3.675));
#5139 = VECTOR('',#5140,1.);
#5140 = DIRECTION('',(0.,5.84785322316E-03,0.99998290116));
#5141 = ORIENTED_EDGE('',*,*,#5142,.T.);
#5142 = EDGE_CURVE('',#5135,#5143,#5145,.T.);
#5143 = VERTEX_POINT('',#5144);
#5144 = CARTESIAN_POINT('',(35.088362938564,8.526177896885,0.475));
#5145 = LINE('',#5146,#5147);
#5146 = CARTESIAN_POINT('',(35.088362938564,8.525259302542,0.475));
#5147 = VECTOR('',#5148,1.);
#5148 = DIRECTION('',(0.,1.,0.));
#5149 = ORIENTED_EDGE('',*,*,#5150,.T.);
#5150 = EDGE_CURVE('',#5143,#5151,#5153,.T.);
#5151 = VERTEX_POINT('',#5152);
#5152 = CARTESIAN_POINT('',(35.088362938564,13.731516612483,0.475));
#5153 = LINE('',#5154,#5155);
#5154 = CARTESIAN_POINT('',(35.088362938564,8.525259302542,0.475));
#5155 = VECTOR('',#5156,1.);
#5156 = DIRECTION('',(0.,1.,0.));
#5157 = ORIENTED_EDGE('',*,*,#5158,.T.);
#5158 = EDGE_CURVE('',#5151,#5159,#5161,.T.);
#5159 = VERTEX_POINT('',#5160);
#5160 = CARTESIAN_POINT('',(35.088362938564,13.707247606635,-3.675));
#5161 = LINE('',#5162,#5163);
#5162 = CARTESIAN_POINT('',(35.088362938564,13.731516612483,0.475));
#5163 = VECTOR('',#5164,1.);
#5164 = DIRECTION('',(0.,-5.84785322316E-03,-0.99998290116));
#5165 = ORIENTED_EDGE('',*,*,#5166,.T.);
#5166 = EDGE_CURVE('',#5159,#4875,#5167,.T.);
#5167 = LINE('',#5168,#5169);
#5168 = CARTESIAN_POINT('',(35.088362938564,13.707247606635,-3.675));
#5169 = VECTOR('',#5170,1.);
#5170 = DIRECTION('',(0.,-1.,0.));
#5171 = ORIENTED_EDGE('',*,*,#4883,.F.);
#5172 = PLANE('',#5173);
#5173 = AXIS2_PLACEMENT_3D('',#5174,#5175,#5176);
#5174 = CARTESIAN_POINT('',(35.088362938564,11.116253454589,-1.6));
#5175 = DIRECTION('',(-1.,-0.,-0.));
#5176 = DIRECTION('',(0.,0.,-1.));
#5177 = ADVANCED_FACE('',(#5178),#5197,.F.);
#5178 = FACE_BOUND('',#5179,.F.);
#5179 = EDGE_LOOP('',(#5180,#5181,#5189,#5196));
#5180 = ORIENTED_EDGE('',*,*,#4874,.T.);
#5181 = ORIENTED_EDGE('',*,*,#5182,.T.);
#5182 = EDGE_CURVE('',#4875,#5183,#5185,.T.);
#5183 = VERTEX_POINT('',#5184);
#5184 = CARTESIAN_POINT('',(34.938362938564,13.706329012292,-3.675));
#5185 = LINE('',#5186,#5187);
#5186 = CARTESIAN_POINT('',(35.088362938564,13.706329012292,-3.675));
#5187 = VECTOR('',#5188,1.);
#5188 = DIRECTION('',(-1.,0.,-1.184E-14));
#5189 = ORIENTED_EDGE('',*,*,#5190,.T.);
#5190 = EDGE_CURVE('',#5183,#5088,#5191,.T.);
#5191 = CIRCLE('',#5192,0.125);
#5192 = AXIS2_PLACEMENT_3D('',#5193,#5194,#5195);
#5193 = CARTESIAN_POINT('',(34.813362938564,13.706329012292,-3.675));
#5194 = DIRECTION('',(-0.,1.,0.));
#5195 = DIRECTION('',(1.,0.,1.421E-14));
#5196 = ORIENTED_EDGE('',*,*,#5095,.T.);
#5197 = PLANE('',#5198);
#5198 = AXIS2_PLACEMENT_3D('',#5199,#5200,#5201);
#5199 = CARTESIAN_POINT('',(34.941614273358,13.706329012292,
    -3.803251334794));
#5200 = DIRECTION('',(-0.,-1.,-0.));
#5201 = DIRECTION('',(0.,0.,-1.));
#5202 = ADVANCED_FACE('',(#5203),#5216,.F.);
#5203 = FACE_BOUND('',#5204,.F.);
#5204 = EDGE_LOOP('',(#5205,#5206,#5207,#5208,#5209,#5215));
#5205 = ORIENTED_EDGE('',*,*,#5070,.T.);
#5206 = ORIENTED_EDGE('',*,*,#5040,.T.);
#5207 = ORIENTED_EDGE('',*,*,#5087,.T.);
#5208 = ORIENTED_EDGE('',*,*,#5190,.F.);
#5209 = ORIENTED_EDGE('',*,*,#5210,.F.);
#5210 = EDGE_CURVE('',#5113,#5183,#5211,.T.);
#5211 = LINE('',#5212,#5213);
#5212 = CARTESIAN_POINT('',(34.938362938564,8.500071702351,-3.675));
#5213 = VECTOR('',#5214,1.);
#5214 = DIRECTION('',(0.,1.,0.));
#5215 = ORIENTED_EDGE('',*,*,#5120,.F.);
#5216 = CYLINDRICAL_SURFACE('',#5217,0.125);
#5217 = AXIS2_PLACEMENT_3D('',#5218,#5219,#5220);
#5218 = CARTESIAN_POINT('',(34.813362938564,8.500071702351,-3.675));
#5219 = DIRECTION('',(-0.,-1.,-0.));
#5220 = DIRECTION('',(1.,-0.,1.421E-14));
#5221 = ADVANCED_FACE('',(#5222),#5240,.F.);
#5222 = FACE_BOUND('',#5223,.F.);
#5223 = EDGE_LOOP('',(#5224,#5225,#5233,#5239));
#5224 = ORIENTED_EDGE('',*,*,#5112,.T.);
#5225 = ORIENTED_EDGE('',*,*,#5226,.T.);
#5226 = EDGE_CURVE('',#5113,#5227,#5229,.T.);
#5227 = VERTEX_POINT('',#5228);
#5228 = CARTESIAN_POINT('',(34.938362938564,8.525259302542,0.475));
#5229 = LINE('',#5230,#5231);
#5230 = CARTESIAN_POINT('',(34.938362938564,8.500990296694,-3.675));
#5231 = VECTOR('',#5232,1.);
#5232 = DIRECTION('',(0.,5.84785322316E-03,0.99998290116));
#5233 = ORIENTED_EDGE('',*,*,#5234,.F.);
#5234 = EDGE_CURVE('',#5135,#5227,#5235,.T.);
#5235 = LINE('',#5236,#5237);
#5236 = CARTESIAN_POINT('',(35.088362938564,8.525259302542,0.475));
#5237 = VECTOR('',#5238,1.);
#5238 = DIRECTION('',(-1.,0.,6.E-17));
#5239 = ORIENTED_EDGE('',*,*,#5134,.F.);
#5240 = PLANE('',#5241);
#5241 = AXIS2_PLACEMENT_3D('',#5242,#5243,#5244);
#5242 = CARTESIAN_POINT('',(35.088362938564,8.500990296694,-3.675));
#5243 = DIRECTION('',(0.,0.99998290116,-5.84785322316E-03));
#5244 = DIRECTION('',(0.,5.84785322316E-03,0.99998290116));
#5245 = ADVANCED_FACE('',(#5246),#5264,.F.);
#5246 = FACE_BOUND('',#5247,.F.);
#5247 = EDGE_LOOP('',(#5248,#5249,#5250,#5258));
#5248 = ORIENTED_EDGE('',*,*,#5142,.F.);
#5249 = ORIENTED_EDGE('',*,*,#5234,.T.);
#5250 = ORIENTED_EDGE('',*,*,#5251,.T.);
#5251 = EDGE_CURVE('',#5227,#5252,#5254,.T.);
#5252 = VERTEX_POINT('',#5253);
#5253 = CARTESIAN_POINT('',(34.938362938564,8.526177896885,0.475));
#5254 = LINE('',#5255,#5256);
#5255 = CARTESIAN_POINT('',(34.938362938564,8.525259302542,0.475));
#5256 = VECTOR('',#5257,1.);
#5257 = DIRECTION('',(0.,1.,0.));
#5258 = ORIENTED_EDGE('',*,*,#5259,.T.);
#5259 = EDGE_CURVE('',#5252,#5143,#5260,.T.);
#5260 = LINE('',#5261,#5262);
#5261 = CARTESIAN_POINT('',(34.938362938564,8.526177896885,0.475));
#5262 = VECTOR('',#5263,1.);
#5263 = DIRECTION('',(1.,0.,0.));
#5264 = PLANE('',#5265);
#5265 = AXIS2_PLACEMENT_3D('',#5266,#5267,#5268);
#5266 = CARTESIAN_POINT('',(35.088362938564,8.525259302542,0.475));
#5267 = DIRECTION('',(-6.E-17,0.,-1.));
#5268 = DIRECTION('',(0.,1.,0.));
#5269 = ADVANCED_FACE('',(#5270),#5313,.F.);
#5270 = FACE_BOUND('',#5271,.F.);
#5271 = EDGE_LOOP('',(#5272,#5281,#5289,#5297,#5306,#5312));
#5272 = ORIENTED_EDGE('',*,*,#5273,.T.);
#5273 = EDGE_CURVE('',#5143,#5274,#5276,.T.);
#5274 = VERTEX_POINT('',#5275);
#5275 = CARTESIAN_POINT('',(35.213362938564,8.526177896885,0.6));
#5276 = CIRCLE('',#5277,0.125);
#5277 = AXIS2_PLACEMENT_3D('',#5278,#5279,#5280);
#5278 = CARTESIAN_POINT('',(35.213362938564,8.526177896885,0.475));
#5279 = DIRECTION('',(0.,1.,0.));
#5280 = DIRECTION('',(-1.,0.,-2.842E-14));
#5281 = ORIENTED_EDGE('',*,*,#5282,.T.);
#5282 = EDGE_CURVE('',#5274,#5283,#5285,.T.);
#5283 = VERTEX_POINT('',#5284);
#5284 = CARTESIAN_POINT('',(35.213362938564,8.527096491228,0.6));
#5285 = LINE('',#5286,#5287);
#5286 = CARTESIAN_POINT('',(35.213362938564,8.526177896885,0.6));
#5287 = VECTOR('',#5288,1.);
#5288 = DIRECTION('',(0.,1.,0.));
#5289 = ORIENTED_EDGE('',*,*,#5290,.T.);
#5290 = EDGE_CURVE('',#5283,#5291,#5293,.T.);
#5291 = VERTEX_POINT('',#5292);
#5292 = CARTESIAN_POINT('',(35.213362938564,13.732435206826,0.6));
#5293 = LINE('',#5294,#5295);
#5294 = CARTESIAN_POINT('',(35.213362938564,8.526177896885,0.6));
#5295 = VECTOR('',#5296,1.);
#5296 = DIRECTION('',(0.,1.,0.));
#5297 = ORIENTED_EDGE('',*,*,#5298,.F.);
#5298 = EDGE_CURVE('',#5299,#5291,#5301,.T.);
#5299 = VERTEX_POINT('',#5300);
#5300 = CARTESIAN_POINT('',(35.088362938564,13.732435206826,0.475));
#5301 = CIRCLE('',#5302,0.125);
#5302 = AXIS2_PLACEMENT_3D('',#5303,#5304,#5305);
#5303 = CARTESIAN_POINT('',(35.213362938564,13.732435206826,0.475));
#5304 = DIRECTION('',(0.,1.,0.));
#5305 = DIRECTION('',(-1.,0.,-2.842E-14));
#5306 = ORIENTED_EDGE('',*,*,#5307,.F.);
#5307 = EDGE_CURVE('',#5151,#5299,#5308,.T.);
#5308 = LINE('',#5309,#5310);
#5309 = CARTESIAN_POINT('',(35.088362938564,8.526177896885,0.475));
#5310 = VECTOR('',#5311,1.);
#5311 = DIRECTION('',(0.,1.,0.));
#5312 = ORIENTED_EDGE('',*,*,#5150,.F.);
#5313 = CYLINDRICAL_SURFACE('',#5314,0.125);
#5314 = AXIS2_PLACEMENT_3D('',#5315,#5316,#5317);
#5315 = CARTESIAN_POINT('',(35.213362938564,8.526177896885,0.475));
#5316 = DIRECTION('',(-0.,-1.,-0.));
#5317 = DIRECTION('',(-1.,0.,-2.842E-14));
#5318 = ADVANCED_FACE('',(#5319),#5344,.F.);
#5319 = FACE_BOUND('',#5320,.F.);
#5320 = EDGE_LOOP('',(#5321,#5329,#5337,#5343));
#5321 = ORIENTED_EDGE('',*,*,#5322,.T.);
#5322 = EDGE_CURVE('',#5151,#5323,#5325,.T.);
#5323 = VERTEX_POINT('',#5324);
#5324 = CARTESIAN_POINT('',(34.938362938564,13.731516612483,0.475));
#5325 = LINE('',#5326,#5327);
#5326 = CARTESIAN_POINT('',(35.088362938564,13.731516612483,0.475));
#5327 = VECTOR('',#5328,1.);
#5328 = DIRECTION('',(-1.,0.,6.E-17));
#5329 = ORIENTED_EDGE('',*,*,#5330,.T.);
#5330 = EDGE_CURVE('',#5323,#5331,#5333,.T.);
#5331 = VERTEX_POINT('',#5332);
#5332 = CARTESIAN_POINT('',(34.938362938564,13.707247606635,-3.675));
#5333 = LINE('',#5334,#5335);
#5334 = CARTESIAN_POINT('',(34.938362938564,13.731516612483,0.475));
#5335 = VECTOR('',#5336,1.);
#5336 = DIRECTION('',(0.,-5.84785322316E-03,-0.99998290116));
#5337 = ORIENTED_EDGE('',*,*,#5338,.F.);
#5338 = EDGE_CURVE('',#5159,#5331,#5339,.T.);
#5339 = LINE('',#5340,#5341);
#5340 = CARTESIAN_POINT('',(35.088362938564,13.707247606635,-3.675));
#5341 = VECTOR('',#5342,1.);
#5342 = DIRECTION('',(-1.,0.,6.E-17));
#5343 = ORIENTED_EDGE('',*,*,#5158,.F.);
#5344 = PLANE('',#5345);
#5345 = AXIS2_PLACEMENT_3D('',#5346,#5347,#5348);
#5346 = CARTESIAN_POINT('',(35.088362938564,13.731516612483,0.475));
#5347 = DIRECTION('',(0.,-0.99998290116,5.84785322316E-03));
#5348 = DIRECTION('',(0.,-5.84785322316E-03,-0.99998290116));
#5349 = ADVANCED_FACE('',(#5350),#5361,.F.);
#5350 = FACE_BOUND('',#5351,.F.);
#5351 = EDGE_LOOP('',(#5352,#5353,#5354,#5360));
#5352 = ORIENTED_EDGE('',*,*,#5166,.F.);
#5353 = ORIENTED_EDGE('',*,*,#5338,.T.);
#5354 = ORIENTED_EDGE('',*,*,#5355,.T.);
#5355 = EDGE_CURVE('',#5331,#5183,#5356,.T.);
#5356 = LINE('',#5357,#5358);
#5357 = CARTESIAN_POINT('',(34.938362938564,13.707247606635,-3.675));
#5358 = VECTOR('',#5359,1.);
#5359 = DIRECTION('',(0.,-1.,0.));
#5360 = ORIENTED_EDGE('',*,*,#5182,.F.);
#5361 = PLANE('',#5362);
#5362 = AXIS2_PLACEMENT_3D('',#5363,#5364,#5365);
#5363 = CARTESIAN_POINT('',(35.088362938564,13.707247606635,-3.675));
#5364 = DIRECTION('',(6.E-17,0.,1.));
#5365 = DIRECTION('',(0.,-1.,0.));
#5366 = ADVANCED_FACE('',(#5367),#5380,.T.);
#5367 = FACE_BOUND('',#5368,.T.);
#5368 = EDGE_LOOP('',(#5369,#5370,#5371,#5377,#5378,#5379));
#5369 = ORIENTED_EDGE('',*,*,#5226,.T.);
#5370 = ORIENTED_EDGE('',*,*,#5251,.T.);
#5371 = ORIENTED_EDGE('',*,*,#5372,.T.);
#5372 = EDGE_CURVE('',#5252,#5323,#5373,.T.);
#5373 = LINE('',#5374,#5375);
#5374 = CARTESIAN_POINT('',(34.938362938564,8.525259302542,0.475));
#5375 = VECTOR('',#5376,1.);
#5376 = DIRECTION('',(0.,1.,0.));
#5377 = ORIENTED_EDGE('',*,*,#5330,.T.);
#5378 = ORIENTED_EDGE('',*,*,#5355,.T.);
#5379 = ORIENTED_EDGE('',*,*,#5210,.F.);
#5380 = PLANE('',#5381);
#5381 = AXIS2_PLACEMENT_3D('',#5382,#5383,#5384);
#5382 = CARTESIAN_POINT('',(34.938362938564,11.116253454589,-1.6));
#5383 = DIRECTION('',(-1.,-0.,-0.));
#5384 = DIRECTION('',(0.,0.,-1.));
#5385 = ADVANCED_FACE('',(#5386),#5405,.T.);
#5386 = FACE_BOUND('',#5387,.T.);
#5387 = EDGE_LOOP('',(#5388,#5389,#5397,#5404));
#5388 = ORIENTED_EDGE('',*,*,#5273,.T.);
#5389 = ORIENTED_EDGE('',*,*,#5390,.T.);
#5390 = EDGE_CURVE('',#5274,#5391,#5393,.T.);
#5391 = VERTEX_POINT('',#5392);
#5392 = CARTESIAN_POINT('',(35.213362938564,8.526177896885,0.75));
#5393 = LINE('',#5394,#5395);
#5394 = CARTESIAN_POINT('',(35.213362938564,8.526177896885,0.6));
#5395 = VECTOR('',#5396,1.);
#5396 = DIRECTION('',(0.,0.,1.));
#5397 = ORIENTED_EDGE('',*,*,#5398,.T.);
#5398 = EDGE_CURVE('',#5391,#5252,#5399,.T.);
#5399 = CIRCLE('',#5400,0.275);
#5400 = AXIS2_PLACEMENT_3D('',#5401,#5402,#5403);
#5401 = CARTESIAN_POINT('',(35.213362938564,8.526177896885,0.475));
#5402 = DIRECTION('',(0.,-1.,0.));
#5403 = DIRECTION('',(-2.584E-14,0.,1.));
#5404 = ORIENTED_EDGE('',*,*,#5259,.T.);
#5405 = PLANE('',#5406);
#5406 = AXIS2_PLACEMENT_3D('',#5407,#5408,#5409);
#5407 = CARTESIAN_POINT('',(35.08511160377,8.526177896885,0.603251334794
    ));
#5408 = DIRECTION('',(-0.,-1.,-0.));
#5409 = DIRECTION('',(0.,0.,-1.));
#5410 = ADVANCED_FACE('',(#5411),#5429,.T.);
#5411 = FACE_BOUND('',#5412,.T.);
#5412 = EDGE_LOOP('',(#5413,#5414,#5422,#5428));
#5413 = ORIENTED_EDGE('',*,*,#5322,.T.);
#5414 = ORIENTED_EDGE('',*,*,#5415,.T.);
#5415 = EDGE_CURVE('',#5323,#5416,#5418,.T.);
#5416 = VERTEX_POINT('',#5417);
#5417 = CARTESIAN_POINT('',(34.938362938564,13.732435206826,0.475));
#5418 = LINE('',#5419,#5420);
#5419 = CARTESIAN_POINT('',(34.938362938564,8.526177896885,0.475));
#5420 = VECTOR('',#5421,1.);
#5421 = DIRECTION('',(0.,1.,0.));
#5422 = ORIENTED_EDGE('',*,*,#5423,.T.);
#5423 = EDGE_CURVE('',#5416,#5299,#5424,.T.);
#5424 = LINE('',#5425,#5426);
#5425 = CARTESIAN_POINT('',(34.938362938564,13.732435206826,0.475));
#5426 = VECTOR('',#5427,1.);
#5427 = DIRECTION('',(1.,0.,0.));
#5428 = ORIENTED_EDGE('',*,*,#5307,.F.);
#5429 = PLANE('',#5430);
#5430 = AXIS2_PLACEMENT_3D('',#5431,#5432,#5433);
#5431 = CARTESIAN_POINT('',(34.938362938564,8.526177896885,0.475));
#5432 = DIRECTION('',(0.,0.,-1.));
#5433 = DIRECTION('',(1.,0.,0.));
#5434 = ADVANCED_FACE('',(#5435),#5453,.T.);
#5435 = FACE_BOUND('',#5436,.T.);
#5436 = EDGE_LOOP('',(#5437,#5438,#5439,#5447));
#5437 = ORIENTED_EDGE('',*,*,#5390,.F.);
#5438 = ORIENTED_EDGE('',*,*,#5282,.T.);
#5439 = ORIENTED_EDGE('',*,*,#5440,.T.);
#5440 = EDGE_CURVE('',#5283,#5441,#5443,.T.);
#5441 = VERTEX_POINT('',#5442);
#5442 = CARTESIAN_POINT('',(35.213362938564,8.527096491228,0.75));
#5443 = LINE('',#5444,#5445);
#5444 = CARTESIAN_POINT('',(35.213362938564,8.527096491228,0.6));
#5445 = VECTOR('',#5446,1.);
#5446 = DIRECTION('',(0.,0.,1.));
#5447 = ORIENTED_EDGE('',*,*,#5448,.F.);
#5448 = EDGE_CURVE('',#5391,#5441,#5449,.T.);
#5449 = LINE('',#5450,#5451);
#5450 = CARTESIAN_POINT('',(35.213362938564,8.526177896885,0.75));
#5451 = VECTOR('',#5452,1.);
#5452 = DIRECTION('',(0.,1.,0.));
#5453 = PLANE('',#5454);
#5454 = AXIS2_PLACEMENT_3D('',#5455,#5456,#5457);
#5455 = CARTESIAN_POINT('',(35.213362938564,8.526177896885,0.6));
#5456 = DIRECTION('',(1.,0.,0.));
#5457 = DIRECTION('',(0.,0.,1.));
#5458 = ADVANCED_FACE('',(#5459),#5508,.F.);
#5459 = FACE_BOUND('',#5460,.F.);
#5460 = EDGE_LOOP('',(#5461,#5469,#5477,#5485,#5493,#5501,#5507));
#5461 = ORIENTED_EDGE('',*,*,#5462,.T.);
#5462 = EDGE_CURVE('',#5283,#5463,#5465,.T.);
#5463 = VERTEX_POINT('',#5464);
#5464 = CARTESIAN_POINT('',(46.055362938564,8.5905,0.6));
#5465 = LINE('',#5466,#5467);
#5466 = CARTESIAN_POINT('',(35.213362938564,8.527096491228,0.6));
#5467 = VECTOR('',#5468,1.);
#5468 = DIRECTION('',(0.99998290116,5.84785322316E-03,0.));
#5469 = ORIENTED_EDGE('',*,*,#5470,.T.);
#5470 = EDGE_CURVE('',#5463,#5471,#5473,.T.);
#5471 = VERTEX_POINT('',#5472);
#5472 = CARTESIAN_POINT('',(46.817362938564,9.2255,0.6));
#5473 = LINE('',#5474,#5475);
#5474 = CARTESIAN_POINT('',(46.055362938564,8.5905,0.6));
#5475 = VECTOR('',#5476,1.);
#5476 = DIRECTION('',(0.768221279597,0.640184399664,0.));
#5477 = ORIENTED_EDGE('',*,*,#5478,.T.);
#5478 = EDGE_CURVE('',#5471,#5479,#5481,.T.);
#5479 = VERTEX_POINT('',#5480);
#5480 = CARTESIAN_POINT('',(46.817362938564,12.9085,0.6));
#5481 = LINE('',#5482,#5483);
#5482 = CARTESIAN_POINT('',(46.817362938564,9.2255,0.6));
#5483 = VECTOR('',#5484,1.);
#5484 = DIRECTION('',(0.,1.,0.));
#5485 = ORIENTED_EDGE('',*,*,#5486,.T.);
#5486 = EDGE_CURVE('',#5479,#5487,#5489,.T.);
#5487 = VERTEX_POINT('',#5488);
#5488 = CARTESIAN_POINT('',(46.182362938564,13.7975,0.6));
#5489 = LINE('',#5490,#5491);
#5490 = CARTESIAN_POINT('',(46.817362938564,12.9085,0.6));
#5491 = VECTOR('',#5492,1.);
#5492 = DIRECTION('',(-0.581238193719,0.813733471207,0.));
#5493 = ORIENTED_EDGE('',*,*,#5494,.T.);
#5494 = EDGE_CURVE('',#5487,#5495,#5497,.T.);
#5495 = VERTEX_POINT('',#5496);
#5496 = CARTESIAN_POINT('',(35.213362938564,13.73335380117,0.6));
#5497 = LINE('',#5498,#5499);
#5498 = CARTESIAN_POINT('',(46.182362938564,13.7975,0.6));
#5499 = VECTOR('',#5500,1.);
#5500 = DIRECTION('',(-0.99998290116,-5.84785322316E-03,0.));
#5501 = ORIENTED_EDGE('',*,*,#5502,.T.);
#5502 = EDGE_CURVE('',#5495,#5291,#5503,.T.);
#5503 = LINE('',#5504,#5505);
#5504 = CARTESIAN_POINT('',(35.213362938564,13.73335380117,0.6));
#5505 = VECTOR('',#5506,1.);
#5506 = DIRECTION('',(0.,-1.,0.));
#5507 = ORIENTED_EDGE('',*,*,#5290,.F.);
#5508 = PLANE('',#5509);
#5509 = AXIS2_PLACEMENT_3D('',#5510,#5511,#5512);
#5510 = CARTESIAN_POINT('',(40.860333666587,11.161258187349,0.6));
#5511 = DIRECTION('',(0.,0.,1.));
#5512 = DIRECTION('',(1.,0.,-0.));
#5513 = ADVANCED_FACE('',(#5514),#5533,.F.);
#5514 = FACE_BOUND('',#5515,.F.);
#5515 = EDGE_LOOP('',(#5516,#5517,#5525,#5532));
#5516 = ORIENTED_EDGE('',*,*,#5298,.T.);
#5517 = ORIENTED_EDGE('',*,*,#5518,.T.);
#5518 = EDGE_CURVE('',#5291,#5519,#5521,.T.);
#5519 = VERTEX_POINT('',#5520);
#5520 = CARTESIAN_POINT('',(35.213362938564,13.732435206826,0.75));
#5521 = LINE('',#5522,#5523);
#5522 = CARTESIAN_POINT('',(35.213362938564,13.732435206826,0.6));
#5523 = VECTOR('',#5524,1.);
#5524 = DIRECTION('',(0.,0.,1.));
#5525 = ORIENTED_EDGE('',*,*,#5526,.T.);
#5526 = EDGE_CURVE('',#5519,#5416,#5527,.T.);
#5527 = CIRCLE('',#5528,0.275);
#5528 = AXIS2_PLACEMENT_3D('',#5529,#5530,#5531);
#5529 = CARTESIAN_POINT('',(35.213362938564,13.732435206826,0.475));
#5530 = DIRECTION('',(0.,-1.,0.));
#5531 = DIRECTION('',(-2.584E-14,0.,1.));
#5532 = ORIENTED_EDGE('',*,*,#5423,.T.);
#5533 = PLANE('',#5534);
#5534 = AXIS2_PLACEMENT_3D('',#5535,#5536,#5537);
#5535 = CARTESIAN_POINT('',(35.08511160377,13.732435206826,
    0.603251334794));
#5536 = DIRECTION('',(-0.,-1.,-0.));
#5537 = DIRECTION('',(0.,0.,-1.));
#5538 = ADVANCED_FACE('',(#5539),#5552,.T.);
#5539 = FACE_BOUND('',#5540,.T.);
#5540 = EDGE_LOOP('',(#5541,#5542,#5548,#5549,#5550,#5551));
#5541 = ORIENTED_EDGE('',*,*,#5448,.T.);
#5542 = ORIENTED_EDGE('',*,*,#5543,.T.);
#5543 = EDGE_CURVE('',#5441,#5519,#5544,.T.);
#5544 = LINE('',#5545,#5546);
#5545 = CARTESIAN_POINT('',(35.213362938564,8.526177896885,0.75));
#5546 = VECTOR('',#5547,1.);
#5547 = DIRECTION('',(0.,1.,0.));
#5548 = ORIENTED_EDGE('',*,*,#5526,.T.);
#5549 = ORIENTED_EDGE('',*,*,#5415,.F.);
#5550 = ORIENTED_EDGE('',*,*,#5372,.F.);
#5551 = ORIENTED_EDGE('',*,*,#5398,.F.);
#5552 = CYLINDRICAL_SURFACE('',#5553,0.275);
#5553 = AXIS2_PLACEMENT_3D('',#5554,#5555,#5556);
#5554 = CARTESIAN_POINT('',(35.213362938564,8.526177896885,0.475));
#5555 = DIRECTION('',(0.,-1.,0.));
#5556 = DIRECTION('',(-2.584E-14,0.,1.));
#5557 = ADVANCED_FACE('',(#5558),#5576,.F.);
#5558 = FACE_BOUND('',#5559,.F.);
#5559 = EDGE_LOOP('',(#5560,#5561,#5569,#5575));
#5560 = ORIENTED_EDGE('',*,*,#5440,.T.);
#5561 = ORIENTED_EDGE('',*,*,#5562,.T.);
#5562 = EDGE_CURVE('',#5441,#5563,#5565,.T.);
#5563 = VERTEX_POINT('',#5564);
#5564 = CARTESIAN_POINT('',(46.055362938564,8.5905,0.75));
#5565 = LINE('',#5566,#5567);
#5566 = CARTESIAN_POINT('',(35.213362938564,8.527096491228,0.75));
#5567 = VECTOR('',#5568,1.);
#5568 = DIRECTION('',(0.99998290116,5.84785322316E-03,0.));
#5569 = ORIENTED_EDGE('',*,*,#5570,.F.);
#5570 = EDGE_CURVE('',#5463,#5563,#5571,.T.);
#5571 = LINE('',#5572,#5573);
#5572 = CARTESIAN_POINT('',(46.055362938564,8.5905,0.6));
#5573 = VECTOR('',#5574,1.);
#5574 = DIRECTION('',(0.,0.,1.));
#5575 = ORIENTED_EDGE('',*,*,#5462,.F.);
#5576 = PLANE('',#5577);
#5577 = AXIS2_PLACEMENT_3D('',#5578,#5579,#5580);
#5578 = CARTESIAN_POINT('',(35.213362938564,8.527096491228,0.6));
#5579 = DIRECTION('',(-5.84785322316E-03,0.99998290116,0.));
#5580 = DIRECTION('',(0.99998290116,5.84785322316E-03,0.));
#5581 = ADVANCED_FACE('',(#5582),#5600,.F.);
#5582 = FACE_BOUND('',#5583,.F.);
#5583 = EDGE_LOOP('',(#5584,#5585,#5593,#5599));
#5584 = ORIENTED_EDGE('',*,*,#5570,.T.);
#5585 = ORIENTED_EDGE('',*,*,#5586,.T.);
#5586 = EDGE_CURVE('',#5563,#5587,#5589,.T.);
#5587 = VERTEX_POINT('',#5588);
#5588 = CARTESIAN_POINT('',(46.817362938564,9.2255,0.75));
#5589 = LINE('',#5590,#5591);
#5590 = CARTESIAN_POINT('',(46.055362938564,8.5905,0.75));
#5591 = VECTOR('',#5592,1.);
#5592 = DIRECTION('',(0.768221279597,0.640184399664,0.));
#5593 = ORIENTED_EDGE('',*,*,#5594,.F.);
#5594 = EDGE_CURVE('',#5471,#5587,#5595,.T.);
#5595 = LINE('',#5596,#5597);
#5596 = CARTESIAN_POINT('',(46.817362938564,9.2255,0.6));
#5597 = VECTOR('',#5598,1.);
#5598 = DIRECTION('',(0.,0.,1.));
#5599 = ORIENTED_EDGE('',*,*,#5470,.F.);
#5600 = PLANE('',#5601);
#5601 = AXIS2_PLACEMENT_3D('',#5602,#5603,#5604);
#5602 = CARTESIAN_POINT('',(46.055362938564,8.5905,0.6));
#5603 = DIRECTION('',(-0.640184399664,0.768221279597,0.));
#5604 = DIRECTION('',(0.768221279597,0.640184399664,0.));
#5605 = ADVANCED_FACE('',(#5606),#5624,.F.);
#5606 = FACE_BOUND('',#5607,.F.);
#5607 = EDGE_LOOP('',(#5608,#5609,#5617,#5623));
#5608 = ORIENTED_EDGE('',*,*,#5594,.T.);
#5609 = ORIENTED_EDGE('',*,*,#5610,.T.);
#5610 = EDGE_CURVE('',#5587,#5611,#5613,.T.);
#5611 = VERTEX_POINT('',#5612);
#5612 = CARTESIAN_POINT('',(46.817362938564,12.9085,0.75));
#5613 = LINE('',#5614,#5615);
#5614 = CARTESIAN_POINT('',(46.817362938564,9.2255,0.75));
#5615 = VECTOR('',#5616,1.);
#5616 = DIRECTION('',(0.,1.,0.));
#5617 = ORIENTED_EDGE('',*,*,#5618,.F.);
#5618 = EDGE_CURVE('',#5479,#5611,#5619,.T.);
#5619 = LINE('',#5620,#5621);
#5620 = CARTESIAN_POINT('',(46.817362938564,12.9085,0.6));
#5621 = VECTOR('',#5622,1.);
#5622 = DIRECTION('',(0.,0.,1.));
#5623 = ORIENTED_EDGE('',*,*,#5478,.F.);
#5624 = PLANE('',#5625);
#5625 = AXIS2_PLACEMENT_3D('',#5626,#5627,#5628);
#5626 = CARTESIAN_POINT('',(46.817362938564,9.2255,0.6));
#5627 = DIRECTION('',(-1.,0.,0.));
#5628 = DIRECTION('',(0.,1.,0.));
#5629 = ADVANCED_FACE('',(#5630),#5648,.F.);
#5630 = FACE_BOUND('',#5631,.F.);
#5631 = EDGE_LOOP('',(#5632,#5633,#5641,#5647));
#5632 = ORIENTED_EDGE('',*,*,#5618,.T.);
#5633 = ORIENTED_EDGE('',*,*,#5634,.T.);
#5634 = EDGE_CURVE('',#5611,#5635,#5637,.T.);
#5635 = VERTEX_POINT('',#5636);
#5636 = CARTESIAN_POINT('',(46.182362938564,13.7975,0.75));
#5637 = LINE('',#5638,#5639);
#5638 = CARTESIAN_POINT('',(46.817362938564,12.9085,0.75));
#5639 = VECTOR('',#5640,1.);
#5640 = DIRECTION('',(-0.581238193719,0.813733471207,0.));
#5641 = ORIENTED_EDGE('',*,*,#5642,.F.);
#5642 = EDGE_CURVE('',#5487,#5635,#5643,.T.);
#5643 = LINE('',#5644,#5645);
#5644 = CARTESIAN_POINT('',(46.182362938564,13.7975,0.6));
#5645 = VECTOR('',#5646,1.);
#5646 = DIRECTION('',(0.,0.,1.));
#5647 = ORIENTED_EDGE('',*,*,#5486,.F.);
#5648 = PLANE('',#5649);
#5649 = AXIS2_PLACEMENT_3D('',#5650,#5651,#5652);
#5650 = CARTESIAN_POINT('',(46.817362938564,12.9085,0.6));
#5651 = DIRECTION('',(-0.813733471207,-0.581238193719,0.));
#5652 = DIRECTION('',(-0.581238193719,0.813733471207,0.));
#5653 = ADVANCED_FACE('',(#5654),#5672,.F.);
#5654 = FACE_BOUND('',#5655,.F.);
#5655 = EDGE_LOOP('',(#5656,#5657,#5665,#5671));
#5656 = ORIENTED_EDGE('',*,*,#5642,.T.);
#5657 = ORIENTED_EDGE('',*,*,#5658,.T.);
#5658 = EDGE_CURVE('',#5635,#5659,#5661,.T.);
#5659 = VERTEX_POINT('',#5660);
#5660 = CARTESIAN_POINT('',(35.213362938564,13.73335380117,0.75));
#5661 = LINE('',#5662,#5663);
#5662 = CARTESIAN_POINT('',(46.182362938564,13.7975,0.75));
#5663 = VECTOR('',#5664,1.);
#5664 = DIRECTION('',(-0.99998290116,-5.84785322316E-03,0.));
#5665 = ORIENTED_EDGE('',*,*,#5666,.F.);
#5666 = EDGE_CURVE('',#5495,#5659,#5667,.T.);
#5667 = LINE('',#5668,#5669);
#5668 = CARTESIAN_POINT('',(35.213362938564,13.73335380117,0.6));
#5669 = VECTOR('',#5670,1.);
#5670 = DIRECTION('',(0.,0.,1.));
#5671 = ORIENTED_EDGE('',*,*,#5494,.F.);
#5672 = PLANE('',#5673);
#5673 = AXIS2_PLACEMENT_3D('',#5674,#5675,#5676);
#5674 = CARTESIAN_POINT('',(46.182362938564,13.7975,0.6));
#5675 = DIRECTION('',(5.84785322316E-03,-0.99998290116,0.));
#5676 = DIRECTION('',(-0.99998290116,-5.84785322316E-03,0.));
#5677 = ADVANCED_FACE('',(#5678),#5689,.F.);
#5678 = FACE_BOUND('',#5679,.F.);
#5679 = EDGE_LOOP('',(#5680,#5681,#5682,#5688));
#5680 = ORIENTED_EDGE('',*,*,#5502,.F.);
#5681 = ORIENTED_EDGE('',*,*,#5666,.T.);
#5682 = ORIENTED_EDGE('',*,*,#5683,.T.);
#5683 = EDGE_CURVE('',#5659,#5519,#5684,.T.);
#5684 = LINE('',#5685,#5686);
#5685 = CARTESIAN_POINT('',(35.213362938564,13.73335380117,0.75));
#5686 = VECTOR('',#5687,1.);
#5687 = DIRECTION('',(0.,-1.,0.));
#5688 = ORIENTED_EDGE('',*,*,#5518,.F.);
#5689 = PLANE('',#5690);
#5690 = AXIS2_PLACEMENT_3D('',#5691,#5692,#5693);
#5691 = CARTESIAN_POINT('',(35.213362938564,13.73335380117,0.6));
#5692 = DIRECTION('',(1.,0.,0.));
#5693 = DIRECTION('',(0.,-1.,0.));
#5694 = ADVANCED_FACE('',(#5695),#5704,.T.);
#5695 = FACE_BOUND('',#5696,.T.);
#5696 = EDGE_LOOP('',(#5697,#5698,#5699,#5700,#5701,#5702,#5703));
#5697 = ORIENTED_EDGE('',*,*,#5562,.T.);
#5698 = ORIENTED_EDGE('',*,*,#5586,.T.);
#5699 = ORIENTED_EDGE('',*,*,#5610,.T.);
#5700 = ORIENTED_EDGE('',*,*,#5634,.T.);
#5701 = ORIENTED_EDGE('',*,*,#5658,.T.);
#5702 = ORIENTED_EDGE('',*,*,#5683,.T.);
#5703 = ORIENTED_EDGE('',*,*,#5543,.F.);
#5704 = PLANE('',#5705);
#5705 = AXIS2_PLACEMENT_3D('',#5706,#5707,#5708);
#5706 = CARTESIAN_POINT('',(40.860333666587,11.161258187349,0.75));
#5707 = DIRECTION('',(0.,0.,1.));
#5708 = DIRECTION('',(1.,0.,-0.));
#5709 = MANIFOLD_SOLID_BREP('',#5710);
#5710 = CLOSED_SHELL('',(#5711,#5751,#5782,#5813,#5844,#5875,#5906,#5937
    ,#5968,#5990,#6007));
#5711 = ADVANCED_FACE('',(#5712),#5746,.F.);
#5712 = FACE_BOUND('',#5713,.F.);
#5713 = EDGE_LOOP('',(#5714,#5724,#5732,#5740));
#5714 = ORIENTED_EDGE('',*,*,#5715,.T.);
#5715 = EDGE_CURVE('',#5716,#5718,#5720,.T.);
#5716 = VERTEX_POINT('',#5717);
#5717 = CARTESIAN_POINT('',(7.421681469282,4.6140625,-3.8));
#5718 = VERTEX_POINT('',#5719);
#5719 = CARTESIAN_POINT('',(7.421681469282,4.6140625,-2.45));
#5720 = LINE('',#5721,#5722);
#5721 = CARTESIAN_POINT('',(7.421681469282,4.6140625,-3.8));
#5722 = VECTOR('',#5723,1.);
#5723 = DIRECTION('',(0.,0.,1.));
#5724 = ORIENTED_EDGE('',*,*,#5725,.T.);
#5725 = EDGE_CURVE('',#5718,#5726,#5728,.T.);
#5726 = VERTEX_POINT('',#5727);
#5727 = CARTESIAN_POINT('',(7.888681469282,4.5265,-2.45));
#5728 = LINE('',#5729,#5730);
#5729 = CARTESIAN_POINT('',(7.421681469282,4.6140625,-2.45));
#5730 = VECTOR('',#5731,1.);
#5731 = DIRECTION('',(0.982872186934,-0.18428853505,0.));
#5732 = ORIENTED_EDGE('',*,*,#5733,.F.);
#5733 = EDGE_CURVE('',#5734,#5726,#5736,.T.);
#5734 = VERTEX_POINT('',#5735);
#5735 = CARTESIAN_POINT('',(7.888681469282,4.5265,-3.8));
#5736 = LINE('',#5737,#5738);
#5737 = CARTESIAN_POINT('',(7.888681469282,4.5265,-3.8));
#5738 = VECTOR('',#5739,1.);
#5739 = DIRECTION('',(0.,0.,1.));
#5740 = ORIENTED_EDGE('',*,*,#5741,.F.);
#5741 = EDGE_CURVE('',#5716,#5734,#5742,.T.);
#5742 = LINE('',#5743,#5744);
#5743 = CARTESIAN_POINT('',(7.421681469282,4.6140625,-3.8));
#5744 = VECTOR('',#5745,1.);
#5745 = DIRECTION('',(0.982872186934,-0.18428853505,0.));
#5746 = PLANE('',#5747);
#5747 = AXIS2_PLACEMENT_3D('',#5748,#5749,#5750);
#5748 = CARTESIAN_POINT('',(7.421681469282,4.6140625,-3.8));
#5749 = DIRECTION('',(0.18428853505,0.982872186934,0.));
#5750 = DIRECTION('',(0.982872186934,-0.18428853505,0.));
#5751 = ADVANCED_FACE('',(#5752),#5777,.F.);
#5752 = FACE_BOUND('',#5753,.F.);
#5753 = EDGE_LOOP('',(#5754,#5755,#5763,#5771));
#5754 = ORIENTED_EDGE('',*,*,#5733,.T.);
#5755 = ORIENTED_EDGE('',*,*,#5756,.T.);
#5756 = EDGE_CURVE('',#5726,#5757,#5759,.T.);
#5757 = VERTEX_POINT('',#5758);
#5758 = CARTESIAN_POINT('',(27.192681469282,4.9075,-2.45));
#5759 = LINE('',#5760,#5761);
#5760 = CARTESIAN_POINT('',(7.888681469282,4.5265,-2.45));
#5761 = VECTOR('',#5762,1.);
#5762 = DIRECTION('',(0.999805285417,1.97329990543E-02,0.));
#5763 = ORIENTED_EDGE('',*,*,#5764,.F.);
#5764 = EDGE_CURVE('',#5765,#5757,#5767,.T.);
#5765 = VERTEX_POINT('',#5766);
#5766 = CARTESIAN_POINT('',(27.192681469282,4.9075,-3.8));
#5767 = LINE('',#5768,#5769);
#5768 = CARTESIAN_POINT('',(27.192681469282,4.9075,-3.8));
#5769 = VECTOR('',#5770,1.);
#5770 = DIRECTION('',(0.,0.,1.));
#5771 = ORIENTED_EDGE('',*,*,#5772,.F.);
#5772 = EDGE_CURVE('',#5734,#5765,#5773,.T.);
#5773 = LINE('',#5774,#5775);
#5774 = CARTESIAN_POINT('',(7.888681469282,4.5265,-3.8));
#5775 = VECTOR('',#5776,1.);
#5776 = DIRECTION('',(0.999805285417,1.97329990543E-02,0.));
#5777 = PLANE('',#5778);
#5778 = AXIS2_PLACEMENT_3D('',#5779,#5780,#5781);
#5779 = CARTESIAN_POINT('',(7.888681469282,4.5265,-3.8));
#5780 = DIRECTION('',(-1.97329990543E-02,0.999805285417,0.));
#5781 = DIRECTION('',(0.999805285417,1.97329990543E-02,0.));
#5782 = ADVANCED_FACE('',(#5783),#5808,.F.);
#5783 = FACE_BOUND('',#5784,.F.);
#5784 = EDGE_LOOP('',(#5785,#5786,#5794,#5802));
#5785 = ORIENTED_EDGE('',*,*,#5764,.T.);
#5786 = ORIENTED_EDGE('',*,*,#5787,.T.);
#5787 = EDGE_CURVE('',#5757,#5788,#5790,.T.);
#5788 = VERTEX_POINT('',#5789);
#5789 = CARTESIAN_POINT('',(28.321681469282,7.541833333333,-2.45));
#5790 = LINE('',#5791,#5792);
#5791 = CARTESIAN_POINT('',(27.192681469282,4.9075,-2.45));
#5792 = VECTOR('',#5793,1.);
#5793 = DIRECTION('',(0.393919298579,0.919145030018,0.));
#5794 = ORIENTED_EDGE('',*,*,#5795,.F.);
#5795 = EDGE_CURVE('',#5796,#5788,#5798,.T.);
#5796 = VERTEX_POINT('',#5797);
#5797 = CARTESIAN_POINT('',(28.321681469282,7.541833333333,-3.8));
#5798 = LINE('',#5799,#5800);
#5799 = CARTESIAN_POINT('',(28.321681469282,7.541833333333,-3.8));
#5800 = VECTOR('',#5801,1.);
#5801 = DIRECTION('',(0.,0.,1.));
#5802 = ORIENTED_EDGE('',*,*,#5803,.F.);
#5803 = EDGE_CURVE('',#5765,#5796,#5804,.T.);
#5804 = LINE('',#5805,#5806);
#5805 = CARTESIAN_POINT('',(27.192681469282,4.9075,-3.8));
#5806 = VECTOR('',#5807,1.);
#5807 = DIRECTION('',(0.393919298579,0.919145030018,0.));
#5808 = PLANE('',#5809);
#5809 = AXIS2_PLACEMENT_3D('',#5810,#5811,#5812);
#5810 = CARTESIAN_POINT('',(27.192681469282,4.9075,-3.8));
#5811 = DIRECTION('',(-0.919145030018,0.393919298579,0.));
#5812 = DIRECTION('',(0.393919298579,0.919145030018,0.));
#5813 = ADVANCED_FACE('',(#5814),#5839,.F.);
#5814 = FACE_BOUND('',#5815,.F.);
#5815 = EDGE_LOOP('',(#5816,#5817,#5825,#5833));
#5816 = ORIENTED_EDGE('',*,*,#5795,.T.);
#5817 = ORIENTED_EDGE('',*,*,#5818,.T.);
#5818 = EDGE_CURVE('',#5788,#5819,#5821,.T.);
#5819 = VERTEX_POINT('',#5820);
#5820 = CARTESIAN_POINT('',(28.321681469282,13.5661,-2.45));
#5821 = LINE('',#5822,#5823);
#5822 = CARTESIAN_POINT('',(28.321681469282,7.541833333333,-2.45));
#5823 = VECTOR('',#5824,1.);
#5824 = DIRECTION('',(0.,1.,0.));
#5825 = ORIENTED_EDGE('',*,*,#5826,.F.);
#5826 = EDGE_CURVE('',#5827,#5819,#5829,.T.);
#5827 = VERTEX_POINT('',#5828);
#5828 = CARTESIAN_POINT('',(28.321681469282,13.5661,-3.8));
#5829 = LINE('',#5830,#5831);
#5830 = CARTESIAN_POINT('',(28.321681469282,13.5661,-3.8));
#5831 = VECTOR('',#5832,1.);
#5832 = DIRECTION('',(0.,0.,1.));
#5833 = ORIENTED_EDGE('',*,*,#5834,.F.);
#5834 = EDGE_CURVE('',#5796,#5827,#5835,.T.);
#5835 = LINE('',#5836,#5837);
#5836 = CARTESIAN_POINT('',(28.321681469282,7.541833333333,-3.8));
#5837 = VECTOR('',#5838,1.);
#5838 = DIRECTION('',(0.,1.,0.));
#5839 = PLANE('',#5840);
#5840 = AXIS2_PLACEMENT_3D('',#5841,#5842,#5843);
#5841 = CARTESIAN_POINT('',(28.321681469282,7.541833333333,-3.8));
#5842 = DIRECTION('',(-1.,0.,0.));
#5843 = DIRECTION('',(0.,1.,0.));
#5844 = ADVANCED_FACE('',(#5845),#5870,.F.);
#5845 = FACE_BOUND('',#5846,.F.);
#5846 = EDGE_LOOP('',(#5847,#5848,#5856,#5864));
#5847 = ORIENTED_EDGE('',*,*,#5826,.T.);
#5848 = ORIENTED_EDGE('',*,*,#5849,.T.);
#5849 = EDGE_CURVE('',#5819,#5850,#5852,.T.);
#5850 = VERTEX_POINT('',#5851);
#5851 = CARTESIAN_POINT('',(27.573681469282,13.4165,-2.45));
#5852 = LINE('',#5853,#5854);
#5853 = CARTESIAN_POINT('',(28.321681469282,13.5661,-2.45));
#5854 = VECTOR('',#5855,1.);
#5855 = DIRECTION('',(-0.980580675691,-0.196116135138,0.));
#5856 = ORIENTED_EDGE('',*,*,#5857,.F.);
#5857 = EDGE_CURVE('',#5858,#5850,#5860,.T.);
#5858 = VERTEX_POINT('',#5859);
#5859 = CARTESIAN_POINT('',(27.573681469282,13.4165,-3.8));
#5860 = LINE('',#5861,#5862);
#5861 = CARTESIAN_POINT('',(27.573681469282,13.4165,-3.8));
#5862 = VECTOR('',#5863,1.);
#5863 = DIRECTION('',(0.,0.,1.));
#5864 = ORIENTED_EDGE('',*,*,#5865,.F.);
#5865 = EDGE_CURVE('',#5827,#5858,#5866,.T.);
#5866 = LINE('',#5867,#5868);
#5867 = CARTESIAN_POINT('',(28.321681469282,13.5661,-3.8));
#5868 = VECTOR('',#5869,1.);
#5869 = DIRECTION('',(-0.980580675691,-0.196116135138,0.));
#5870 = PLANE('',#5871);
#5871 = AXIS2_PLACEMENT_3D('',#5872,#5873,#5874);
#5872 = CARTESIAN_POINT('',(28.321681469282,13.5661,-3.8));
#5873 = DIRECTION('',(0.196116135138,-0.980580675691,0.));
#5874 = DIRECTION('',(-0.980580675691,-0.196116135138,0.));
#5875 = ADVANCED_FACE('',(#5876),#5901,.F.);
#5876 = FACE_BOUND('',#5877,.F.);
#5877 = EDGE_LOOP('',(#5878,#5879,#5887,#5895));
#5878 = ORIENTED_EDGE('',*,*,#5857,.T.);
#5879 = ORIENTED_EDGE('',*,*,#5880,.T.);
#5880 = EDGE_CURVE('',#5850,#5881,#5883,.T.);
#5881 = VERTEX_POINT('',#5882);
#5882 = CARTESIAN_POINT('',(15.000681469282,13.2895,-2.45));
#5883 = LINE('',#5884,#5885);
#5884 = CARTESIAN_POINT('',(27.573681469282,13.4165,-2.45));
#5885 = VECTOR('',#5886,1.);
#5886 = DIRECTION('',(-0.999948988701,-1.010049483536E-02,0.));
#5887 = ORIENTED_EDGE('',*,*,#5888,.F.);
#5888 = EDGE_CURVE('',#5889,#5881,#5891,.T.);
#5889 = VERTEX_POINT('',#5890);
#5890 = CARTESIAN_POINT('',(15.000681469282,13.2895,-3.8));
#5891 = LINE('',#5892,#5893);
#5892 = CARTESIAN_POINT('',(15.000681469282,13.2895,-3.8));
#5893 = VECTOR('',#5894,1.);
#5894 = DIRECTION('',(0.,0.,1.));
#5895 = ORIENTED_EDGE('',*,*,#5896,.F.);
#5896 = EDGE_CURVE('',#5858,#5889,#5897,.T.);
#5897 = LINE('',#5898,#5899);
#5898 = CARTESIAN_POINT('',(27.573681469282,13.4165,-3.8));
#5899 = VECTOR('',#5900,1.);
#5900 = DIRECTION('',(-0.999948988701,-1.010049483536E-02,0.));
#5901 = PLANE('',#5902);
#5902 = AXIS2_PLACEMENT_3D('',#5903,#5904,#5905);
#5903 = CARTESIAN_POINT('',(27.573681469282,13.4165,-3.8));
#5904 = DIRECTION('',(1.010049483536E-02,-0.999948988701,0.));
#5905 = DIRECTION('',(-0.999948988701,-1.010049483536E-02,0.));
#5906 = ADVANCED_FACE('',(#5907),#5932,.F.);
#5907 = FACE_BOUND('',#5908,.F.);
#5908 = EDGE_LOOP('',(#5909,#5910,#5918,#5926));
#5909 = ORIENTED_EDGE('',*,*,#5888,.T.);
#5910 = ORIENTED_EDGE('',*,*,#5911,.T.);
#5911 = EDGE_CURVE('',#5881,#5912,#5914,.T.);
#5912 = VERTEX_POINT('',#5913);
#5913 = CARTESIAN_POINT('',(8.142681469282,13.2895,-2.45));
#5914 = LINE('',#5915,#5916);
#5915 = CARTESIAN_POINT('',(15.000681469282,13.2895,-2.45));
#5916 = VECTOR('',#5917,1.);
#5917 = DIRECTION('',(-1.,0.,0.));
#5918 = ORIENTED_EDGE('',*,*,#5919,.F.);
#5919 = EDGE_CURVE('',#5920,#5912,#5922,.T.);
#5920 = VERTEX_POINT('',#5921);
#5921 = CARTESIAN_POINT('',(8.142681469282,13.2895,-3.8));
#5922 = LINE('',#5923,#5924);
#5923 = CARTESIAN_POINT('',(8.142681469282,13.2895,-3.8));
#5924 = VECTOR('',#5925,1.);
#5925 = DIRECTION('',(0.,0.,1.));
#5926 = ORIENTED_EDGE('',*,*,#5927,.F.);
#5927 = EDGE_CURVE('',#5889,#5920,#5928,.T.);
#5928 = LINE('',#5929,#5930);
#5929 = CARTESIAN_POINT('',(15.000681469282,13.2895,-3.8));
#5930 = VECTOR('',#5931,1.);
#5931 = DIRECTION('',(-1.,0.,0.));
#5932 = PLANE('',#5933);
#5933 = AXIS2_PLACEMENT_3D('',#5934,#5935,#5936);
#5934 = CARTESIAN_POINT('',(15.000681469282,13.2895,-3.8));
#5935 = DIRECTION('',(0.,-1.,0.));
#5936 = DIRECTION('',(-1.,0.,0.));
#5937 = ADVANCED_FACE('',(#5938),#5963,.F.);
#5938 = FACE_BOUND('',#5939,.F.);
#5939 = EDGE_LOOP('',(#5940,#5941,#5949,#5957));
#5940 = ORIENTED_EDGE('',*,*,#5919,.T.);
#5941 = ORIENTED_EDGE('',*,*,#5942,.T.);
#5942 = EDGE_CURVE('',#5912,#5943,#5945,.T.);
#5943 = VERTEX_POINT('',#5944);
#5944 = CARTESIAN_POINT('',(7.421681469282,13.249444444444,-2.45));
#5945 = LINE('',#5946,#5947);
#5946 = CARTESIAN_POINT('',(8.142681469282,13.2895,-2.45));
#5947 = VECTOR('',#5948,1.);
#5948 = DIRECTION('',(-0.998460353205,-5.547001962254E-02,0.));
#5949 = ORIENTED_EDGE('',*,*,#5950,.F.);
#5950 = EDGE_CURVE('',#5951,#5943,#5953,.T.);
#5951 = VERTEX_POINT('',#5952);
#5952 = CARTESIAN_POINT('',(7.421681469282,13.249444444444,-3.8));
#5953 = LINE('',#5954,#5955);
#5954 = CARTESIAN_POINT('',(7.421681469282,13.249444444444,-3.8));
#5955 = VECTOR('',#5956,1.);
#5956 = DIRECTION('',(0.,0.,1.));
#5957 = ORIENTED_EDGE('',*,*,#5958,.F.);
#5958 = EDGE_CURVE('',#5920,#5951,#5959,.T.);
#5959 = LINE('',#5960,#5961);
#5960 = CARTESIAN_POINT('',(8.142681469282,13.2895,-3.8));
#5961 = VECTOR('',#5962,1.);
#5962 = DIRECTION('',(-0.998460353205,-5.547001962254E-02,0.));
#5963 = PLANE('',#5964);
#5964 = AXIS2_PLACEMENT_3D('',#5965,#5966,#5967);
#5965 = CARTESIAN_POINT('',(8.142681469282,13.2895,-3.8));
#5966 = DIRECTION('',(5.547001962254E-02,-0.998460353205,0.));
#5967 = DIRECTION('',(-0.998460353205,-5.547001962254E-02,0.));
#5968 = ADVANCED_FACE('',(#5969),#5985,.F.);
#5969 = FACE_BOUND('',#5970,.F.);
#5970 = EDGE_LOOP('',(#5971,#5972,#5978,#5979));
#5971 = ORIENTED_EDGE('',*,*,#5950,.T.);
#5972 = ORIENTED_EDGE('',*,*,#5973,.T.);
#5973 = EDGE_CURVE('',#5943,#5718,#5974,.T.);
#5974 = LINE('',#5975,#5976);
#5975 = CARTESIAN_POINT('',(7.421681469282,13.249444444444,-2.45));
#5976 = VECTOR('',#5977,1.);
#5977 = DIRECTION('',(0.,-1.,0.));
#5978 = ORIENTED_EDGE('',*,*,#5715,.F.);
#5979 = ORIENTED_EDGE('',*,*,#5980,.F.);
#5980 = EDGE_CURVE('',#5951,#5716,#5981,.T.);
#5981 = LINE('',#5982,#5983);
#5982 = CARTESIAN_POINT('',(7.421681469282,13.249444444444,-3.8));
#5983 = VECTOR('',#5984,1.);
#5984 = DIRECTION('',(0.,-1.,0.));
#5985 = PLANE('',#5986);
#5986 = AXIS2_PLACEMENT_3D('',#5987,#5988,#5989);
#5987 = CARTESIAN_POINT('',(7.421681469282,13.249444444444,-3.8));
#5988 = DIRECTION('',(1.,0.,0.));
#5989 = DIRECTION('',(0.,-1.,0.));
#5990 = ADVANCED_FACE('',(#5991),#6002,.F.);
#5991 = FACE_BOUND('',#5992,.F.);
#5992 = EDGE_LOOP('',(#5993,#5994,#5995,#5996,#5997,#5998,#5999,#6000,
    #6001));
#5993 = ORIENTED_EDGE('',*,*,#5741,.T.);
#5994 = ORIENTED_EDGE('',*,*,#5772,.T.);
#5995 = ORIENTED_EDGE('',*,*,#5803,.T.);
#5996 = ORIENTED_EDGE('',*,*,#5834,.T.);
#5997 = ORIENTED_EDGE('',*,*,#5865,.T.);
#5998 = ORIENTED_EDGE('',*,*,#5896,.T.);
#5999 = ORIENTED_EDGE('',*,*,#5927,.T.);
#6000 = ORIENTED_EDGE('',*,*,#5958,.T.);
#6001 = ORIENTED_EDGE('',*,*,#5980,.T.);
#6002 = PLANE('',#6003);
#6003 = AXIS2_PLACEMENT_3D('',#6004,#6005,#6006);
#6004 = CARTESIAN_POINT('',(17.698929563958,9.114684517177,-3.8));
#6005 = DIRECTION('',(0.,0.,1.));
#6006 = DIRECTION('',(1.,0.,-0.));
#6007 = ADVANCED_FACE('',(#6008),#6019,.T.);
#6008 = FACE_BOUND('',#6009,.T.);
#6009 = EDGE_LOOP('',(#6010,#6011,#6012,#6013,#6014,#6015,#6016,#6017,
    #6018));
#6010 = ORIENTED_EDGE('',*,*,#5725,.T.);
#6011 = ORIENTED_EDGE('',*,*,#5756,.T.);
#6012 = ORIENTED_EDGE('',*,*,#5787,.T.);
#6013 = ORIENTED_EDGE('',*,*,#5818,.T.);
#6014 = ORIENTED_EDGE('',*,*,#5849,.T.);
#6015 = ORIENTED_EDGE('',*,*,#5880,.T.);
#6016 = ORIENTED_EDGE('',*,*,#5911,.T.);
#6017 = ORIENTED_EDGE('',*,*,#5942,.T.);
#6018 = ORIENTED_EDGE('',*,*,#5973,.T.);
#6019 = PLANE('',#6020);
#6020 = AXIS2_PLACEMENT_3D('',#6021,#6022,#6023);
#6021 = CARTESIAN_POINT('',(17.698929563958,9.114684517177,-2.45));
#6022 = DIRECTION('',(0.,0.,1.));
#6023 = DIRECTION('',(1.,0.,-0.));
#6024 = MANIFOLD_SOLID_BREP('',#6025);
#6025 = CLOSED_SHELL('',(#6026,#6066,#6097,#6128,#6150,#6162));
#6026 = ADVANCED_FACE('',(#6027),#6061,.F.);
#6027 = FACE_BOUND('',#6028,.F.);
#6028 = EDGE_LOOP('',(#6029,#6039,#6047,#6055));
#6029 = ORIENTED_EDGE('',*,*,#6030,.T.);
#6030 = EDGE_CURVE('',#6031,#6033,#6035,.T.);
#6031 = VERTEX_POINT('',#6032);
#6032 = CARTESIAN_POINT('',(37.018362938564,10.47,0.175));
#6033 = VERTEX_POINT('',#6034);
#6034 = CARTESIAN_POINT('',(37.018362938564,10.47,0.6));
#6035 = LINE('',#6036,#6037);
#6036 = CARTESIAN_POINT('',(37.018362938564,10.47,0.175));
#6037 = VECTOR('',#6038,1.);
#6038 = DIRECTION('',(0.,0.,1.));
#6039 = ORIENTED_EDGE('',*,*,#6040,.T.);
#6040 = EDGE_CURVE('',#6033,#6041,#6043,.T.);
#6041 = VERTEX_POINT('',#6042);
#6042 = CARTESIAN_POINT('',(45.568362938564,10.47,0.6));
#6043 = LINE('',#6044,#6045);
#6044 = CARTESIAN_POINT('',(37.018362938564,10.47,0.6));
#6045 = VECTOR('',#6046,1.);
#6046 = DIRECTION('',(1.,0.,0.));
#6047 = ORIENTED_EDGE('',*,*,#6048,.F.);
#6048 = EDGE_CURVE('',#6049,#6041,#6051,.T.);
#6049 = VERTEX_POINT('',#6050);
#6050 = CARTESIAN_POINT('',(45.568362938564,10.47,0.175));
#6051 = LINE('',#6052,#6053);
#6052 = CARTESIAN_POINT('',(45.568362938564,10.47,0.175));
#6053 = VECTOR('',#6054,1.);
#6054 = DIRECTION('',(0.,0.,1.));
#6055 = ORIENTED_EDGE('',*,*,#6056,.F.);
#6056 = EDGE_CURVE('',#6031,#6049,#6057,.T.);
#6057 = LINE('',#6058,#6059);
#6058 = CARTESIAN_POINT('',(37.018362938564,10.47,0.175));
#6059 = VECTOR('',#6060,1.);
#6060 = DIRECTION('',(1.,0.,0.));
#6061 = PLANE('',#6062);
#6062 = AXIS2_PLACEMENT_3D('',#6063,#6064,#6065);
#6063 = CARTESIAN_POINT('',(37.018362938564,10.47,0.175));
#6064 = DIRECTION('',(0.,1.,0.));
#6065 = DIRECTION('',(1.,0.,0.));
#6066 = ADVANCED_FACE('',(#6067),#6092,.F.);
#6067 = FACE_BOUND('',#6068,.F.);
#6068 = EDGE_LOOP('',(#6069,#6070,#6078,#6086));
#6069 = ORIENTED_EDGE('',*,*,#6048,.T.);
#6070 = ORIENTED_EDGE('',*,*,#6071,.T.);
#6071 = EDGE_CURVE('',#6041,#6072,#6074,.T.);
#6072 = VERTEX_POINT('',#6073);
#6073 = CARTESIAN_POINT('',(45.568362938564,12.17,0.6));
#6074 = LINE('',#6075,#6076);
#6075 = CARTESIAN_POINT('',(45.568362938564,10.47,0.6));
#6076 = VECTOR('',#6077,1.);
#6077 = DIRECTION('',(0.,1.,0.));
#6078 = ORIENTED_EDGE('',*,*,#6079,.F.);
#6079 = EDGE_CURVE('',#6080,#6072,#6082,.T.);
#6080 = VERTEX_POINT('',#6081);
#6081 = CARTESIAN_POINT('',(45.568362938564,12.17,0.175));
#6082 = LINE('',#6083,#6084);
#6083 = CARTESIAN_POINT('',(45.568362938564,12.17,0.175));
#6084 = VECTOR('',#6085,1.);
#6085 = DIRECTION('',(0.,0.,1.));
#6086 = ORIENTED_EDGE('',*,*,#6087,.F.);
#6087 = EDGE_CURVE('',#6049,#6080,#6088,.T.);
#6088 = LINE('',#6089,#6090);
#6089 = CARTESIAN_POINT('',(45.568362938564,10.47,0.175));
#6090 = VECTOR('',#6091,1.);
#6091 = DIRECTION('',(0.,1.,0.));
#6092 = PLANE('',#6093);
#6093 = AXIS2_PLACEMENT_3D('',#6094,#6095,#6096);
#6094 = CARTESIAN_POINT('',(45.568362938564,10.47,0.175));
#6095 = DIRECTION('',(-1.,0.,0.));
#6096 = DIRECTION('',(0.,1.,0.));
#6097 = ADVANCED_FACE('',(#6098),#6123,.F.);
#6098 = FACE_BOUND('',#6099,.F.);
#6099 = EDGE_LOOP('',(#6100,#6101,#6109,#6117));
#6100 = ORIENTED_EDGE('',*,*,#6079,.T.);
#6101 = ORIENTED_EDGE('',*,*,#6102,.T.);
#6102 = EDGE_CURVE('',#6072,#6103,#6105,.T.);
#6103 = VERTEX_POINT('',#6104);
#6104 = CARTESIAN_POINT('',(37.018362938564,12.17,0.6));
#6105 = LINE('',#6106,#6107);
#6106 = CARTESIAN_POINT('',(45.568362938564,12.17,0.6));
#6107 = VECTOR('',#6108,1.);
#6108 = DIRECTION('',(-1.,0.,0.));
#6109 = ORIENTED_EDGE('',*,*,#6110,.F.);
#6110 = EDGE_CURVE('',#6111,#6103,#6113,.T.);
#6111 = VERTEX_POINT('',#6112);
#6112 = CARTESIAN_POINT('',(37.018362938564,12.17,0.175));
#6113 = LINE('',#6114,#6115);
#6114 = CARTESIAN_POINT('',(37.018362938564,12.17,0.175));
#6115 = VECTOR('',#6116,1.);
#6116 = DIRECTION('',(0.,0.,1.));
#6117 = ORIENTED_EDGE('',*,*,#6118,.F.);
#6118 = EDGE_CURVE('',#6080,#6111,#6119,.T.);
#6119 = LINE('',#6120,#6121);
#6120 = CARTESIAN_POINT('',(45.568362938564,12.17,0.175));
#6121 = VECTOR('',#6122,1.);
#6122 = DIRECTION('',(-1.,0.,0.));
#6123 = PLANE('',#6124);
#6124 = AXIS2_PLACEMENT_3D('',#6125,#6126,#6127);
#6125 = CARTESIAN_POINT('',(45.568362938564,12.17,0.175));
#6126 = DIRECTION('',(0.,-1.,0.));
#6127 = DIRECTION('',(-1.,0.,0.));
#6128 = ADVANCED_FACE('',(#6129),#6145,.F.);
#6129 = FACE_BOUND('',#6130,.F.);
#6130 = EDGE_LOOP('',(#6131,#6132,#6138,#6139));
#6131 = ORIENTED_EDGE('',*,*,#6110,.T.);
#6132 = ORIENTED_EDGE('',*,*,#6133,.T.);
#6133 = EDGE_CURVE('',#6103,#6033,#6134,.T.);
#6134 = LINE('',#6135,#6136);
#6135 = CARTESIAN_POINT('',(37.018362938564,12.17,0.6));
#6136 = VECTOR('',#6137,1.);
#6137 = DIRECTION('',(0.,-1.,0.));
#6138 = ORIENTED_EDGE('',*,*,#6030,.F.);
#6139 = ORIENTED_EDGE('',*,*,#6140,.F.);
#6140 = EDGE_CURVE('',#6111,#6031,#6141,.T.);
#6141 = LINE('',#6142,#6143);
#6142 = CARTESIAN_POINT('',(37.018362938564,12.17,0.175));
#6143 = VECTOR('',#6144,1.);
#6144 = DIRECTION('',(0.,-1.,0.));
#6145 = PLANE('',#6146);
#6146 = AXIS2_PLACEMENT_3D('',#6147,#6148,#6149);
#6147 = CARTESIAN_POINT('',(37.018362938564,12.17,0.175));
#6148 = DIRECTION('',(1.,0.,0.));
#6149 = DIRECTION('',(0.,-1.,0.));
#6150 = ADVANCED_FACE('',(#6151),#6157,.F.);
#6151 = FACE_BOUND('',#6152,.F.);
#6152 = EDGE_LOOP('',(#6153,#6154,#6155,#6156));
#6153 = ORIENTED_EDGE('',*,*,#6056,.T.);
#6154 = ORIENTED_EDGE('',*,*,#6087,.T.);
#6155 = ORIENTED_EDGE('',*,*,#6118,.T.);
#6156 = ORIENTED_EDGE('',*,*,#6140,.T.);
#6157 = PLANE('',#6158);
#6158 = AXIS2_PLACEMENT_3D('',#6159,#6160,#6161);
#6159 = CARTESIAN_POINT('',(41.293362938564,11.32,0.175));
#6160 = DIRECTION('',(0.,0.,1.));
#6161 = DIRECTION('',(1.,0.,-0.));
#6162 = ADVANCED_FACE('',(#6163),#6169,.T.);
#6163 = FACE_BOUND('',#6164,.T.);
#6164 = EDGE_LOOP('',(#6165,#6166,#6167,#6168));
#6165 = ORIENTED_EDGE('',*,*,#6040,.T.);
#6166 = ORIENTED_EDGE('',*,*,#6071,.T.);
#6167 = ORIENTED_EDGE('',*,*,#6102,.T.);
#6168 = ORIENTED_EDGE('',*,*,#6133,.T.);
#6169 = PLANE('',#6170);
#6170 = AXIS2_PLACEMENT_3D('',#6171,#6172,#6173);
#6171 = CARTESIAN_POINT('',(41.293362938564,11.32,0.6));
#6172 = DIRECTION('',(0.,0.,1.));
#6173 = DIRECTION('',(1.,0.,-0.));
#6174 = SHELL_BASED_SURFACE_MODEL('',(#6175));
#6175 = OPEN_SHELL('',(#6176));
#6176 = ADVANCED_FACE('',(#6177),#6211,.T.);
#6177 = FACE_BOUND('',#6178,.T.);
#6178 = EDGE_LOOP('',(#6179,#6189,#6197,#6205));
#6179 = ORIENTED_EDGE('',*,*,#6180,.F.);
#6180 = EDGE_CURVE('',#6181,#6183,#6185,.T.);
#6181 = VERTEX_POINT('',#6182);
#6182 = CARTESIAN_POINT('',(10.5,5.07,-6.005));
#6183 = VERTEX_POINT('',#6184);
#6184 = CARTESIAN_POINT('',(10.5,13.37,-6.005));
#6185 = LINE('',#6186,#6187);
#6186 = CARTESIAN_POINT('',(10.5,5.07,-6.005));
#6187 = VECTOR('',#6188,1.);
#6188 = DIRECTION('',(0.,1.,0.));
#6189 = ORIENTED_EDGE('',*,*,#6190,.T.);
#6190 = EDGE_CURVE('',#6181,#6191,#6193,.T.);
#6191 = VERTEX_POINT('',#6192);
#6192 = CARTESIAN_POINT('',(261.5,5.07,-6.005));
#6193 = LINE('',#6194,#6195);
#6194 = CARTESIAN_POINT('',(10.5,5.07,-6.005));
#6195 = VECTOR('',#6196,1.);
#6196 = DIRECTION('',(1.,0.,0.));
#6197 = ORIENTED_EDGE('',*,*,#6198,.T.);
#6198 = EDGE_CURVE('',#6191,#6199,#6201,.T.);
#6199 = VERTEX_POINT('',#6200);
#6200 = CARTESIAN_POINT('',(261.5,13.37,-6.005));
#6201 = LINE('',#6202,#6203);
#6202 = CARTESIAN_POINT('',(261.5,5.07,-6.005));
#6203 = VECTOR('',#6204,1.);
#6204 = DIRECTION('',(0.,1.,0.));
#6205 = ORIENTED_EDGE('',*,*,#6206,.F.);
#6206 = EDGE_CURVE('',#6183,#6199,#6207,.T.);
#6207 = LINE('',#6208,#6209);
#6208 = CARTESIAN_POINT('',(10.5,13.37,-6.005));
#6209 = VECTOR('',#6210,1.);
#6210 = DIRECTION('',(1.,0.,0.));
#6211 = PLANE('',#6212);
#6212 = AXIS2_PLACEMENT_3D('',#6213,#6214,#6215);
#6213 = CARTESIAN_POINT('',(10.5,5.07,-6.005));
#6214 = DIRECTION('',(0.,0.,1.));
#6215 = DIRECTION('',(1.,0.,-0.));
#6216 = SHELL_BASED_SURFACE_MODEL('',(#6217));
#6217 = OPEN_SHELL('',(#6218));
#6218 = ADVANCED_FACE('',(#6219),#6253,.T.);
#6219 = FACE_BOUND('',#6220,.T.);
#6220 = EDGE_LOOP('',(#6221,#6231,#6239,#6247));
#6221 = ORIENTED_EDGE('',*,*,#6222,.T.);
#6222 = EDGE_CURVE('',#6223,#6225,#6227,.T.);
#6223 = VERTEX_POINT('',#6224);
#6224 = CARTESIAN_POINT('',(7.821681469282,4.77,-1.147));
#6225 = VERTEX_POINT('',#6226);
#6226 = CARTESIAN_POINT('',(17.856681469282,4.77,-1.147));
#6227 = LINE('',#6228,#6229);
#6228 = CARTESIAN_POINT('',(7.821681469282,4.77,-1.147));
#6229 = VECTOR('',#6230,1.);
#6230 = DIRECTION('',(1.,0.,0.));
#6231 = ORIENTED_EDGE('',*,*,#6232,.T.);
#6232 = EDGE_CURVE('',#6225,#6233,#6235,.T.);
#6233 = VERTEX_POINT('',#6234);
#6234 = CARTESIAN_POINT('',(17.856681469282,14.047,-1.147));
#6235 = LINE('',#6236,#6237);
#6236 = CARTESIAN_POINT('',(17.856681469282,4.77,-1.147));
#6237 = VECTOR('',#6238,1.);
#6238 = DIRECTION('',(0.,1.,0.));
#6239 = ORIENTED_EDGE('',*,*,#6240,.T.);
#6240 = EDGE_CURVE('',#6233,#6241,#6243,.T.);
#6241 = VERTEX_POINT('',#6242);
#6242 = CARTESIAN_POINT('',(7.821681469282,14.047,-1.147));
#6243 = LINE('',#6244,#6245);
#6244 = CARTESIAN_POINT('',(17.856681469282,14.047,-1.147));
#6245 = VECTOR('',#6246,1.);
#6246 = DIRECTION('',(-1.,0.,0.));
#6247 = ORIENTED_EDGE('',*,*,#6248,.T.);
#6248 = EDGE_CURVE('',#6241,#6223,#6249,.T.);
#6249 = LINE('',#6250,#6251);
#6250 = CARTESIAN_POINT('',(7.821681469282,14.047,-1.147));
#6251 = VECTOR('',#6252,1.);
#6252 = DIRECTION('',(0.,-1.,0.));
#6253 = PLANE('',#6254);
#6254 = AXIS2_PLACEMENT_3D('',#6255,#6256,#6257);
#6255 = CARTESIAN_POINT('',(12.839181469282,9.4085,-1.147));
#6256 = DIRECTION('',(0.,0.,1.));
#6257 = DIRECTION('',(1.,0.,-0.));
#6258 = SHELL_BASED_SURFACE_MODEL('',(#6259));
#6259 = OPEN_SHELL('',(#6260));
#6260 = ADVANCED_FACE('',(#6261),#6295,.T.);
#6261 = FACE_BOUND('',#6262,.T.);
#6262 = EDGE_LOOP('',(#6263,#6273,#6281,#6289));
#6263 = ORIENTED_EDGE('',*,*,#6264,.T.);
#6264 = EDGE_CURVE('',#6265,#6267,#6269,.T.);
#6265 = VERTEX_POINT('',#6266);
#6266 = CARTESIAN_POINT('',(7.888681469282,4.52,-2.447));
#6267 = VERTEX_POINT('',#6268);
#6268 = CARTESIAN_POINT('',(14.492681469282,4.52,-2.447));
#6269 = LINE('',#6270,#6271);
#6270 = CARTESIAN_POINT('',(7.888681469282,4.52,-2.447));
#6271 = VECTOR('',#6272,1.);
#6272 = DIRECTION('',(1.,0.,0.));
#6273 = ORIENTED_EDGE('',*,*,#6274,.T.);
#6274 = EDGE_CURVE('',#6267,#6275,#6277,.T.);
#6275 = VERTEX_POINT('',#6276);
#6276 = CARTESIAN_POINT('',(14.492681469282,13.32,-2.447));
#6277 = LINE('',#6278,#6279);
#6278 = CARTESIAN_POINT('',(14.492681469282,4.52,-2.447));
#6279 = VECTOR('',#6280,1.);
#6280 = DIRECTION('',(0.,1.,0.));
#6281 = ORIENTED_EDGE('',*,*,#6282,.T.);
#6282 = EDGE_CURVE('',#6275,#6283,#6285,.T.);
#6283 = VERTEX_POINT('',#6284);
#6284 = CARTESIAN_POINT('',(7.888681469282,13.32,-2.447));
#6285 = LINE('',#6286,#6287);
#6286 = CARTESIAN_POINT('',(14.492681469282,13.32,-2.447));
#6287 = VECTOR('',#6288,1.);
#6288 = DIRECTION('',(-1.,0.,0.));
#6289 = ORIENTED_EDGE('',*,*,#6290,.T.);
#6290 = EDGE_CURVE('',#6283,#6265,#6291,.T.);
#6291 = LINE('',#6292,#6293);
#6292 = CARTESIAN_POINT('',(7.888681469282,13.32,-2.447));
#6293 = VECTOR('',#6294,1.);
#6294 = DIRECTION('',(0.,-1.,0.));
#6295 = PLANE('',#6296);
#6296 = AXIS2_PLACEMENT_3D('',#6297,#6298,#6299);
#6297 = CARTESIAN_POINT('',(11.190681469282,8.92,-2.447));
#6298 = DIRECTION('',(0.,0.,1.));
#6299 = DIRECTION('',(1.,0.,-0.));
#6300 = ( GEOMETRIC_REPRESENTATION_CONTEXT(3) 
GLOBAL_UNCERTAINTY_ASSIGNED_CONTEXT((#6304)) 
GLOBAL_UNIT_ASSIGNED_CONTEXT((#6301,#6302,#6303)) REPRESENTATION_CONTEXT
('Context #1','3D Context with UNIT and UNCERTAINTY') );
#6301 = ( LENGTH_UNIT() NAMED_UNIT(*) SI_UNIT(.MILLI.,.METRE.) );
#6302 = ( NAMED_UNIT(*) PLANE_ANGLE_UNIT() SI_UNIT($,.RADIAN.) );
#6303 = ( NAMED_UNIT(*) SI_UNIT($,.STERADIAN.) SOLID_ANGLE_UNIT() );
#6304 = UNCERTAINTY_MEASURE_WITH_UNIT(LENGTH_MEASURE(1.E-07),#6301,
  'distance_accuracy_value','confusion accuracy');
#6305 = CONTEXT_DEPENDENT_SHAPE_REPRESENTATION(#6306,#6308);
#6306 = ( REPRESENTATION_RELATIONSHIP('','',#670,#10) 
REPRESENTATION_RELATIONSHIP_WITH_TRANSFORMATION(#6307) 
SHAPE_REPRESENTATION_RELATIONSHIP() );
#6307 = ITEM_DEFINED_TRANSFORMATION('','',#11,#23);
#6308 = PRODUCT_DEFINITION_SHAPE('Placement','Placement of an item',
  #6309);
#6309 = NEXT_ASSEMBLY_USAGE_OCCURRENCE('3','MECH1','',#5,#665,$);
#6310 = PRODUCT_RELATED_PRODUCT_CATEGORY('part',$,(#667));
#6311 = SHAPE_DEFINITION_REPRESENTATION(#6312,#6318);
#6312 = PRODUCT_DEFINITION_SHAPE('','',#6313);
#6313 = PRODUCT_DEFINITION('design','',#6314,#6317);
#6314 = PRODUCT_DEFINITION_FORMATION('','',#6315);
#6315 = PRODUCT('J2_envelope','J2_envelope','',(#6316));
#6316 = PRODUCT_CONTEXT('',#2,'mechanical');
#6317 = PRODUCT_DEFINITION_CONTEXT('part definition',#2,'design');
#6318 = ADVANCED_BREP_SHAPE_REPRESENTATION('',(#11,#6319),#6611);
#6319 = MANIFOLD_SOLID_BREP('',#6320);
#6320 = CLOSED_SHELL('',(#6321,#6361,#6392,#6450,#6474,#6491,#6503,#6534
    ,#6558,#6582,#6599));
#6321 = ADVANCED_FACE('',(#6322),#6356,.F.);
#6322 = FACE_BOUND('',#6323,.F.);
#6323 = EDGE_LOOP('',(#6324,#6334,#6342,#6350));
#6324 = ORIENTED_EDGE('',*,*,#6325,.F.);
#6325 = EDGE_CURVE('',#6326,#6328,#6330,.T.);
#6326 = VERTEX_POINT('',#6327);
#6327 = CARTESIAN_POINT('',(-3.6,1.9,0.));
#6328 = VERTEX_POINT('',#6329);
#6329 = CARTESIAN_POINT('',(-3.6,1.9,0.58));
#6330 = LINE('',#6331,#6332);
#6331 = CARTESIAN_POINT('',(-3.6,1.9,0.));
#6332 = VECTOR('',#6333,1.);
#6333 = DIRECTION('',(0.,0.,1.));
#6334 = ORIENTED_EDGE('',*,*,#6335,.T.);
#6335 = EDGE_CURVE('',#6326,#6336,#6338,.T.);
#6336 = VERTEX_POINT('',#6337);
#6337 = CARTESIAN_POINT('',(3.6,1.9,0.));
#6338 = LINE('',#6339,#6340);
#6339 = CARTESIAN_POINT('',(-3.6,1.9,0.));
#6340 = VECTOR('',#6341,1.);
#6341 = DIRECTION('',(1.,1.110223024625E-16,0.));
#6342 = ORIENTED_EDGE('',*,*,#6343,.T.);
#6343 = EDGE_CURVE('',#6336,#6344,#6346,.T.);
#6344 = VERTEX_POINT('',#6345);
#6345 = CARTESIAN_POINT('',(3.6,1.9,0.58));
#6346 = LINE('',#6347,#6348);
#6347 = CARTESIAN_POINT('',(3.6,1.9,0.));
#6348 = VECTOR('',#6349,1.);
#6349 = DIRECTION('',(0.,0.,1.));
#6350 = ORIENTED_EDGE('',*,*,#6351,.F.);
#6351 = EDGE_CURVE('',#6328,#6344,#6352,.T.);
#6352 = LINE('',#6353,#6354);
#6353 = CARTESIAN_POINT('',(-3.6,1.9,0.58));
#6354 = VECTOR('',#6355,1.);
#6355 = DIRECTION('',(1.,1.110223024625E-16,0.));
#6356 = PLANE('',#6357);
#6357 = AXIS2_PLACEMENT_3D('',#6358,#6359,#6360);
#6358 = CARTESIAN_POINT('',(-3.6,1.9,0.));
#6359 = DIRECTION('',(1.110223024625E-16,-1.,0.));
#6360 = DIRECTION('',(0.,0.,1.));
#6361 = ADVANCED_FACE('',(#6362),#6387,.F.);
#6362 = FACE_BOUND('',#6363,.F.);
#6363 = EDGE_LOOP('',(#6364,#6372,#6373,#6381));
#6364 = ORIENTED_EDGE('',*,*,#6365,.F.);
#6365 = EDGE_CURVE('',#6326,#6366,#6368,.T.);
#6366 = VERTEX_POINT('',#6367);
#6367 = CARTESIAN_POINT('',(-3.6,-1.9,0.));
#6368 = LINE('',#6369,#6370);
#6369 = CARTESIAN_POINT('',(-3.6,1.9,0.));
#6370 = VECTOR('',#6371,1.);
#6371 = DIRECTION('',(1.110223024625E-16,-1.,0.));
#6372 = ORIENTED_EDGE('',*,*,#6325,.T.);
#6373 = ORIENTED_EDGE('',*,*,#6374,.T.);
#6374 = EDGE_CURVE('',#6328,#6375,#6377,.T.);
#6375 = VERTEX_POINT('',#6376);
#6376 = CARTESIAN_POINT('',(-3.6,-1.9,0.58));
#6377 = LINE('',#6378,#6379);
#6378 = CARTESIAN_POINT('',(-3.6,1.9,0.58));
#6379 = VECTOR('',#6380,1.);
#6380 = DIRECTION('',(1.110223024625E-16,-1.,0.));
#6381 = ORIENTED_EDGE('',*,*,#6382,.F.);
#6382 = EDGE_CURVE('',#6366,#6375,#6383,.T.);
#6383 = LINE('',#6384,#6385);
#6384 = CARTESIAN_POINT('',(-3.6,-1.9,0.));
#6385 = VECTOR('',#6386,1.);
#6386 = DIRECTION('',(0.,0.,1.));
#6387 = PLANE('',#6388);
#6388 = AXIS2_PLACEMENT_3D('',#6389,#6390,#6391);
#6389 = CARTESIAN_POINT('',(-3.6,1.9,0.));
#6390 = DIRECTION('',(1.,1.110223024625E-16,0.));
#6391 = DIRECTION('',(0.,-0.,1.));
#6392 = ADVANCED_FACE('',(#6393,#6411),#6445,.T.);
#6393 = FACE_BOUND('',#6394,.T.);
#6394 = EDGE_LOOP('',(#6395,#6396,#6397,#6405));
#6395 = ORIENTED_EDGE('',*,*,#6351,.F.);
#6396 = ORIENTED_EDGE('',*,*,#6374,.T.);
#6397 = ORIENTED_EDGE('',*,*,#6398,.T.);
#6398 = EDGE_CURVE('',#6375,#6399,#6401,.T.);
#6399 = VERTEX_POINT('',#6400);
#6400 = CARTESIAN_POINT('',(3.6,-1.9,0.58));
#6401 = LINE('',#6402,#6403);
#6402 = CARTESIAN_POINT('',(-3.6,-1.9,0.58));
#6403 = VECTOR('',#6404,1.);
#6404 = DIRECTION('',(1.,1.110223024625E-16,0.));
#6405 = ORIENTED_EDGE('',*,*,#6406,.F.);
#6406 = EDGE_CURVE('',#6344,#6399,#6407,.T.);
#6407 = LINE('',#6408,#6409);
#6408 = CARTESIAN_POINT('',(3.6,1.9,0.58));
#6409 = VECTOR('',#6410,1.);
#6410 = DIRECTION('',(1.110223024625E-16,-1.,0.));
#6411 = FACE_BOUND('',#6412,.T.);
#6412 = EDGE_LOOP('',(#6413,#6423,#6431,#6439));
#6413 = ORIENTED_EDGE('',*,*,#6414,.T.);
#6414 = EDGE_CURVE('',#6415,#6417,#6419,.T.);
#6415 = VERTEX_POINT('',#6416);
#6416 = CARTESIAN_POINT('',(-3.38,-1.68,0.58));
#6417 = VERTEX_POINT('',#6418);
#6418 = CARTESIAN_POINT('',(-3.38,1.68,0.58));
#6419 = LINE('',#6420,#6421);
#6420 = CARTESIAN_POINT('',(-3.38,1.79,0.58));
#6421 = VECTOR('',#6422,1.);
#6422 = DIRECTION('',(-1.110223024625E-16,1.,0.));
#6423 = ORIENTED_EDGE('',*,*,#6424,.T.);
#6424 = EDGE_CURVE('',#6417,#6425,#6427,.T.);
#6425 = VERTEX_POINT('',#6426);
#6426 = CARTESIAN_POINT('',(3.38,1.68,0.58));
#6427 = LINE('',#6428,#6429);
#6428 = CARTESIAN_POINT('',(-3.49,1.68,0.58));
#6429 = VECTOR('',#6430,1.);
#6430 = DIRECTION('',(1.,1.110223024625E-16,0.));
#6431 = ORIENTED_EDGE('',*,*,#6432,.F.);
#6432 = EDGE_CURVE('',#6433,#6425,#6435,.T.);
#6433 = VERTEX_POINT('',#6434);
#6434 = CARTESIAN_POINT('',(3.38,-1.68,0.58));
#6435 = LINE('',#6436,#6437);
#6436 = CARTESIAN_POINT('',(3.38,1.79,0.58));
#6437 = VECTOR('',#6438,1.);
#6438 = DIRECTION('',(-1.110223024625E-16,1.,0.));
#6439 = ORIENTED_EDGE('',*,*,#6440,.F.);
#6440 = EDGE_CURVE('',#6415,#6433,#6441,.T.);
#6441 = LINE('',#6442,#6443);
#6442 = CARTESIAN_POINT('',(-3.49,-1.68,0.58));
#6443 = VECTOR('',#6444,1.);
#6444 = DIRECTION('',(1.,1.110223024625E-16,0.));
#6445 = PLANE('',#6446);
#6446 = AXIS2_PLACEMENT_3D('',#6447,#6448,#6449);
#6447 = CARTESIAN_POINT('',(-3.6,1.9,0.58));
#6448 = DIRECTION('',(0.,0.,1.));
#6449 = DIRECTION('',(1.110223024625E-16,-1.,0.));
#6450 = ADVANCED_FACE('',(#6451),#6469,.T.);
#6451 = FACE_BOUND('',#6452,.T.);
#6452 = EDGE_LOOP('',(#6453,#6461,#6462,#6463));
#6453 = ORIENTED_EDGE('',*,*,#6454,.F.);
#6454 = EDGE_CURVE('',#6336,#6455,#6457,.T.);
#6455 = VERTEX_POINT('',#6456);
#6456 = CARTESIAN_POINT('',(3.6,-1.9,0.));
#6457 = LINE('',#6458,#6459);
#6458 = CARTESIAN_POINT('',(3.6,1.9,0.));
#6459 = VECTOR('',#6460,1.);
#6460 = DIRECTION('',(1.110223024625E-16,-1.,0.));
#6461 = ORIENTED_EDGE('',*,*,#6343,.T.);
#6462 = ORIENTED_EDGE('',*,*,#6406,.T.);
#6463 = ORIENTED_EDGE('',*,*,#6464,.F.);
#6464 = EDGE_CURVE('',#6455,#6399,#6465,.T.);
#6465 = LINE('',#6466,#6467);
#6466 = CARTESIAN_POINT('',(3.6,-1.9,0.));
#6467 = VECTOR('',#6468,1.);
#6468 = DIRECTION('',(0.,0.,1.));
#6469 = PLANE('',#6470);
#6470 = AXIS2_PLACEMENT_3D('',#6471,#6472,#6473);
#6471 = CARTESIAN_POINT('',(3.6,1.9,0.));
#6472 = DIRECTION('',(1.,1.110223024625E-16,0.));
#6473 = DIRECTION('',(0.,-0.,1.));
#6474 = ADVANCED_FACE('',(#6475),#6486,.F.);
#6475 = FACE_BOUND('',#6476,.F.);
#6476 = EDGE_LOOP('',(#6477,#6478,#6479,#6485));
#6477 = ORIENTED_EDGE('',*,*,#6335,.F.);
#6478 = ORIENTED_EDGE('',*,*,#6365,.T.);
#6479 = ORIENTED_EDGE('',*,*,#6480,.T.);
#6480 = EDGE_CURVE('',#6366,#6455,#6481,.T.);
#6481 = LINE('',#6482,#6483);
#6482 = CARTESIAN_POINT('',(-3.6,-1.9,0.));
#6483 = VECTOR('',#6484,1.);
#6484 = DIRECTION('',(1.,1.110223024625E-16,0.));
#6485 = ORIENTED_EDGE('',*,*,#6454,.F.);
#6486 = PLANE('',#6487);
#6487 = AXIS2_PLACEMENT_3D('',#6488,#6489,#6490);
#6488 = CARTESIAN_POINT('',(-3.6,1.9,0.));
#6489 = DIRECTION('',(0.,0.,1.));
#6490 = DIRECTION('',(1.110223024625E-16,-1.,0.));
#6491 = ADVANCED_FACE('',(#6492),#6498,.T.);
#6492 = FACE_BOUND('',#6493,.T.);
#6493 = EDGE_LOOP('',(#6494,#6495,#6496,#6497));
#6494 = ORIENTED_EDGE('',*,*,#6382,.F.);
#6495 = ORIENTED_EDGE('',*,*,#6480,.T.);
#6496 = ORIENTED_EDGE('',*,*,#6464,.T.);
#6497 = ORIENTED_EDGE('',*,*,#6398,.F.);
#6498 = PLANE('',#6499);
#6499 = AXIS2_PLACEMENT_3D('',#6500,#6501,#6502);
#6500 = CARTESIAN_POINT('',(-3.6,-1.9,0.));
#6501 = DIRECTION('',(1.110223024625E-16,-1.,0.));
#6502 = DIRECTION('',(0.,0.,1.));
#6503 = ADVANCED_FACE('',(#6504),#6529,.T.);
#6504 = FACE_BOUND('',#6505,.T.);
#6505 = EDGE_LOOP('',(#6506,#6514,#6522,#6528));
#6506 = ORIENTED_EDGE('',*,*,#6507,.F.);
#6507 = EDGE_CURVE('',#6508,#6415,#6510,.T.);
#6508 = VERTEX_POINT('',#6509);
#6509 = CARTESIAN_POINT('',(-3.38,-1.68,0.16));
#6510 = LINE('',#6511,#6512);
#6511 = CARTESIAN_POINT('',(-3.38,-1.68,0.16));
#6512 = VECTOR('',#6513,1.);
#6513 = DIRECTION('',(0.,0.,1.));
#6514 = ORIENTED_EDGE('',*,*,#6515,.F.);
#6515 = EDGE_CURVE('',#6516,#6508,#6518,.T.);
#6516 = VERTEX_POINT('',#6517);
#6517 = CARTESIAN_POINT('',(-3.38,1.68,0.16));
#6518 = LINE('',#6519,#6520);
#6519 = CARTESIAN_POINT('',(-3.38,1.68,0.16));
#6520 = VECTOR('',#6521,1.);
#6521 = DIRECTION('',(1.110223024625E-16,-1.,0.));
#6522 = ORIENTED_EDGE('',*,*,#6523,.T.);
#6523 = EDGE_CURVE('',#6516,#6417,#6524,.T.);
#6524 = LINE('',#6525,#6526);
#6525 = CARTESIAN_POINT('',(-3.38,1.68,0.16));
#6526 = VECTOR('',#6527,1.);
#6527 = DIRECTION('',(0.,0.,1.));
#6528 = ORIENTED_EDGE('',*,*,#6414,.F.);
#6529 = PLANE('',#6530);
#6530 = AXIS2_PLACEMENT_3D('',#6531,#6532,#6533);
#6531 = CARTESIAN_POINT('',(-3.38,1.68,0.16));
#6532 = DIRECTION('',(1.,1.110223024625E-16,0.));
#6533 = DIRECTION('',(0.,-0.,1.));
#6534 = ADVANCED_FACE('',(#6535),#6553,.F.);
#6535 = FACE_BOUND('',#6536,.F.);
#6536 = EDGE_LOOP('',(#6537,#6538,#6546,#6552));
#6537 = ORIENTED_EDGE('',*,*,#6507,.F.);
#6538 = ORIENTED_EDGE('',*,*,#6539,.T.);
#6539 = EDGE_CURVE('',#6508,#6540,#6542,.T.);
#6540 = VERTEX_POINT('',#6541);
#6541 = CARTESIAN_POINT('',(3.38,-1.68,0.16));
#6542 = LINE('',#6543,#6544);
#6543 = CARTESIAN_POINT('',(-3.38,-1.68,0.16));
#6544 = VECTOR('',#6545,1.);
#6545 = DIRECTION('',(1.,1.110223024625E-16,0.));
#6546 = ORIENTED_EDGE('',*,*,#6547,.T.);
#6547 = EDGE_CURVE('',#6540,#6433,#6548,.T.);
#6548 = LINE('',#6549,#6550);
#6549 = CARTESIAN_POINT('',(3.38,-1.68,0.16));
#6550 = VECTOR('',#6551,1.);
#6551 = DIRECTION('',(0.,0.,1.));
#6552 = ORIENTED_EDGE('',*,*,#6440,.F.);
#6553 = PLANE('',#6554);
#6554 = AXIS2_PLACEMENT_3D('',#6555,#6556,#6557);
#6555 = CARTESIAN_POINT('',(-3.38,-1.68,0.16));
#6556 = DIRECTION('',(1.110223024625E-16,-1.,0.));
#6557 = DIRECTION('',(0.,0.,1.));
#6558 = ADVANCED_FACE('',(#6559),#6577,.F.);
#6559 = FACE_BOUND('',#6560,.F.);
#6560 = EDGE_LOOP('',(#6561,#6562,#6570,#6576));
#6561 = ORIENTED_EDGE('',*,*,#6547,.F.);
#6562 = ORIENTED_EDGE('',*,*,#6563,.F.);
#6563 = EDGE_CURVE('',#6564,#6540,#6566,.T.);
#6564 = VERTEX_POINT('',#6565);
#6565 = CARTESIAN_POINT('',(3.38,1.68,0.16));
#6566 = LINE('',#6567,#6568);
#6567 = CARTESIAN_POINT('',(3.38,1.68,0.16));
#6568 = VECTOR('',#6569,1.);
#6569 = DIRECTION('',(1.110223024625E-16,-1.,0.));
#6570 = ORIENTED_EDGE('',*,*,#6571,.T.);
#6571 = EDGE_CURVE('',#6564,#6425,#6572,.T.);
#6572 = LINE('',#6573,#6574);
#6573 = CARTESIAN_POINT('',(3.38,1.68,0.16));
#6574 = VECTOR('',#6575,1.);
#6575 = DIRECTION('',(0.,0.,1.));
#6576 = ORIENTED_EDGE('',*,*,#6432,.F.);
#6577 = PLANE('',#6578);
#6578 = AXIS2_PLACEMENT_3D('',#6579,#6580,#6581);
#6579 = CARTESIAN_POINT('',(3.38,1.68,0.16));
#6580 = DIRECTION('',(1.,1.110223024625E-16,0.));
#6581 = DIRECTION('',(0.,-0.,1.));
#6582 = ADVANCED_FACE('',(#6583),#6594,.T.);
#6583 = FACE_BOUND('',#6584,.T.);
#6584 = EDGE_LOOP('',(#6585,#6586,#6592,#6593));
#6585 = ORIENTED_EDGE('',*,*,#6523,.F.);
#6586 = ORIENTED_EDGE('',*,*,#6587,.T.);
#6587 = EDGE_CURVE('',#6516,#6564,#6588,.T.);
#6588 = LINE('',#6589,#6590);
#6589 = CARTESIAN_POINT('',(-3.38,1.68,0.16));
#6590 = VECTOR('',#6591,1.);
#6591 = DIRECTION('',(1.,1.110223024625E-16,0.));
#6592 = ORIENTED_EDGE('',*,*,#6571,.T.);
#6593 = ORIENTED_EDGE('',*,*,#6424,.F.);
#6594 = PLANE('',#6595);
#6595 = AXIS2_PLACEMENT_3D('',#6596,#6597,#6598);
#6596 = CARTESIAN_POINT('',(-3.38,1.68,0.16));
#6597 = DIRECTION('',(1.110223024625E-16,-1.,0.));
#6598 = DIRECTION('',(0.,0.,1.));
#6599 = ADVANCED_FACE('',(#6600),#6606,.T.);
#6600 = FACE_BOUND('',#6601,.T.);
#6601 = EDGE_LOOP('',(#6602,#6603,#6604,#6605));
#6602 = ORIENTED_EDGE('',*,*,#6587,.F.);
#6603 = ORIENTED_EDGE('',*,*,#6515,.T.);
#6604 = ORIENTED_EDGE('',*,*,#6539,.T.);
#6605 = ORIENTED_EDGE('',*,*,#6563,.F.);
#6606 = PLANE('',#6607);
#6607 = AXIS2_PLACEMENT_3D('',#6608,#6609,#6610);
#6608 = CARTESIAN_POINT('',(-3.38,1.68,0.16));
#6609 = DIRECTION('',(0.,0.,1.));
#6610 = DIRECTION('',(1.110223024625E-16,-1.,0.));
#6611 = ( GEOMETRIC_REPRESENTATION_CONTEXT(3) 
GLOBAL_UNCERTAINTY_ASSIGNED_CONTEXT((#6615)) 
GLOBAL_UNIT_ASSIGNED_CONTEXT((#6612,#6613,#6614)) REPRESENTATION_CONTEXT
('Context #1','3D Context with UNIT and UNCERTAINTY') );
#6612 = ( LENGTH_UNIT() NAMED_UNIT(*) SI_UNIT(.MILLI.,.METRE.) );
#6613 = ( NAMED_UNIT(*) PLANE_ANGLE_UNIT() SI_UNIT($,.RADIAN.) );
#6614 = ( NAMED_UNIT(*) SI_UNIT($,.STERADIAN.) SOLID_ANGLE_UNIT() );
#6615 = UNCERTAINTY_MEASURE_WITH_UNIT(LENGTH_MEASURE(1.E-07),#6612,
  'distance_accuracy_value','confusion accuracy');
#6616 = CONTEXT_DEPENDENT_SHAPE_REPRESENTATION(#6617,#6619);
#6617 = ( REPRESENTATION_RELATIONSHIP('','',#6318,#10) 
REPRESENTATION_RELATIONSHIP_WITH_TRANSFORMATION(#6618) 
SHAPE_REPRESENTATION_RELATIONSHIP() );
#6618 = ITEM_DEFINED_TRANSFORMATION('','',#11,#27);
#6619 = PRODUCT_DEFINITION_SHAPE('Placement','Placement of an item',
  #6620);
#6620 = NEXT_ASSEMBLY_USAGE_OCCURRENCE('4','J2','',#5,#6313,$);
#6621 = PRODUCT_RELATED_PRODUCT_CATEGORY('part',$,(#6315));
#6622 = SHAPE_DEFINITION_REPRESENTATION(#6623,#6629);
#6623 = PRODUCT_DEFINITION_SHAPE('','',#6624);
#6624 = PRODUCT_DEFINITION('design','',#6625,#6628);
#6625 = PRODUCT_DEFINITION_FORMATION('','',#6626);
#6626 = PRODUCT('CIS_Montage_Photos_PCB','CIS_Montage_Photos_PCB','',(
    #6627));
#6627 = PRODUCT_CONTEXT('',#2,'mechanical');
#6628 = PRODUCT_DEFINITION_CONTEXT('part definition',#2,'design');
#6629 = ADVANCED_BREP_SHAPE_REPRESENTATION('',(#11,#6630),#8362);
#6630 = MANIFOLD_SOLID_BREP('',#6631);
#6631 = CLOSED_SHELL('',(#6632,#6674,#6705,#6736,#7152,#7568,#7585,#7602
    ,#7619,#7636,#7653,#7670,#7687,#7704,#7721,#7738,#7755,#7772,#7789,
    #7806,#7823,#7840,#7857,#7874,#7891,#7908,#7925,#7942,#7959,#7976,
    #7993,#8010,#8027,#8044,#8061,#8078,#8095,#8112,#8129,#8146,#8163,
    #8180,#8192,#8209,#8231,#8248,#8265,#8282,#8299,#8316,#8333,#8345));
#6632 = ADVANCED_FACE('',(#6633),#6669,.T.);
#6633 = FACE_BOUND('',#6634,.T.);
#6634 = EDGE_LOOP('',(#6635,#6645,#6654,#6662));
#6635 = ORIENTED_EDGE('',*,*,#6636,.T.);
#6636 = EDGE_CURVE('',#6637,#6639,#6641,.T.);
#6637 = VERTEX_POINT('',#6638);
#6638 = CARTESIAN_POINT('',(18.4,18.,0.));
#6639 = VERTEX_POINT('',#6640);
#6640 = CARTESIAN_POINT('',(18.4,18.,0.91));
#6641 = LINE('',#6642,#6643);
#6642 = CARTESIAN_POINT('',(18.4,18.,0.));
#6643 = VECTOR('',#6644,1.);
#6644 = DIRECTION('',(0.,0.,1.));
#6645 = ORIENTED_EDGE('',*,*,#6646,.T.);
#6646 = EDGE_CURVE('',#6639,#6647,#6649,.T.);
#6647 = VERTEX_POINT('',#6648);
#6648 = CARTESIAN_POINT('',(19.4,17.,0.91));
#6649 = CIRCLE('',#6650,0.999999252925);
#6650 = AXIS2_PLACEMENT_3D('',#6651,#6652,#6653);
#6651 = CARTESIAN_POINT('',(18.400000747075,17.000000747075,0.91));
#6652 = DIRECTION('',(0.,0.,-1.));
#6653 = DIRECTION('',(-7.470757420593E-07,1.,0.));
#6654 = ORIENTED_EDGE('',*,*,#6655,.F.);
#6655 = EDGE_CURVE('',#6656,#6647,#6658,.T.);
#6656 = VERTEX_POINT('',#6657);
#6657 = CARTESIAN_POINT('',(19.4,17.,0.));
#6658 = LINE('',#6659,#6660);
#6659 = CARTESIAN_POINT('',(19.4,17.,0.));
#6660 = VECTOR('',#6661,1.);
#6661 = DIRECTION('',(0.,0.,1.));
#6662 = ORIENTED_EDGE('',*,*,#6663,.F.);
#6663 = EDGE_CURVE('',#6637,#6656,#6664,.T.);
#6664 = CIRCLE('',#6665,0.999999252925);
#6665 = AXIS2_PLACEMENT_3D('',#6666,#6667,#6668);
#6666 = CARTESIAN_POINT('',(18.400000747075,17.000000747075,0.));
#6667 = DIRECTION('',(0.,0.,-1.));
#6668 = DIRECTION('',(-7.470757420593E-07,1.,0.));
#6669 = CYLINDRICAL_SURFACE('',#6670,0.999999252925);
#6670 = AXIS2_PLACEMENT_3D('',#6671,#6672,#6673);
#6671 = CARTESIAN_POINT('',(18.400000747075,17.000000747075,0.));
#6672 = DIRECTION('',(0.,0.,-1.));
#6673 = DIRECTION('',(-7.470757420593E-07,1.,0.));
#6674 = ADVANCED_FACE('',(#6675),#6700,.T.);
#6675 = FACE_BOUND('',#6676,.T.);
#6676 = EDGE_LOOP('',(#6677,#6687,#6693,#6694));
#6677 = ORIENTED_EDGE('',*,*,#6678,.T.);
#6678 = EDGE_CURVE('',#6679,#6681,#6683,.T.);
#6679 = VERTEX_POINT('',#6680);
#6680 = CARTESIAN_POINT('',(1.,18.,0.));
#6681 = VERTEX_POINT('',#6682);
#6682 = CARTESIAN_POINT('',(1.,18.,0.91));
#6683 = LINE('',#6684,#6685);
#6684 = CARTESIAN_POINT('',(1.,18.,0.));
#6685 = VECTOR('',#6686,1.);
#6686 = DIRECTION('',(0.,0.,1.));
#6687 = ORIENTED_EDGE('',*,*,#6688,.T.);
#6688 = EDGE_CURVE('',#6681,#6639,#6689,.T.);
#6689 = LINE('',#6690,#6691);
#6690 = CARTESIAN_POINT('',(1.,18.,0.91));
#6691 = VECTOR('',#6692,1.);
#6692 = DIRECTION('',(1.,0.,0.));
#6693 = ORIENTED_EDGE('',*,*,#6636,.F.);
#6694 = ORIENTED_EDGE('',*,*,#6695,.F.);
#6695 = EDGE_CURVE('',#6679,#6637,#6696,.T.);
#6696 = LINE('',#6697,#6698);
#6697 = CARTESIAN_POINT('',(1.,18.,0.));
#6698 = VECTOR('',#6699,1.);
#6699 = DIRECTION('',(1.,0.,0.));
#6700 = PLANE('',#6701);
#6701 = AXIS2_PLACEMENT_3D('',#6702,#6703,#6704);
#6702 = CARTESIAN_POINT('',(1.,18.,0.));
#6703 = DIRECTION('',(0.,1.,0.));
#6704 = DIRECTION('',(1.,0.,0.));
#6705 = ADVANCED_FACE('',(#6706),#6731,.T.);
#6706 = FACE_BOUND('',#6707,.T.);
#6707 = EDGE_LOOP('',(#6708,#6709,#6717,#6725));
#6708 = ORIENTED_EDGE('',*,*,#6655,.T.);
#6709 = ORIENTED_EDGE('',*,*,#6710,.T.);
#6710 = EDGE_CURVE('',#6647,#6711,#6713,.T.);
#6711 = VERTEX_POINT('',#6712);
#6712 = CARTESIAN_POINT('',(19.4,14.25,0.91));
#6713 = LINE('',#6714,#6715);
#6714 = CARTESIAN_POINT('',(19.4,17.,0.91));
#6715 = VECTOR('',#6716,1.);
#6716 = DIRECTION('',(0.,-1.,0.));
#6717 = ORIENTED_EDGE('',*,*,#6718,.F.);
#6718 = EDGE_CURVE('',#6719,#6711,#6721,.T.);
#6719 = VERTEX_POINT('',#6720);
#6720 = CARTESIAN_POINT('',(19.4,14.25,0.));
#6721 = LINE('',#6722,#6723);
#6722 = CARTESIAN_POINT('',(19.4,14.25,0.));
#6723 = VECTOR('',#6724,1.);
#6724 = DIRECTION('',(0.,0.,1.));
#6725 = ORIENTED_EDGE('',*,*,#6726,.F.);
#6726 = EDGE_CURVE('',#6656,#6719,#6727,.T.);
#6727 = LINE('',#6728,#6729);
#6728 = CARTESIAN_POINT('',(19.4,17.,0.));
#6729 = VECTOR('',#6730,1.);
#6730 = DIRECTION('',(0.,-1.,0.));
#6731 = PLANE('',#6732);
#6732 = AXIS2_PLACEMENT_3D('',#6733,#6734,#6735);
#6733 = CARTESIAN_POINT('',(19.4,17.,0.));
#6734 = DIRECTION('',(1.,0.,-0.));
#6735 = DIRECTION('',(0.,-1.,0.));
#6736 = ADVANCED_FACE('',(#6737,#7055,#7066,#7136),#7147,.F.);
#6737 = FACE_BOUND('',#6738,.F.);
#6738 = EDGE_LOOP('',(#6739,#6740,#6741,#6750,#6758,#6767,#6775,#6784,
    #6792,#6801,#6809,#6818,#6826,#6835,#6843,#6852,#6860,#6869,#6877,
    #6886,#6894,#6903,#6911,#6920,#6928,#6937,#6945,#6954,#6962,#6971,
    #6979,#6988,#6996,#7005,#7013,#7022,#7030,#7039,#7047,#7054));
#6739 = ORIENTED_EDGE('',*,*,#6663,.F.);
#6740 = ORIENTED_EDGE('',*,*,#6695,.F.);
#6741 = ORIENTED_EDGE('',*,*,#6742,.F.);
#6742 = EDGE_CURVE('',#6743,#6679,#6745,.T.);
#6743 = VERTEX_POINT('',#6744);
#6744 = CARTESIAN_POINT('',(-1.110223024625E-16,17.,0.));
#6745 = CIRCLE('',#6746,0.999999252925);
#6746 = AXIS2_PLACEMENT_3D('',#6747,#6748,#6749);
#6747 = CARTESIAN_POINT('',(0.999999252925,17.000000747075,0.));
#6748 = DIRECTION('',(0.,0.,-1.));
#6749 = DIRECTION('',(-1.,-7.470757420593E-07,-0.));
#6750 = ORIENTED_EDGE('',*,*,#6751,.F.);
#6751 = EDGE_CURVE('',#6752,#6743,#6754,.T.);
#6752 = VERTEX_POINT('',#6753);
#6753 = CARTESIAN_POINT('',(-1.110223024625E-16,15.25,0.));
#6754 = LINE('',#6755,#6756);
#6755 = CARTESIAN_POINT('',(0.,15.25,0.));
#6756 = VECTOR('',#6757,1.);
#6757 = DIRECTION('',(0.,1.,0.));
#6758 = ORIENTED_EDGE('',*,*,#6759,.F.);
#6759 = EDGE_CURVE('',#6760,#6752,#6762,.T.);
#6760 = VERTEX_POINT('',#6761);
#6761 = CARTESIAN_POINT('',(1.,14.25,0.));
#6762 = CIRCLE('',#6763,0.999999252925);
#6763 = AXIS2_PLACEMENT_3D('',#6764,#6765,#6766);
#6764 = CARTESIAN_POINT('',(0.999999252925,15.249999252925,0.));
#6765 = DIRECTION('',(0.,0.,-1.));
#6766 = DIRECTION('',(7.470757425034E-07,-1.,0.));
#6767 = ORIENTED_EDGE('',*,*,#6768,.F.);
#6768 = EDGE_CURVE('',#6769,#6760,#6771,.T.);
#6769 = VERTEX_POINT('',#6770);
#6770 = CARTESIAN_POINT('',(4.,14.25,0.));
#6771 = LINE('',#6772,#6773);
#6772 = CARTESIAN_POINT('',(4.,14.25,0.));
#6773 = VECTOR('',#6774,1.);
#6774 = DIRECTION('',(-1.,0.,0.));
#6775 = ORIENTED_EDGE('',*,*,#6776,.F.);
#6776 = EDGE_CURVE('',#6777,#6769,#6779,.T.);
#6777 = VERTEX_POINT('',#6778);
#6778 = CARTESIAN_POINT('',(5.,13.25,0.));
#6779 = CIRCLE('',#6780,0.999999252925);
#6780 = AXIS2_PLACEMENT_3D('',#6781,#6782,#6783);
#6781 = CARTESIAN_POINT('',(4.000000747075,13.250000747075,0.));
#6782 = DIRECTION('',(0.,0.,1.));
#6783 = DIRECTION('',(1.,-7.470757420593E-07,0.));
#6784 = ORIENTED_EDGE('',*,*,#6785,.F.);
#6785 = EDGE_CURVE('',#6786,#6777,#6788,.T.);
#6786 = VERTEX_POINT('',#6787);
#6787 = CARTESIAN_POINT('',(5.,4.75,0.));
#6788 = LINE('',#6789,#6790);
#6789 = CARTESIAN_POINT('',(5.,4.75,0.));
#6790 = VECTOR('',#6791,1.);
#6791 = DIRECTION('',(0.,1.,0.));
#6792 = ORIENTED_EDGE('',*,*,#6793,.F.);
#6793 = EDGE_CURVE('',#6794,#6786,#6796,.T.);
#6794 = VERTEX_POINT('',#6795);
#6795 = CARTESIAN_POINT('',(4.,3.75,0.));
#6796 = CIRCLE('',#6797,0.999999252925);
#6797 = AXIS2_PLACEMENT_3D('',#6798,#6799,#6800);
#6798 = CARTESIAN_POINT('',(4.000000747075,4.749999252925,0.));
#6799 = DIRECTION('',(0.,0.,1.));
#6800 = DIRECTION('',(-7.470757411712E-07,-1.,0.));
#6801 = ORIENTED_EDGE('',*,*,#6802,.F.);
#6802 = EDGE_CURVE('',#6803,#6794,#6805,.T.);
#6803 = VERTEX_POINT('',#6804);
#6804 = CARTESIAN_POINT('',(1.,3.75,0.));
#6805 = LINE('',#6806,#6807);
#6806 = CARTESIAN_POINT('',(1.,3.75,0.));
#6807 = VECTOR('',#6808,1.);
#6808 = DIRECTION('',(1.,0.,0.));
#6809 = ORIENTED_EDGE('',*,*,#6810,.F.);
#6810 = EDGE_CURVE('',#6811,#6803,#6813,.T.);
#6811 = VERTEX_POINT('',#6812);
#6812 = CARTESIAN_POINT('',(5.551115123126E-17,2.75,0.));
#6813 = CIRCLE('',#6814,0.999999252925);
#6814 = AXIS2_PLACEMENT_3D('',#6815,#6816,#6817);
#6815 = CARTESIAN_POINT('',(0.999999252925,2.750000747075,0.));
#6816 = DIRECTION('',(0.,0.,-1.));
#6817 = DIRECTION('',(-1.,-7.470757420593E-07,-0.));
#6818 = ORIENTED_EDGE('',*,*,#6819,.F.);
#6819 = EDGE_CURVE('',#6820,#6811,#6822,.T.);
#6820 = VERTEX_POINT('',#6821);
#6821 = CARTESIAN_POINT('',(0.,1.,0.));
#6822 = LINE('',#6823,#6824);
#6823 = CARTESIAN_POINT('',(0.,1.,0.));
#6824 = VECTOR('',#6825,1.);
#6825 = DIRECTION('',(0.,1.,0.));
#6826 = ORIENTED_EDGE('',*,*,#6827,.F.);
#6827 = EDGE_CURVE('',#6828,#6820,#6830,.T.);
#6828 = VERTEX_POINT('',#6829);
#6829 = CARTESIAN_POINT('',(1.,0.,0.));
#6830 = CIRCLE('',#6831,0.999999252925);
#6831 = AXIS2_PLACEMENT_3D('',#6832,#6833,#6834);
#6832 = CARTESIAN_POINT('',(0.999999252925,0.999999252925,0.));
#6833 = DIRECTION('',(0.,0.,-1.));
#6834 = DIRECTION('',(7.470757411712E-07,-1.,0.));
#6835 = ORIENTED_EDGE('',*,*,#6836,.F.);
#6836 = EDGE_CURVE('',#6837,#6828,#6839,.T.);
#6837 = VERTEX_POINT('',#6838);
#6838 = CARTESIAN_POINT('',(18.4,-1.110223024625E-16,0.));
#6839 = LINE('',#6840,#6841);
#6840 = CARTESIAN_POINT('',(18.4,-0.,0.));
#6841 = VECTOR('',#6842,1.);
#6842 = DIRECTION('',(-1.,0.,0.));
#6843 = ORIENTED_EDGE('',*,*,#6844,.F.);
#6844 = EDGE_CURVE('',#6845,#6837,#6847,.T.);
#6845 = VERTEX_POINT('',#6846);
#6846 = CARTESIAN_POINT('',(19.4,1.,0.));
#6847 = CIRCLE('',#6848,0.999999252925);
#6848 = AXIS2_PLACEMENT_3D('',#6849,#6850,#6851);
#6849 = CARTESIAN_POINT('',(18.400000747075,0.999999252925,0.));
#6850 = DIRECTION('',(0.,0.,-1.));
#6851 = DIRECTION('',(1.,7.470757425034E-07,0.));
#6852 = ORIENTED_EDGE('',*,*,#6853,.F.);
#6853 = EDGE_CURVE('',#6854,#6845,#6856,.T.);
#6854 = VERTEX_POINT('',#6855);
#6855 = CARTESIAN_POINT('',(19.4,3.75,0.));
#6856 = LINE('',#6857,#6858);
#6857 = CARTESIAN_POINT('',(19.4,3.75,0.));
#6858 = VECTOR('',#6859,1.);
#6859 = DIRECTION('',(0.,-1.,0.));
#6860 = ORIENTED_EDGE('',*,*,#6861,.F.);
#6861 = EDGE_CURVE('',#6862,#6854,#6864,.T.);
#6862 = VERTEX_POINT('',#6863);
#6863 = CARTESIAN_POINT('',(20.4,4.75,0.));
#6864 = CIRCLE('',#6865,0.999999252925);
#6865 = AXIS2_PLACEMENT_3D('',#6866,#6867,#6868);
#6866 = CARTESIAN_POINT('',(20.399999252925,3.750000747075,0.));
#6867 = DIRECTION('',(0.,0.,1.));
#6868 = DIRECTION('',(7.470757349539E-07,1.,-0.));
#6869 = ORIENTED_EDGE('',*,*,#6870,.F.);
#6870 = EDGE_CURVE('',#6871,#6862,#6873,.T.);
#6871 = VERTEX_POINT('',#6872);
#6872 = CARTESIAN_POINT('',(24.4,4.75,0.));
#6873 = LINE('',#6874,#6875);
#6874 = CARTESIAN_POINT('',(24.4,4.75,0.));
#6875 = VECTOR('',#6876,1.);
#6876 = DIRECTION('',(-1.,0.,0.));
#6877 = ORIENTED_EDGE('',*,*,#6878,.F.);
#6878 = EDGE_CURVE('',#6879,#6871,#6881,.T.);
#6879 = VERTEX_POINT('',#6880);
#6880 = CARTESIAN_POINT('',(25.4,3.75,0.));
#6881 = CIRCLE('',#6882,0.999999252925);
#6882 = AXIS2_PLACEMENT_3D('',#6883,#6884,#6885);
#6883 = CARTESIAN_POINT('',(24.400000747075,3.750000747075,0.));
#6884 = DIRECTION('',(0.,0.,1.));
#6885 = DIRECTION('',(1.,-7.470757425034E-07,0.));
#6886 = ORIENTED_EDGE('',*,*,#6887,.F.);
#6887 = EDGE_CURVE('',#6888,#6879,#6890,.T.);
#6888 = VERTEX_POINT('',#6889);
#6889 = CARTESIAN_POINT('',(25.4,1.,0.));
#6890 = LINE('',#6891,#6892);
#6891 = CARTESIAN_POINT('',(25.4,1.,0.));
#6892 = VECTOR('',#6893,1.);
#6893 = DIRECTION('',(0.,1.,0.));
#6894 = ORIENTED_EDGE('',*,*,#6895,.F.);
#6895 = EDGE_CURVE('',#6896,#6888,#6898,.T.);
#6896 = VERTEX_POINT('',#6897);
#6897 = CARTESIAN_POINT('',(26.4,-4.996003610813E-16,0.));
#6898 = CIRCLE('',#6899,0.999999252925);
#6899 = AXIS2_PLACEMENT_3D('',#6900,#6901,#6902);
#6900 = CARTESIAN_POINT('',(26.399999252925,0.999999252925,0.));
#6901 = DIRECTION('',(0.,0.,-1.));
#6902 = DIRECTION('',(7.470757349539E-07,-1.,0.));
#6903 = ORIENTED_EDGE('',*,*,#6904,.F.);
#6904 = EDGE_CURVE('',#6905,#6896,#6907,.T.);
#6905 = VERTEX_POINT('',#6906);
#6906 = CARTESIAN_POINT('',(255.,2.498001805407E-15,0.));
#6907 = LINE('',#6908,#6909);
#6908 = CARTESIAN_POINT('',(255.,-0.,0.));
#6909 = VECTOR('',#6910,1.);
#6910 = DIRECTION('',(-1.,0.,0.));
#6911 = ORIENTED_EDGE('',*,*,#6912,.F.);
#6912 = EDGE_CURVE('',#6913,#6905,#6915,.T.);
#6913 = VERTEX_POINT('',#6914);
#6914 = CARTESIAN_POINT('',(256.,1.,0.));
#6915 = CIRCLE('',#6916,0.999999252925);
#6916 = AXIS2_PLACEMENT_3D('',#6917,#6918,#6919);
#6917 = CARTESIAN_POINT('',(255.00000074707,0.999999252925,0.));
#6918 = DIRECTION('',(0.,0.,-1.));
#6919 = DIRECTION('',(1.,7.470757544939E-07,0.));
#6920 = ORIENTED_EDGE('',*,*,#6921,.F.);
#6921 = EDGE_CURVE('',#6922,#6913,#6924,.T.);
#6922 = VERTEX_POINT('',#6923);
#6923 = CARTESIAN_POINT('',(256.,17.,0.));
#6924 = LINE('',#6925,#6926);
#6925 = CARTESIAN_POINT('',(256.,17.,0.));
#6926 = VECTOR('',#6927,1.);
#6927 = DIRECTION('',(0.,-1.,0.));
#6928 = ORIENTED_EDGE('',*,*,#6929,.F.);
#6929 = EDGE_CURVE('',#6930,#6922,#6932,.T.);
#6930 = VERTEX_POINT('',#6931);
#6931 = CARTESIAN_POINT('',(255.,18.,0.));
#6932 = CIRCLE('',#6933,0.999999252925);
#6933 = AXIS2_PLACEMENT_3D('',#6934,#6935,#6936);
#6934 = CARTESIAN_POINT('',(255.00000074707,17.000000747075,0.));
#6935 = DIRECTION('',(0.,0.,-1.));
#6936 = DIRECTION('',(-7.470757633756E-07,1.,0.));
#6937 = ORIENTED_EDGE('',*,*,#6938,.F.);
#6938 = EDGE_CURVE('',#6939,#6930,#6941,.T.);
#6939 = VERTEX_POINT('',#6940);
#6940 = CARTESIAN_POINT('',(37.5,18.,0.));
#6941 = LINE('',#6942,#6943);
#6942 = CARTESIAN_POINT('',(37.5,18.,0.));
#6943 = VECTOR('',#6944,1.);
#6944 = DIRECTION('',(1.,0.,0.));
#6945 = ORIENTED_EDGE('',*,*,#6946,.F.);
#6946 = EDGE_CURVE('',#6947,#6939,#6949,.T.);
#6947 = VERTEX_POINT('',#6948);
#6948 = CARTESIAN_POINT('',(36.5,17.,0.));
#6949 = CIRCLE('',#6950,0.999999252925);
#6950 = AXIS2_PLACEMENT_3D('',#6951,#6952,#6953);
#6951 = CARTESIAN_POINT('',(37.499999252925,17.000000747075,0.));
#6952 = DIRECTION('',(0.,0.,-1.));
#6953 = DIRECTION('',(-1.,-7.470757420593E-07,-0.));
#6954 = ORIENTED_EDGE('',*,*,#6955,.F.);
#6955 = EDGE_CURVE('',#6956,#6947,#6958,.T.);
#6956 = VERTEX_POINT('',#6957);
#6957 = CARTESIAN_POINT('',(36.5,8.8,0.));
#6958 = LINE('',#6959,#6960);
#6959 = CARTESIAN_POINT('',(36.5,8.8,0.));
#6960 = VECTOR('',#6961,1.);
#6961 = DIRECTION('',(0.,1.,0.));
#6962 = ORIENTED_EDGE('',*,*,#6963,.F.);
#6963 = EDGE_CURVE('',#6964,#6956,#6966,.T.);
#6964 = VERTEX_POINT('',#6965);
#6965 = CARTESIAN_POINT('',(35.5,7.8,0.));
#6966 = CIRCLE('',#6967,0.999999252925);
#6967 = AXIS2_PLACEMENT_3D('',#6968,#6969,#6970);
#6968 = CARTESIAN_POINT('',(35.500000747075,8.799999252925,0.));
#6969 = DIRECTION('',(0.,0.,1.));
#6970 = DIRECTION('',(-7.470757491648E-07,-1.,0.));
#6971 = ORIENTED_EDGE('',*,*,#6972,.F.);
#6972 = EDGE_CURVE('',#6973,#6964,#6975,.T.);
#6973 = VERTEX_POINT('',#6974);
#6974 = CARTESIAN_POINT('',(34.5,7.8,0.));
#6975 = LINE('',#6976,#6977);
#6976 = CARTESIAN_POINT('',(34.5,7.8,0.));
#6977 = VECTOR('',#6978,1.);
#6978 = DIRECTION('',(1.,0.,0.));
#6979 = ORIENTED_EDGE('',*,*,#6980,.F.);
#6980 = EDGE_CURVE('',#6981,#6973,#6983,.T.);
#6981 = VERTEX_POINT('',#6982);
#6982 = CARTESIAN_POINT('',(33.5,8.8,0.));
#6983 = CIRCLE('',#6984,0.999999252925);
#6984 = AXIS2_PLACEMENT_3D('',#6985,#6986,#6987);
#6985 = CARTESIAN_POINT('',(34.499999252925,8.799999252925,0.));
#6986 = DIRECTION('',(0.,0.,1.));
#6987 = DIRECTION('',(-1.,7.470757438357E-07,0.));
#6988 = ORIENTED_EDGE('',*,*,#6989,.F.);
#6989 = EDGE_CURVE('',#6990,#6981,#6992,.T.);
#6990 = VERTEX_POINT('',#6991);
#6991 = CARTESIAN_POINT('',(33.5,17.,0.));
#6992 = LINE('',#6993,#6994);
#6993 = CARTESIAN_POINT('',(33.5,17.,0.));
#6994 = VECTOR('',#6995,1.);
#6995 = DIRECTION('',(0.,-1.,0.));
#6996 = ORIENTED_EDGE('',*,*,#6997,.F.);
#6997 = EDGE_CURVE('',#6998,#6990,#7000,.T.);
#6998 = VERTEX_POINT('',#6999);
#6999 = CARTESIAN_POINT('',(32.5,18.,0.));
#7000 = CIRCLE('',#7001,0.999999252925);
#7001 = AXIS2_PLACEMENT_3D('',#7002,#7003,#7004);
#7002 = CARTESIAN_POINT('',(32.500000747075,17.000000747075,0.));
#7003 = DIRECTION('',(0.,0.,-1.));
#7004 = DIRECTION('',(-7.470757491648E-07,1.,0.));
#7005 = ORIENTED_EDGE('',*,*,#7006,.F.);
#7006 = EDGE_CURVE('',#7007,#6998,#7009,.T.);
#7007 = VERTEX_POINT('',#7008);
#7008 = CARTESIAN_POINT('',(26.4,18.,0.));
#7009 = LINE('',#7010,#7011);
#7010 = CARTESIAN_POINT('',(26.4,18.,0.));
#7011 = VECTOR('',#7012,1.);
#7012 = DIRECTION('',(1.,0.,0.));
#7013 = ORIENTED_EDGE('',*,*,#7014,.F.);
#7014 = EDGE_CURVE('',#7015,#7007,#7017,.T.);
#7015 = VERTEX_POINT('',#7016);
#7016 = CARTESIAN_POINT('',(25.399999,17.,0.));
#7017 = CIRCLE('',#7018,0.999999252927);
#7018 = AXIS2_PLACEMENT_3D('',#7019,#7020,#7021);
#7019 = CARTESIAN_POINT('',(26.399998252927,17.000000747074,0.));
#7020 = DIRECTION('',(0.,0.,-1.));
#7021 = DIRECTION('',(-1.,-7.470748609841E-07,-0.));
#7022 = ORIENTED_EDGE('',*,*,#7023,.F.);
#7023 = EDGE_CURVE('',#7024,#7015,#7026,.T.);
#7024 = VERTEX_POINT('',#7025);
#7025 = CARTESIAN_POINT('',(25.399999,14.25,0.));
#7026 = LINE('',#7027,#7028);
#7027 = CARTESIAN_POINT('',(25.399999,14.25,0.));
#7028 = VECTOR('',#7029,1.);
#7029 = DIRECTION('',(0.,1.,0.));
#7030 = ORIENTED_EDGE('',*,*,#7031,.F.);
#7031 = EDGE_CURVE('',#7032,#7024,#7034,.T.);
#7032 = VERTEX_POINT('',#7033);
#7033 = CARTESIAN_POINT('',(24.399999,13.25,0.));
#7034 = CIRCLE('',#7035,1.000000960032);
#7035 = AXIS2_PLACEMENT_3D('',#7036,#7037,#7038);
#7036 = CARTESIAN_POINT('',(24.399998039969,14.250000960031,0.));
#7037 = DIRECTION('',(0.,0.,1.));
#7038 = DIRECTION('',(9.600305104691E-07,-1.,0.));
#7039 = ORIENTED_EDGE('',*,*,#7040,.F.);
#7040 = EDGE_CURVE('',#7041,#7032,#7043,.T.);
#7041 = VERTEX_POINT('',#7042);
#7042 = CARTESIAN_POINT('',(20.4,13.25,0.));
#7043 = LINE('',#7044,#7045);
#7044 = CARTESIAN_POINT('',(20.4,13.25,0.));
#7045 = VECTOR('',#7046,1.);
#7046 = DIRECTION('',(1.,0.,0.));
#7047 = ORIENTED_EDGE('',*,*,#7048,.F.);
#7048 = EDGE_CURVE('',#6719,#7041,#7049,.T.);
#7049 = CIRCLE('',#7050,0.999999252925);
#7050 = AXIS2_PLACEMENT_3D('',#7051,#7052,#7053);
#7051 = CARTESIAN_POINT('',(20.399999252925,14.249999252925,0.));
#7052 = DIRECTION('',(0.,0.,1.));
#7053 = DIRECTION('',(-1.,7.470757385066E-07,0.));
#7054 = ORIENTED_EDGE('',*,*,#6726,.F.);
#7055 = FACE_BOUND('',#7056,.F.);
#7056 = EDGE_LOOP('',(#7057));
#7057 = ORIENTED_EDGE('',*,*,#7058,.T.);
#7058 = EDGE_CURVE('',#7059,#7059,#7061,.T.);
#7059 = VERTEX_POINT('',#7060);
#7060 = CARTESIAN_POINT('',(5.612998,1.0498,0.));
#7061 = CIRCLE('',#7062,1.6002);
#7062 = AXIS2_PLACEMENT_3D('',#7063,#7064,#7065);
#7063 = CARTESIAN_POINT('',(5.612998,2.65,0.));
#7064 = DIRECTION('',(-0.,0.,-1.));
#7065 = DIRECTION('',(-0.,-1.,0.));
#7066 = FACE_BOUND('',#7067,.F.);
#7067 = EDGE_LOOP('',(#7068,#7079,#7087,#7096,#7104,#7113,#7121,#7130));
#7068 = ORIENTED_EDGE('',*,*,#7069,.F.);
#7069 = EDGE_CURVE('',#7070,#7072,#7074,.T.);
#7070 = VERTEX_POINT('',#7071);
#7071 = CARTESIAN_POINT('',(224.865,7.785,0.));
#7072 = VERTEX_POINT('',#7073);
#7073 = CARTESIAN_POINT('',(224.365,7.285,0.));
#7074 = CIRCLE('',#7075,0.500001333575);
#7075 = AXIS2_PLACEMENT_3D('',#7076,#7077,#7078);
#7076 = CARTESIAN_POINT('',(224.86500133357,7.284998666427,0.));
#7077 = DIRECTION('',(0.,0.,1.));
#7078 = DIRECTION('',(-2.667139134199E-06,0.999999999996,0.));
#7079 = ORIENTED_EDGE('',*,*,#7080,.F.);
#7080 = EDGE_CURVE('',#7081,#7070,#7083,.T.);
#7081 = VERTEX_POINT('',#7082);
#7082 = CARTESIAN_POINT('',(241.315,7.785,0.));
#7083 = LINE('',#7084,#7085);
#7084 = CARTESIAN_POINT('',(241.315,7.785,0.));
#7085 = VECTOR('',#7086,1.);
#7086 = DIRECTION('',(-1.,0.,0.));
#7087 = ORIENTED_EDGE('',*,*,#7088,.F.);
#7088 = EDGE_CURVE('',#7089,#7081,#7091,.T.);
#7089 = VERTEX_POINT('',#7090);
#7090 = CARTESIAN_POINT('',(241.815,7.285,0.));
#7091 = CIRCLE('',#7092,0.500001333575);
#7092 = AXIS2_PLACEMENT_3D('',#7093,#7094,#7095);
#7093 = CARTESIAN_POINT('',(241.31499866642,7.284998666427,0.));
#7094 = DIRECTION('',(0.,0.,1.));
#7095 = DIRECTION('',(0.999999999996,2.667139162621E-06,-0.));
#7096 = ORIENTED_EDGE('',*,*,#7097,.F.);
#7097 = EDGE_CURVE('',#7098,#7089,#7100,.T.);
#7098 = VERTEX_POINT('',#7099);
#7099 = CARTESIAN_POINT('',(241.815,2.085,0.));
#7100 = LINE('',#7101,#7102);
#7101 = CARTESIAN_POINT('',(241.815,2.085,0.));
#7102 = VECTOR('',#7103,1.);
#7103 = DIRECTION('',(0.,1.,0.));
#7104 = ORIENTED_EDGE('',*,*,#7105,.F.);
#7105 = EDGE_CURVE('',#7106,#7098,#7108,.T.);
#7106 = VERTEX_POINT('',#7107);
#7107 = CARTESIAN_POINT('',(241.315,1.585,0.));
#7108 = CIRCLE('',#7109,0.500001333575);
#7109 = AXIS2_PLACEMENT_3D('',#7110,#7111,#7112);
#7110 = CARTESIAN_POINT('',(241.31499866642,2.085001333573,0.));
#7111 = DIRECTION('',(0.,0.,1.));
#7112 = DIRECTION('',(2.667139134199E-06,-0.999999999996,0.));
#7113 = ORIENTED_EDGE('',*,*,#7114,.F.);
#7114 = EDGE_CURVE('',#7115,#7106,#7117,.T.);
#7115 = VERTEX_POINT('',#7116);
#7116 = CARTESIAN_POINT('',(224.865,1.585,0.));
#7117 = LINE('',#7118,#7119);
#7118 = CARTESIAN_POINT('',(224.865,1.585,0.));
#7119 = VECTOR('',#7120,1.);
#7120 = DIRECTION('',(1.,0.,0.));
#7121 = ORIENTED_EDGE('',*,*,#7122,.F.);
#7122 = EDGE_CURVE('',#7123,#7115,#7125,.T.);
#7123 = VERTEX_POINT('',#7124);
#7124 = CARTESIAN_POINT('',(224.365,2.085,0.));
#7125 = CIRCLE('',#7126,0.500001333575);
#7126 = AXIS2_PLACEMENT_3D('',#7127,#7128,#7129);
#7127 = CARTESIAN_POINT('',(224.86500133357,2.085001333573,0.));
#7128 = DIRECTION('',(0.,0.,1.));
#7129 = DIRECTION('',(-0.999999999996,-2.667139161733E-06,0.));
#7130 = ORIENTED_EDGE('',*,*,#7131,.F.);
#7131 = EDGE_CURVE('',#7072,#7123,#7132,.T.);
#7132 = LINE('',#7133,#7134);
#7133 = CARTESIAN_POINT('',(224.365,7.285,0.));
#7134 = VECTOR('',#7135,1.);
#7135 = DIRECTION('',(0.,-1.,0.));
#7136 = FACE_BOUND('',#7137,.F.);
#7137 = EDGE_LOOP('',(#7138));
#7138 = ORIENTED_EDGE('',*,*,#7139,.T.);
#7139 = EDGE_CURVE('',#7140,#7140,#7142,.T.);
#7140 = VERTEX_POINT('',#7141);
#7141 = CARTESIAN_POINT('',(5.612998,13.7498,0.));
#7142 = CIRCLE('',#7143,1.6002);
#7143 = AXIS2_PLACEMENT_3D('',#7144,#7145,#7146);
#7144 = CARTESIAN_POINT('',(5.612998,15.35,0.));
#7145 = DIRECTION('',(-0.,0.,-1.));
#7146 = DIRECTION('',(-0.,-1.,0.));
#7147 = PLANE('',#7148);
#7148 = AXIS2_PLACEMENT_3D('',#7149,#7150,#7151);
#7149 = CARTESIAN_POINT('',(0.,0.,0.));
#7150 = DIRECTION('',(0.,0.,1.));
#7151 = DIRECTION('',(1.,0.,-0.));
#7152 = ADVANCED_FACE('',(#7153,#7471,#7482,#7552),#7563,.T.);
#7153 = FACE_BOUND('',#7154,.T.);
#7154 = EDGE_LOOP('',(#7155,#7156,#7157,#7166,#7174,#7183,#7191,#7200,
    #7208,#7217,#7225,#7234,#7242,#7251,#7259,#7268,#7276,#7285,#7293,
    #7302,#7310,#7319,#7327,#7336,#7344,#7353,#7361,#7370,#7378,#7387,
    #7395,#7404,#7412,#7421,#7429,#7438,#7446,#7455,#7463,#7470));
#7155 = ORIENTED_EDGE('',*,*,#6646,.F.);
#7156 = ORIENTED_EDGE('',*,*,#6688,.F.);
#7157 = ORIENTED_EDGE('',*,*,#7158,.F.);
#7158 = EDGE_CURVE('',#7159,#6681,#7161,.T.);
#7159 = VERTEX_POINT('',#7160);
#7160 = CARTESIAN_POINT('',(-1.110223024625E-16,17.,0.91));
#7161 = CIRCLE('',#7162,0.999999252925);
#7162 = AXIS2_PLACEMENT_3D('',#7163,#7164,#7165);
#7163 = CARTESIAN_POINT('',(0.999999252925,17.000000747075,0.91));
#7164 = DIRECTION('',(0.,0.,-1.));
#7165 = DIRECTION('',(-1.,-7.470757420593E-07,-0.));
#7166 = ORIENTED_EDGE('',*,*,#7167,.F.);
#7167 = EDGE_CURVE('',#7168,#7159,#7170,.T.);
#7168 = VERTEX_POINT('',#7169);
#7169 = CARTESIAN_POINT('',(-1.110223024625E-16,15.25,0.91));
#7170 = LINE('',#7171,#7172);
#7171 = CARTESIAN_POINT('',(0.,15.25,0.91));
#7172 = VECTOR('',#7173,1.);
#7173 = DIRECTION('',(0.,1.,0.));
#7174 = ORIENTED_EDGE('',*,*,#7175,.F.);
#7175 = EDGE_CURVE('',#7176,#7168,#7178,.T.);
#7176 = VERTEX_POINT('',#7177);
#7177 = CARTESIAN_POINT('',(1.,14.25,0.91));
#7178 = CIRCLE('',#7179,0.999999252925);
#7179 = AXIS2_PLACEMENT_3D('',#7180,#7181,#7182);
#7180 = CARTESIAN_POINT('',(0.999999252925,15.249999252925,0.91));
#7181 = DIRECTION('',(0.,0.,-1.));
#7182 = DIRECTION('',(7.470757425034E-07,-1.,0.));
#7183 = ORIENTED_EDGE('',*,*,#7184,.F.);
#7184 = EDGE_CURVE('',#7185,#7176,#7187,.T.);
#7185 = VERTEX_POINT('',#7186);
#7186 = CARTESIAN_POINT('',(4.,14.25,0.91));
#7187 = LINE('',#7188,#7189);
#7188 = CARTESIAN_POINT('',(4.,14.25,0.91));
#7189 = VECTOR('',#7190,1.);
#7190 = DIRECTION('',(-1.,0.,0.));
#7191 = ORIENTED_EDGE('',*,*,#7192,.F.);
#7192 = EDGE_CURVE('',#7193,#7185,#7195,.T.);
#7193 = VERTEX_POINT('',#7194);
#7194 = CARTESIAN_POINT('',(5.,13.25,0.91));
#7195 = CIRCLE('',#7196,0.999999252925);
#7196 = AXIS2_PLACEMENT_3D('',#7197,#7198,#7199);
#7197 = CARTESIAN_POINT('',(4.000000747075,13.250000747075,0.91));
#7198 = DIRECTION('',(0.,0.,1.));
#7199 = DIRECTION('',(1.,-7.470757420593E-07,0.));
#7200 = ORIENTED_EDGE('',*,*,#7201,.F.);
#7201 = EDGE_CURVE('',#7202,#7193,#7204,.T.);
#7202 = VERTEX_POINT('',#7203);
#7203 = CARTESIAN_POINT('',(5.,4.75,0.91));
#7204 = LINE('',#7205,#7206);
#7205 = CARTESIAN_POINT('',(5.,4.75,0.91));
#7206 = VECTOR('',#7207,1.);
#7207 = DIRECTION('',(0.,1.,0.));
#7208 = ORIENTED_EDGE('',*,*,#7209,.F.);
#7209 = EDGE_CURVE('',#7210,#7202,#7212,.T.);
#7210 = VERTEX_POINT('',#7211);
#7211 = CARTESIAN_POINT('',(4.,3.75,0.91));
#7212 = CIRCLE('',#7213,0.999999252925);
#7213 = AXIS2_PLACEMENT_3D('',#7214,#7215,#7216);
#7214 = CARTESIAN_POINT('',(4.000000747075,4.749999252925,0.91));
#7215 = DIRECTION('',(0.,0.,1.));
#7216 = DIRECTION('',(-7.470757411712E-07,-1.,0.));
#7217 = ORIENTED_EDGE('',*,*,#7218,.F.);
#7218 = EDGE_CURVE('',#7219,#7210,#7221,.T.);
#7219 = VERTEX_POINT('',#7220);
#7220 = CARTESIAN_POINT('',(1.,3.75,0.91));
#7221 = LINE('',#7222,#7223);
#7222 = CARTESIAN_POINT('',(1.,3.75,0.91));
#7223 = VECTOR('',#7224,1.);
#7224 = DIRECTION('',(1.,0.,0.));
#7225 = ORIENTED_EDGE('',*,*,#7226,.F.);
#7226 = EDGE_CURVE('',#7227,#7219,#7229,.T.);
#7227 = VERTEX_POINT('',#7228);
#7228 = CARTESIAN_POINT('',(5.551115123126E-17,2.75,0.91));
#7229 = CIRCLE('',#7230,0.999999252925);
#7230 = AXIS2_PLACEMENT_3D('',#7231,#7232,#7233);
#7231 = CARTESIAN_POINT('',(0.999999252925,2.750000747075,0.91));
#7232 = DIRECTION('',(0.,0.,-1.));
#7233 = DIRECTION('',(-1.,-7.470757420593E-07,-0.));
#7234 = ORIENTED_EDGE('',*,*,#7235,.F.);
#7235 = EDGE_CURVE('',#7236,#7227,#7238,.T.);
#7236 = VERTEX_POINT('',#7237);
#7237 = CARTESIAN_POINT('',(0.,1.,0.91));
#7238 = LINE('',#7239,#7240);
#7239 = CARTESIAN_POINT('',(0.,1.,0.91));
#7240 = VECTOR('',#7241,1.);
#7241 = DIRECTION('',(0.,1.,0.));
#7242 = ORIENTED_EDGE('',*,*,#7243,.F.);
#7243 = EDGE_CURVE('',#7244,#7236,#7246,.T.);
#7244 = VERTEX_POINT('',#7245);
#7245 = CARTESIAN_POINT('',(1.,0.,0.91));
#7246 = CIRCLE('',#7247,0.999999252925);
#7247 = AXIS2_PLACEMENT_3D('',#7248,#7249,#7250);
#7248 = CARTESIAN_POINT('',(0.999999252925,0.999999252925,0.91));
#7249 = DIRECTION('',(0.,0.,-1.));
#7250 = DIRECTION('',(7.470757411712E-07,-1.,0.));
#7251 = ORIENTED_EDGE('',*,*,#7252,.F.);
#7252 = EDGE_CURVE('',#7253,#7244,#7255,.T.);
#7253 = VERTEX_POINT('',#7254);
#7254 = CARTESIAN_POINT('',(18.4,-1.110223024625E-16,0.91));
#7255 = LINE('',#7256,#7257);
#7256 = CARTESIAN_POINT('',(18.4,0.,0.91));
#7257 = VECTOR('',#7258,1.);
#7258 = DIRECTION('',(-1.,0.,0.));
#7259 = ORIENTED_EDGE('',*,*,#7260,.F.);
#7260 = EDGE_CURVE('',#7261,#7253,#7263,.T.);
#7261 = VERTEX_POINT('',#7262);
#7262 = CARTESIAN_POINT('',(19.4,1.,0.91));
#7263 = CIRCLE('',#7264,0.999999252925);
#7264 = AXIS2_PLACEMENT_3D('',#7265,#7266,#7267);
#7265 = CARTESIAN_POINT('',(18.400000747075,0.999999252925,0.91));
#7266 = DIRECTION('',(0.,0.,-1.));
#7267 = DIRECTION('',(1.,7.470757425034E-07,0.));
#7268 = ORIENTED_EDGE('',*,*,#7269,.F.);
#7269 = EDGE_CURVE('',#7270,#7261,#7272,.T.);
#7270 = VERTEX_POINT('',#7271);
#7271 = CARTESIAN_POINT('',(19.4,3.75,0.91));
#7272 = LINE('',#7273,#7274);
#7273 = CARTESIAN_POINT('',(19.4,3.75,0.91));
#7274 = VECTOR('',#7275,1.);
#7275 = DIRECTION('',(0.,-1.,0.));
#7276 = ORIENTED_EDGE('',*,*,#7277,.F.);
#7277 = EDGE_CURVE('',#7278,#7270,#7280,.T.);
#7278 = VERTEX_POINT('',#7279);
#7279 = CARTESIAN_POINT('',(20.4,4.75,0.91));
#7280 = CIRCLE('',#7281,0.999999252925);
#7281 = AXIS2_PLACEMENT_3D('',#7282,#7283,#7284);
#7282 = CARTESIAN_POINT('',(20.399999252925,3.750000747075,0.91));
#7283 = DIRECTION('',(0.,0.,1.));
#7284 = DIRECTION('',(7.470757349539E-07,1.,-0.));
#7285 = ORIENTED_EDGE('',*,*,#7286,.F.);
#7286 = EDGE_CURVE('',#7287,#7278,#7289,.T.);
#7287 = VERTEX_POINT('',#7288);
#7288 = CARTESIAN_POINT('',(24.4,4.75,0.91));
#7289 = LINE('',#7290,#7291);
#7290 = CARTESIAN_POINT('',(24.4,4.75,0.91));
#7291 = VECTOR('',#7292,1.);
#7292 = DIRECTION('',(-1.,0.,0.));
#7293 = ORIENTED_EDGE('',*,*,#7294,.F.);
#7294 = EDGE_CURVE('',#7295,#7287,#7297,.T.);
#7295 = VERTEX_POINT('',#7296);
#7296 = CARTESIAN_POINT('',(25.4,3.75,0.91));
#7297 = CIRCLE('',#7298,0.999999252925);
#7298 = AXIS2_PLACEMENT_3D('',#7299,#7300,#7301);
#7299 = CARTESIAN_POINT('',(24.400000747075,3.750000747075,0.91));
#7300 = DIRECTION('',(0.,0.,1.));
#7301 = DIRECTION('',(1.,-7.470757425034E-07,0.));
#7302 = ORIENTED_EDGE('',*,*,#7303,.F.);
#7303 = EDGE_CURVE('',#7304,#7295,#7306,.T.);
#7304 = VERTEX_POINT('',#7305);
#7305 = CARTESIAN_POINT('',(25.4,1.,0.91));
#7306 = LINE('',#7307,#7308);
#7307 = CARTESIAN_POINT('',(25.4,1.,0.91));
#7308 = VECTOR('',#7309,1.);
#7309 = DIRECTION('',(0.,1.,0.));
#7310 = ORIENTED_EDGE('',*,*,#7311,.F.);
#7311 = EDGE_CURVE('',#7312,#7304,#7314,.T.);
#7312 = VERTEX_POINT('',#7313);
#7313 = CARTESIAN_POINT('',(26.4,-4.996003610813E-16,0.91));
#7314 = CIRCLE('',#7315,0.999999252925);
#7315 = AXIS2_PLACEMENT_3D('',#7316,#7317,#7318);
#7316 = CARTESIAN_POINT('',(26.399999252925,0.999999252925,0.91));
#7317 = DIRECTION('',(0.,0.,-1.));
#7318 = DIRECTION('',(7.470757349539E-07,-1.,0.));
#7319 = ORIENTED_EDGE('',*,*,#7320,.F.);
#7320 = EDGE_CURVE('',#7321,#7312,#7323,.T.);
#7321 = VERTEX_POINT('',#7322);
#7322 = CARTESIAN_POINT('',(255.,2.498001805407E-15,0.91));
#7323 = LINE('',#7324,#7325);
#7324 = CARTESIAN_POINT('',(255.,0.,0.91));
#7325 = VECTOR('',#7326,1.);
#7326 = DIRECTION('',(-1.,0.,0.));
#7327 = ORIENTED_EDGE('',*,*,#7328,.F.);
#7328 = EDGE_CURVE('',#7329,#7321,#7331,.T.);
#7329 = VERTEX_POINT('',#7330);
#7330 = CARTESIAN_POINT('',(256.,1.,0.91));
#7331 = CIRCLE('',#7332,0.999999252925);
#7332 = AXIS2_PLACEMENT_3D('',#7333,#7334,#7335);
#7333 = CARTESIAN_POINT('',(255.00000074707,0.999999252925,0.91));
#7334 = DIRECTION('',(0.,0.,-1.));
#7335 = DIRECTION('',(1.,7.470757544939E-07,0.));
#7336 = ORIENTED_EDGE('',*,*,#7337,.F.);
#7337 = EDGE_CURVE('',#7338,#7329,#7340,.T.);
#7338 = VERTEX_POINT('',#7339);
#7339 = CARTESIAN_POINT('',(256.,17.,0.91));
#7340 = LINE('',#7341,#7342);
#7341 = CARTESIAN_POINT('',(256.,17.,0.91));
#7342 = VECTOR('',#7343,1.);
#7343 = DIRECTION('',(0.,-1.,0.));
#7344 = ORIENTED_EDGE('',*,*,#7345,.F.);
#7345 = EDGE_CURVE('',#7346,#7338,#7348,.T.);
#7346 = VERTEX_POINT('',#7347);
#7347 = CARTESIAN_POINT('',(255.,18.,0.91));
#7348 = CIRCLE('',#7349,0.999999252925);
#7349 = AXIS2_PLACEMENT_3D('',#7350,#7351,#7352);
#7350 = CARTESIAN_POINT('',(255.00000074707,17.000000747075,0.91));
#7351 = DIRECTION('',(0.,0.,-1.));
#7352 = DIRECTION('',(-7.470757633756E-07,1.,0.));
#7353 = ORIENTED_EDGE('',*,*,#7354,.F.);
#7354 = EDGE_CURVE('',#7355,#7346,#7357,.T.);
#7355 = VERTEX_POINT('',#7356);
#7356 = CARTESIAN_POINT('',(37.5,18.,0.91));
#7357 = LINE('',#7358,#7359);
#7358 = CARTESIAN_POINT('',(37.5,18.,0.91));
#7359 = VECTOR('',#7360,1.);
#7360 = DIRECTION('',(1.,0.,0.));
#7361 = ORIENTED_EDGE('',*,*,#7362,.F.);
#7362 = EDGE_CURVE('',#7363,#7355,#7365,.T.);
#7363 = VERTEX_POINT('',#7364);
#7364 = CARTESIAN_POINT('',(36.5,17.,0.91));
#7365 = CIRCLE('',#7366,0.999999252925);
#7366 = AXIS2_PLACEMENT_3D('',#7367,#7368,#7369);
#7367 = CARTESIAN_POINT('',(37.499999252925,17.000000747075,0.91));
#7368 = DIRECTION('',(0.,0.,-1.));
#7369 = DIRECTION('',(-1.,-7.470757420593E-07,-0.));
#7370 = ORIENTED_EDGE('',*,*,#7371,.F.);
#7371 = EDGE_CURVE('',#7372,#7363,#7374,.T.);
#7372 = VERTEX_POINT('',#7373);
#7373 = CARTESIAN_POINT('',(36.5,8.8,0.91));
#7374 = LINE('',#7375,#7376);
#7375 = CARTESIAN_POINT('',(36.5,8.8,0.91));
#7376 = VECTOR('',#7377,1.);
#7377 = DIRECTION('',(0.,1.,0.));
#7378 = ORIENTED_EDGE('',*,*,#7379,.F.);
#7379 = EDGE_CURVE('',#7380,#7372,#7382,.T.);
#7380 = VERTEX_POINT('',#7381);
#7381 = CARTESIAN_POINT('',(35.5,7.8,0.91));
#7382 = CIRCLE('',#7383,0.999999252925);
#7383 = AXIS2_PLACEMENT_3D('',#7384,#7385,#7386);
#7384 = CARTESIAN_POINT('',(35.500000747075,8.799999252925,0.91));
#7385 = DIRECTION('',(0.,0.,1.));
#7386 = DIRECTION('',(-7.470757491648E-07,-1.,0.));
#7387 = ORIENTED_EDGE('',*,*,#7388,.F.);
#7388 = EDGE_CURVE('',#7389,#7380,#7391,.T.);
#7389 = VERTEX_POINT('',#7390);
#7390 = CARTESIAN_POINT('',(34.5,7.8,0.91));
#7391 = LINE('',#7392,#7393);
#7392 = CARTESIAN_POINT('',(34.5,7.8,0.91));
#7393 = VECTOR('',#7394,1.);
#7394 = DIRECTION('',(1.,0.,0.));
#7395 = ORIENTED_EDGE('',*,*,#7396,.F.);
#7396 = EDGE_CURVE('',#7397,#7389,#7399,.T.);
#7397 = VERTEX_POINT('',#7398);
#7398 = CARTESIAN_POINT('',(33.5,8.8,0.91));
#7399 = CIRCLE('',#7400,0.999999252925);
#7400 = AXIS2_PLACEMENT_3D('',#7401,#7402,#7403);
#7401 = CARTESIAN_POINT('',(34.499999252925,8.799999252925,0.91));
#7402 = DIRECTION('',(0.,0.,1.));
#7403 = DIRECTION('',(-1.,7.470757438357E-07,0.));
#7404 = ORIENTED_EDGE('',*,*,#7405,.F.);
#7405 = EDGE_CURVE('',#7406,#7397,#7408,.T.);
#7406 = VERTEX_POINT('',#7407);
#7407 = CARTESIAN_POINT('',(33.5,17.,0.91));
#7408 = LINE('',#7409,#7410);
#7409 = CARTESIAN_POINT('',(33.5,17.,0.91));
#7410 = VECTOR('',#7411,1.);
#7411 = DIRECTION('',(0.,-1.,0.));
#7412 = ORIENTED_EDGE('',*,*,#7413,.F.);
#7413 = EDGE_CURVE('',#7414,#7406,#7416,.T.);
#7414 = VERTEX_POINT('',#7415);
#7415 = CARTESIAN_POINT('',(32.5,18.,0.91));
#7416 = CIRCLE('',#7417,0.999999252925);
#7417 = AXIS2_PLACEMENT_3D('',#7418,#7419,#7420);
#7418 = CARTESIAN_POINT('',(32.500000747075,17.000000747075,0.91));
#7419 = DIRECTION('',(0.,0.,-1.));
#7420 = DIRECTION('',(-7.470757491648E-07,1.,0.));
#7421 = ORIENTED_EDGE('',*,*,#7422,.F.);
#7422 = EDGE_CURVE('',#7423,#7414,#7425,.T.);
#7423 = VERTEX_POINT('',#7424);
#7424 = CARTESIAN_POINT('',(26.4,18.,0.91));
#7425 = LINE('',#7426,#7427);
#7426 = CARTESIAN_POINT('',(26.4,18.,0.91));
#7427 = VECTOR('',#7428,1.);
#7428 = DIRECTION('',(1.,0.,0.));
#7429 = ORIENTED_EDGE('',*,*,#7430,.F.);
#7430 = EDGE_CURVE('',#7431,#7423,#7433,.T.);
#7431 = VERTEX_POINT('',#7432);
#7432 = CARTESIAN_POINT('',(25.399999,17.,0.91));
#7433 = CIRCLE('',#7434,0.999999252927);
#7434 = AXIS2_PLACEMENT_3D('',#7435,#7436,#7437);
#7435 = CARTESIAN_POINT('',(26.399998252927,17.000000747074,0.91));
#7436 = DIRECTION('',(0.,0.,-1.));
#7437 = DIRECTION('',(-1.,-7.470748609841E-07,-0.));
#7438 = ORIENTED_EDGE('',*,*,#7439,.F.);
#7439 = EDGE_CURVE('',#7440,#7431,#7442,.T.);
#7440 = VERTEX_POINT('',#7441);
#7441 = CARTESIAN_POINT('',(25.399999,14.25,0.91));
#7442 = LINE('',#7443,#7444);
#7443 = CARTESIAN_POINT('',(25.399999,14.25,0.91));
#7444 = VECTOR('',#7445,1.);
#7445 = DIRECTION('',(0.,1.,0.));
#7446 = ORIENTED_EDGE('',*,*,#7447,.F.);
#7447 = EDGE_CURVE('',#7448,#7440,#7450,.T.);
#7448 = VERTEX_POINT('',#7449);
#7449 = CARTESIAN_POINT('',(24.399999,13.25,0.91));
#7450 = CIRCLE('',#7451,1.000000960032);
#7451 = AXIS2_PLACEMENT_3D('',#7452,#7453,#7454);
#7452 = CARTESIAN_POINT('',(24.399998039969,14.250000960031,0.91));
#7453 = DIRECTION('',(0.,0.,1.));
#7454 = DIRECTION('',(9.600305104691E-07,-1.,0.));
#7455 = ORIENTED_EDGE('',*,*,#7456,.F.);
#7456 = EDGE_CURVE('',#7457,#7448,#7459,.T.);
#7457 = VERTEX_POINT('',#7458);
#7458 = CARTESIAN_POINT('',(20.4,13.25,0.91));
#7459 = LINE('',#7460,#7461);
#7460 = CARTESIAN_POINT('',(20.4,13.25,0.91));
#7461 = VECTOR('',#7462,1.);
#7462 = DIRECTION('',(1.,0.,0.));
#7463 = ORIENTED_EDGE('',*,*,#7464,.F.);
#7464 = EDGE_CURVE('',#6711,#7457,#7465,.T.);
#7465 = CIRCLE('',#7466,0.999999252925);
#7466 = AXIS2_PLACEMENT_3D('',#7467,#7468,#7469);
#7467 = CARTESIAN_POINT('',(20.399999252925,14.249999252925,0.91));
#7468 = DIRECTION('',(0.,0.,1.));
#7469 = DIRECTION('',(-1.,7.470757385066E-07,0.));
#7470 = ORIENTED_EDGE('',*,*,#6710,.F.);
#7471 = FACE_BOUND('',#7472,.T.);
#7472 = EDGE_LOOP('',(#7473));
#7473 = ORIENTED_EDGE('',*,*,#7474,.T.);
#7474 = EDGE_CURVE('',#7475,#7475,#7477,.T.);
#7475 = VERTEX_POINT('',#7476);
#7476 = CARTESIAN_POINT('',(5.612998,1.0498,0.91));
#7477 = CIRCLE('',#7478,1.6002);
#7478 = AXIS2_PLACEMENT_3D('',#7479,#7480,#7481);
#7479 = CARTESIAN_POINT('',(5.612998,2.65,0.91));
#7480 = DIRECTION('',(-0.,0.,-1.));
#7481 = DIRECTION('',(-0.,-1.,0.));
#7482 = FACE_BOUND('',#7483,.T.);
#7483 = EDGE_LOOP('',(#7484,#7495,#7503,#7512,#7520,#7529,#7537,#7546));
#7484 = ORIENTED_EDGE('',*,*,#7485,.F.);
#7485 = EDGE_CURVE('',#7486,#7488,#7490,.T.);
#7486 = VERTEX_POINT('',#7487);
#7487 = CARTESIAN_POINT('',(224.865,7.785,0.91));
#7488 = VERTEX_POINT('',#7489);
#7489 = CARTESIAN_POINT('',(224.365,7.285,0.91));
#7490 = CIRCLE('',#7491,0.500001333575);
#7491 = AXIS2_PLACEMENT_3D('',#7492,#7493,#7494);
#7492 = CARTESIAN_POINT('',(224.86500133357,7.284998666427,0.91));
#7493 = DIRECTION('',(0.,0.,1.));
#7494 = DIRECTION('',(-2.667139134199E-06,0.999999999996,0.));
#7495 = ORIENTED_EDGE('',*,*,#7496,.F.);
#7496 = EDGE_CURVE('',#7497,#7486,#7499,.T.);
#7497 = VERTEX_POINT('',#7498);
#7498 = CARTESIAN_POINT('',(241.315,7.785,0.91));
#7499 = LINE('',#7500,#7501);
#7500 = CARTESIAN_POINT('',(241.315,7.785,0.91));
#7501 = VECTOR('',#7502,1.);
#7502 = DIRECTION('',(-1.,0.,0.));
#7503 = ORIENTED_EDGE('',*,*,#7504,.F.);
#7504 = EDGE_CURVE('',#7505,#7497,#7507,.T.);
#7505 = VERTEX_POINT('',#7506);
#7506 = CARTESIAN_POINT('',(241.815,7.285,0.91));
#7507 = CIRCLE('',#7508,0.500001333575);
#7508 = AXIS2_PLACEMENT_3D('',#7509,#7510,#7511);
#7509 = CARTESIAN_POINT('',(241.31499866642,7.284998666427,0.91));
#7510 = DIRECTION('',(0.,0.,1.));
#7511 = DIRECTION('',(0.999999999996,2.667139162621E-06,-0.));
#7512 = ORIENTED_EDGE('',*,*,#7513,.F.);
#7513 = EDGE_CURVE('',#7514,#7505,#7516,.T.);
#7514 = VERTEX_POINT('',#7515);
#7515 = CARTESIAN_POINT('',(241.815,2.085,0.91));
#7516 = LINE('',#7517,#7518);
#7517 = CARTESIAN_POINT('',(241.815,2.085,0.91));
#7518 = VECTOR('',#7519,1.);
#7519 = DIRECTION('',(0.,1.,0.));
#7520 = ORIENTED_EDGE('',*,*,#7521,.F.);
#7521 = EDGE_CURVE('',#7522,#7514,#7524,.T.);
#7522 = VERTEX_POINT('',#7523);
#7523 = CARTESIAN_POINT('',(241.315,1.585,0.91));
#7524 = CIRCLE('',#7525,0.500001333575);
#7525 = AXIS2_PLACEMENT_3D('',#7526,#7527,#7528);
#7526 = CARTESIAN_POINT('',(241.31499866642,2.085001333573,0.91));
#7527 = DIRECTION('',(0.,0.,1.));
#7528 = DIRECTION('',(2.667139134199E-06,-0.999999999996,0.));
#7529 = ORIENTED_EDGE('',*,*,#7530,.F.);
#7530 = EDGE_CURVE('',#7531,#7522,#7533,.T.);
#7531 = VERTEX_POINT('',#7532);
#7532 = CARTESIAN_POINT('',(224.865,1.585,0.91));
#7533 = LINE('',#7534,#7535);
#7534 = CARTESIAN_POINT('',(224.865,1.585,0.91));
#7535 = VECTOR('',#7536,1.);
#7536 = DIRECTION('',(1.,0.,0.));
#7537 = ORIENTED_EDGE('',*,*,#7538,.F.);
#7538 = EDGE_CURVE('',#7539,#7531,#7541,.T.);
#7539 = VERTEX_POINT('',#7540);
#7540 = CARTESIAN_POINT('',(224.365,2.085,0.91));
#7541 = CIRCLE('',#7542,0.500001333575);
#7542 = AXIS2_PLACEMENT_3D('',#7543,#7544,#7545);
#7543 = CARTESIAN_POINT('',(224.86500133357,2.085001333573,0.91));
#7544 = DIRECTION('',(0.,0.,1.));
#7545 = DIRECTION('',(-0.999999999996,-2.667139161733E-06,0.));
#7546 = ORIENTED_EDGE('',*,*,#7547,.F.);
#7547 = EDGE_CURVE('',#7488,#7539,#7548,.T.);
#7548 = LINE('',#7549,#7550);
#7549 = CARTESIAN_POINT('',(224.365,7.285,0.91));
#7550 = VECTOR('',#7551,1.);
#7551 = DIRECTION('',(0.,-1.,0.));
#7552 = FACE_BOUND('',#7553,.T.);
#7553 = EDGE_LOOP('',(#7554));
#7554 = ORIENTED_EDGE('',*,*,#7555,.T.);
#7555 = EDGE_CURVE('',#7556,#7556,#7558,.T.);
#7556 = VERTEX_POINT('',#7557);
#7557 = CARTESIAN_POINT('',(5.612998,13.7498,0.91));
#7558 = CIRCLE('',#7559,1.6002);
#7559 = AXIS2_PLACEMENT_3D('',#7560,#7561,#7562);
#7560 = CARTESIAN_POINT('',(5.612998,15.35,0.91));
#7561 = DIRECTION('',(-0.,0.,-1.));
#7562 = DIRECTION('',(-0.,-1.,0.));
#7563 = PLANE('',#7564);
#7564 = AXIS2_PLACEMENT_3D('',#7565,#7566,#7567);
#7565 = CARTESIAN_POINT('',(0.,0.,0.91));
#7566 = DIRECTION('',(0.,0.,1.));
#7567 = DIRECTION('',(1.,0.,-0.));
#7568 = ADVANCED_FACE('',(#7569),#7580,.T.);
#7569 = FACE_BOUND('',#7570,.T.);
#7570 = EDGE_LOOP('',(#7571,#7577,#7578,#7579));
#7571 = ORIENTED_EDGE('',*,*,#7572,.T.);
#7572 = EDGE_CURVE('',#6743,#7159,#7573,.T.);
#7573 = LINE('',#7574,#7575);
#7574 = CARTESIAN_POINT('',(-1.110223024625E-16,17.,0.));
#7575 = VECTOR('',#7576,1.);
#7576 = DIRECTION('',(0.,0.,1.));
#7577 = ORIENTED_EDGE('',*,*,#7158,.T.);
#7578 = ORIENTED_EDGE('',*,*,#6678,.F.);
#7579 = ORIENTED_EDGE('',*,*,#6742,.F.);
#7580 = CYLINDRICAL_SURFACE('',#7581,0.999999252925);
#7581 = AXIS2_PLACEMENT_3D('',#7582,#7583,#7584);
#7582 = CARTESIAN_POINT('',(0.999999252925,17.000000747075,0.));
#7583 = DIRECTION('',(0.,0.,-1.));
#7584 = DIRECTION('',(-1.,-7.470757420593E-07,-0.));
#7585 = ADVANCED_FACE('',(#7586),#7597,.F.);
#7586 = FACE_BOUND('',#7587,.T.);
#7587 = EDGE_LOOP('',(#7588,#7589,#7590,#7596));
#7588 = ORIENTED_EDGE('',*,*,#6718,.T.);
#7589 = ORIENTED_EDGE('',*,*,#7464,.T.);
#7590 = ORIENTED_EDGE('',*,*,#7591,.F.);
#7591 = EDGE_CURVE('',#7041,#7457,#7592,.T.);
#7592 = LINE('',#7593,#7594);
#7593 = CARTESIAN_POINT('',(20.4,13.25,0.));
#7594 = VECTOR('',#7595,1.);
#7595 = DIRECTION('',(0.,0.,1.));
#7596 = ORIENTED_EDGE('',*,*,#7048,.F.);
#7597 = CYLINDRICAL_SURFACE('',#7598,0.999999252925);
#7598 = AXIS2_PLACEMENT_3D('',#7599,#7600,#7601);
#7599 = CARTESIAN_POINT('',(20.399999252925,14.249999252925,0.));
#7600 = DIRECTION('',(-0.,-0.,-1.));
#7601 = DIRECTION('',(-1.,7.470757385066E-07,0.));
#7602 = ADVANCED_FACE('',(#7603),#7614,.T.);
#7603 = FACE_BOUND('',#7604,.T.);
#7604 = EDGE_LOOP('',(#7605,#7611,#7612,#7613));
#7605 = ORIENTED_EDGE('',*,*,#7606,.T.);
#7606 = EDGE_CURVE('',#6752,#7168,#7607,.T.);
#7607 = LINE('',#7608,#7609);
#7608 = CARTESIAN_POINT('',(-1.110223024625E-16,15.25,0.));
#7609 = VECTOR('',#7610,1.);
#7610 = DIRECTION('',(0.,0.,1.));
#7611 = ORIENTED_EDGE('',*,*,#7167,.T.);
#7612 = ORIENTED_EDGE('',*,*,#7572,.F.);
#7613 = ORIENTED_EDGE('',*,*,#6751,.F.);
#7614 = PLANE('',#7615);
#7615 = AXIS2_PLACEMENT_3D('',#7616,#7617,#7618);
#7616 = CARTESIAN_POINT('',(0.,15.25,0.));
#7617 = DIRECTION('',(-1.,0.,0.));
#7618 = DIRECTION('',(0.,1.,0.));
#7619 = ADVANCED_FACE('',(#7620),#7631,.T.);
#7620 = FACE_BOUND('',#7621,.T.);
#7621 = EDGE_LOOP('',(#7622,#7623,#7624,#7630));
#7622 = ORIENTED_EDGE('',*,*,#7591,.T.);
#7623 = ORIENTED_EDGE('',*,*,#7456,.T.);
#7624 = ORIENTED_EDGE('',*,*,#7625,.F.);
#7625 = EDGE_CURVE('',#7032,#7448,#7626,.T.);
#7626 = LINE('',#7627,#7628);
#7627 = CARTESIAN_POINT('',(24.399999,13.25,0.));
#7628 = VECTOR('',#7629,1.);
#7629 = DIRECTION('',(0.,0.,1.));
#7630 = ORIENTED_EDGE('',*,*,#7040,.F.);
#7631 = PLANE('',#7632);
#7632 = AXIS2_PLACEMENT_3D('',#7633,#7634,#7635);
#7633 = CARTESIAN_POINT('',(20.4,13.25,0.));
#7634 = DIRECTION('',(0.,1.,0.));
#7635 = DIRECTION('',(1.,0.,0.));
#7636 = ADVANCED_FACE('',(#7637),#7648,.T.);
#7637 = FACE_BOUND('',#7638,.T.);
#7638 = EDGE_LOOP('',(#7639,#7645,#7646,#7647));
#7639 = ORIENTED_EDGE('',*,*,#7640,.T.);
#7640 = EDGE_CURVE('',#6760,#7176,#7641,.T.);
#7641 = LINE('',#7642,#7643);
#7642 = CARTESIAN_POINT('',(1.,14.25,0.));
#7643 = VECTOR('',#7644,1.);
#7644 = DIRECTION('',(0.,0.,1.));
#7645 = ORIENTED_EDGE('',*,*,#7175,.T.);
#7646 = ORIENTED_EDGE('',*,*,#7606,.F.);
#7647 = ORIENTED_EDGE('',*,*,#6759,.F.);
#7648 = CYLINDRICAL_SURFACE('',#7649,0.999999252925);
#7649 = AXIS2_PLACEMENT_3D('',#7650,#7651,#7652);
#7650 = CARTESIAN_POINT('',(0.999999252925,15.249999252925,0.));
#7651 = DIRECTION('',(0.,0.,-1.));
#7652 = DIRECTION('',(7.470757425034E-07,-1.,0.));
#7653 = ADVANCED_FACE('',(#7654),#7665,.F.);
#7654 = FACE_BOUND('',#7655,.T.);
#7655 = EDGE_LOOP('',(#7656,#7657,#7658,#7664));
#7656 = ORIENTED_EDGE('',*,*,#7625,.T.);
#7657 = ORIENTED_EDGE('',*,*,#7447,.T.);
#7658 = ORIENTED_EDGE('',*,*,#7659,.F.);
#7659 = EDGE_CURVE('',#7024,#7440,#7660,.T.);
#7660 = LINE('',#7661,#7662);
#7661 = CARTESIAN_POINT('',(25.399999,14.25,0.));
#7662 = VECTOR('',#7663,1.);
#7663 = DIRECTION('',(0.,0.,1.));
#7664 = ORIENTED_EDGE('',*,*,#7031,.F.);
#7665 = CYLINDRICAL_SURFACE('',#7666,1.000000960032);
#7666 = AXIS2_PLACEMENT_3D('',#7667,#7668,#7669);
#7667 = CARTESIAN_POINT('',(24.399998039969,14.250000960031,0.));
#7668 = DIRECTION('',(-0.,-0.,-1.));
#7669 = DIRECTION('',(9.600305104691E-07,-1.,0.));
#7670 = ADVANCED_FACE('',(#7671),#7682,.T.);
#7671 = FACE_BOUND('',#7672,.T.);
#7672 = EDGE_LOOP('',(#7673,#7679,#7680,#7681));
#7673 = ORIENTED_EDGE('',*,*,#7674,.T.);
#7674 = EDGE_CURVE('',#6769,#7185,#7675,.T.);
#7675 = LINE('',#7676,#7677);
#7676 = CARTESIAN_POINT('',(4.,14.25,0.));
#7677 = VECTOR('',#7678,1.);
#7678 = DIRECTION('',(0.,0.,1.));
#7679 = ORIENTED_EDGE('',*,*,#7184,.T.);
#7680 = ORIENTED_EDGE('',*,*,#7640,.F.);
#7681 = ORIENTED_EDGE('',*,*,#6768,.F.);
#7682 = PLANE('',#7683);
#7683 = AXIS2_PLACEMENT_3D('',#7684,#7685,#7686);
#7684 = CARTESIAN_POINT('',(4.,14.25,0.));
#7685 = DIRECTION('',(0.,-1.,0.));
#7686 = DIRECTION('',(-1.,0.,0.));
#7687 = ADVANCED_FACE('',(#7688),#7699,.T.);
#7688 = FACE_BOUND('',#7689,.T.);
#7689 = EDGE_LOOP('',(#7690,#7691,#7692,#7698));
#7690 = ORIENTED_EDGE('',*,*,#7659,.T.);
#7691 = ORIENTED_EDGE('',*,*,#7439,.T.);
#7692 = ORIENTED_EDGE('',*,*,#7693,.F.);
#7693 = EDGE_CURVE('',#7015,#7431,#7694,.T.);
#7694 = LINE('',#7695,#7696);
#7695 = CARTESIAN_POINT('',(25.399999,17.,0.));
#7696 = VECTOR('',#7697,1.);
#7697 = DIRECTION('',(0.,0.,1.));
#7698 = ORIENTED_EDGE('',*,*,#7023,.F.);
#7699 = PLANE('',#7700);
#7700 = AXIS2_PLACEMENT_3D('',#7701,#7702,#7703);
#7701 = CARTESIAN_POINT('',(25.399999,14.25,0.));
#7702 = DIRECTION('',(-1.,0.,0.));
#7703 = DIRECTION('',(0.,1.,0.));
#7704 = ADVANCED_FACE('',(#7705),#7716,.F.);
#7705 = FACE_BOUND('',#7706,.T.);
#7706 = EDGE_LOOP('',(#7707,#7713,#7714,#7715));
#7707 = ORIENTED_EDGE('',*,*,#7708,.T.);
#7708 = EDGE_CURVE('',#6777,#7193,#7709,.T.);
#7709 = LINE('',#7710,#7711);
#7710 = CARTESIAN_POINT('',(5.,13.25,0.));
#7711 = VECTOR('',#7712,1.);
#7712 = DIRECTION('',(0.,0.,1.));
#7713 = ORIENTED_EDGE('',*,*,#7192,.T.);
#7714 = ORIENTED_EDGE('',*,*,#7674,.F.);
#7715 = ORIENTED_EDGE('',*,*,#6776,.F.);
#7716 = CYLINDRICAL_SURFACE('',#7717,0.999999252925);
#7717 = AXIS2_PLACEMENT_3D('',#7718,#7719,#7720);
#7718 = CARTESIAN_POINT('',(4.000000747075,13.250000747075,0.));
#7719 = DIRECTION('',(-0.,-0.,-1.));
#7720 = DIRECTION('',(1.,-7.470757420593E-07,0.));
#7721 = ADVANCED_FACE('',(#7722),#7733,.T.);
#7722 = FACE_BOUND('',#7723,.T.);
#7723 = EDGE_LOOP('',(#7724,#7725,#7726,#7732));
#7724 = ORIENTED_EDGE('',*,*,#7693,.T.);
#7725 = ORIENTED_EDGE('',*,*,#7430,.T.);
#7726 = ORIENTED_EDGE('',*,*,#7727,.F.);
#7727 = EDGE_CURVE('',#7007,#7423,#7728,.T.);
#7728 = LINE('',#7729,#7730);
#7729 = CARTESIAN_POINT('',(26.4,18.,0.));
#7730 = VECTOR('',#7731,1.);
#7731 = DIRECTION('',(0.,0.,1.));
#7732 = ORIENTED_EDGE('',*,*,#7014,.F.);
#7733 = CYLINDRICAL_SURFACE('',#7734,0.999999252927);
#7734 = AXIS2_PLACEMENT_3D('',#7735,#7736,#7737);
#7735 = CARTESIAN_POINT('',(26.399998252927,17.000000747074,0.));
#7736 = DIRECTION('',(0.,0.,-1.));
#7737 = DIRECTION('',(-1.,-7.470748609841E-07,-0.));
#7738 = ADVANCED_FACE('',(#7739),#7750,.T.);
#7739 = FACE_BOUND('',#7740,.T.);
#7740 = EDGE_LOOP('',(#7741,#7747,#7748,#7749));
#7741 = ORIENTED_EDGE('',*,*,#7742,.T.);
#7742 = EDGE_CURVE('',#6786,#7202,#7743,.T.);
#7743 = LINE('',#7744,#7745);
#7744 = CARTESIAN_POINT('',(5.,4.75,0.));
#7745 = VECTOR('',#7746,1.);
#7746 = DIRECTION('',(0.,0.,1.));
#7747 = ORIENTED_EDGE('',*,*,#7201,.T.);
#7748 = ORIENTED_EDGE('',*,*,#7708,.F.);
#7749 = ORIENTED_EDGE('',*,*,#6785,.F.);
#7750 = PLANE('',#7751);
#7751 = AXIS2_PLACEMENT_3D('',#7752,#7753,#7754);
#7752 = CARTESIAN_POINT('',(5.,4.75,0.));
#7753 = DIRECTION('',(-1.,0.,0.));
#7754 = DIRECTION('',(0.,1.,0.));
#7755 = ADVANCED_FACE('',(#7756),#7767,.T.);
#7756 = FACE_BOUND('',#7757,.T.);
#7757 = EDGE_LOOP('',(#7758,#7759,#7760,#7766));
#7758 = ORIENTED_EDGE('',*,*,#7727,.T.);
#7759 = ORIENTED_EDGE('',*,*,#7422,.T.);
#7760 = ORIENTED_EDGE('',*,*,#7761,.F.);
#7761 = EDGE_CURVE('',#6998,#7414,#7762,.T.);
#7762 = LINE('',#7763,#7764);
#7763 = CARTESIAN_POINT('',(32.5,18.,0.));
#7764 = VECTOR('',#7765,1.);
#7765 = DIRECTION('',(0.,0.,1.));
#7766 = ORIENTED_EDGE('',*,*,#7006,.F.);
#7767 = PLANE('',#7768);
#7768 = AXIS2_PLACEMENT_3D('',#7769,#7770,#7771);
#7769 = CARTESIAN_POINT('',(26.4,18.,0.));
#7770 = DIRECTION('',(0.,1.,0.));
#7771 = DIRECTION('',(1.,0.,0.));
#7772 = ADVANCED_FACE('',(#7773),#7784,.F.);
#7773 = FACE_BOUND('',#7774,.T.);
#7774 = EDGE_LOOP('',(#7775,#7781,#7782,#7783));
#7775 = ORIENTED_EDGE('',*,*,#7776,.T.);
#7776 = EDGE_CURVE('',#6794,#7210,#7777,.T.);
#7777 = LINE('',#7778,#7779);
#7778 = CARTESIAN_POINT('',(4.,3.75,0.));
#7779 = VECTOR('',#7780,1.);
#7780 = DIRECTION('',(0.,0.,1.));
#7781 = ORIENTED_EDGE('',*,*,#7209,.T.);
#7782 = ORIENTED_EDGE('',*,*,#7742,.F.);
#7783 = ORIENTED_EDGE('',*,*,#6793,.F.);
#7784 = CYLINDRICAL_SURFACE('',#7785,0.999999252925);
#7785 = AXIS2_PLACEMENT_3D('',#7786,#7787,#7788);
#7786 = CARTESIAN_POINT('',(4.000000747075,4.749999252925,0.));
#7787 = DIRECTION('',(-0.,-0.,-1.));
#7788 = DIRECTION('',(-7.470757411712E-07,-1.,0.));
#7789 = ADVANCED_FACE('',(#7790),#7801,.T.);
#7790 = FACE_BOUND('',#7791,.T.);
#7791 = EDGE_LOOP('',(#7792,#7793,#7794,#7800));
#7792 = ORIENTED_EDGE('',*,*,#7761,.T.);
#7793 = ORIENTED_EDGE('',*,*,#7413,.T.);
#7794 = ORIENTED_EDGE('',*,*,#7795,.F.);
#7795 = EDGE_CURVE('',#6990,#7406,#7796,.T.);
#7796 = LINE('',#7797,#7798);
#7797 = CARTESIAN_POINT('',(33.5,17.,0.));
#7798 = VECTOR('',#7799,1.);
#7799 = DIRECTION('',(0.,0.,1.));
#7800 = ORIENTED_EDGE('',*,*,#6997,.F.);
#7801 = CYLINDRICAL_SURFACE('',#7802,0.999999252925);
#7802 = AXIS2_PLACEMENT_3D('',#7803,#7804,#7805);
#7803 = CARTESIAN_POINT('',(32.500000747075,17.000000747075,0.));
#7804 = DIRECTION('',(0.,0.,-1.));
#7805 = DIRECTION('',(-7.470757491648E-07,1.,0.));
#7806 = ADVANCED_FACE('',(#7807),#7818,.T.);
#7807 = FACE_BOUND('',#7808,.T.);
#7808 = EDGE_LOOP('',(#7809,#7815,#7816,#7817));
#7809 = ORIENTED_EDGE('',*,*,#7810,.T.);
#7810 = EDGE_CURVE('',#6803,#7219,#7811,.T.);
#7811 = LINE('',#7812,#7813);
#7812 = CARTESIAN_POINT('',(1.,3.75,0.));
#7813 = VECTOR('',#7814,1.);
#7814 = DIRECTION('',(0.,0.,1.));
#7815 = ORIENTED_EDGE('',*,*,#7218,.T.);
#7816 = ORIENTED_EDGE('',*,*,#7776,.F.);
#7817 = ORIENTED_EDGE('',*,*,#6802,.F.);
#7818 = PLANE('',#7819);
#7819 = AXIS2_PLACEMENT_3D('',#7820,#7821,#7822);
#7820 = CARTESIAN_POINT('',(1.,3.75,0.));
#7821 = DIRECTION('',(0.,1.,0.));
#7822 = DIRECTION('',(1.,0.,0.));
#7823 = ADVANCED_FACE('',(#7824),#7835,.T.);
#7824 = FACE_BOUND('',#7825,.T.);
#7825 = EDGE_LOOP('',(#7826,#7827,#7828,#7834));
#7826 = ORIENTED_EDGE('',*,*,#7795,.T.);
#7827 = ORIENTED_EDGE('',*,*,#7405,.T.);
#7828 = ORIENTED_EDGE('',*,*,#7829,.F.);
#7829 = EDGE_CURVE('',#6981,#7397,#7830,.T.);
#7830 = LINE('',#7831,#7832);
#7831 = CARTESIAN_POINT('',(33.5,8.8,0.));
#7832 = VECTOR('',#7833,1.);
#7833 = DIRECTION('',(0.,0.,1.));
#7834 = ORIENTED_EDGE('',*,*,#6989,.F.);
#7835 = PLANE('',#7836);
#7836 = AXIS2_PLACEMENT_3D('',#7837,#7838,#7839);
#7837 = CARTESIAN_POINT('',(33.5,17.,0.));
#7838 = DIRECTION('',(1.,0.,-0.));
#7839 = DIRECTION('',(0.,-1.,0.));
#7840 = ADVANCED_FACE('',(#7841),#7852,.T.);
#7841 = FACE_BOUND('',#7842,.T.);
#7842 = EDGE_LOOP('',(#7843,#7849,#7850,#7851));
#7843 = ORIENTED_EDGE('',*,*,#7844,.T.);
#7844 = EDGE_CURVE('',#6811,#7227,#7845,.T.);
#7845 = LINE('',#7846,#7847);
#7846 = CARTESIAN_POINT('',(5.551115123126E-17,2.75,0.));
#7847 = VECTOR('',#7848,1.);
#7848 = DIRECTION('',(0.,0.,1.));
#7849 = ORIENTED_EDGE('',*,*,#7226,.T.);
#7850 = ORIENTED_EDGE('',*,*,#7810,.F.);
#7851 = ORIENTED_EDGE('',*,*,#6810,.F.);
#7852 = CYLINDRICAL_SURFACE('',#7853,0.999999252925);
#7853 = AXIS2_PLACEMENT_3D('',#7854,#7855,#7856);
#7854 = CARTESIAN_POINT('',(0.999999252925,2.750000747075,0.));
#7855 = DIRECTION('',(0.,0.,-1.));
#7856 = DIRECTION('',(-1.,-7.470757420593E-07,-0.));
#7857 = ADVANCED_FACE('',(#7858),#7869,.F.);
#7858 = FACE_BOUND('',#7859,.T.);
#7859 = EDGE_LOOP('',(#7860,#7861,#7862,#7868));
#7860 = ORIENTED_EDGE('',*,*,#7829,.T.);
#7861 = ORIENTED_EDGE('',*,*,#7396,.T.);
#7862 = ORIENTED_EDGE('',*,*,#7863,.F.);
#7863 = EDGE_CURVE('',#6973,#7389,#7864,.T.);
#7864 = LINE('',#7865,#7866);
#7865 = CARTESIAN_POINT('',(34.5,7.8,0.));
#7866 = VECTOR('',#7867,1.);
#7867 = DIRECTION('',(0.,0.,1.));
#7868 = ORIENTED_EDGE('',*,*,#6980,.F.);
#7869 = CYLINDRICAL_SURFACE('',#7870,0.999999252925);
#7870 = AXIS2_PLACEMENT_3D('',#7871,#7872,#7873);
#7871 = CARTESIAN_POINT('',(34.499999252925,8.799999252925,0.));
#7872 = DIRECTION('',(-0.,-0.,-1.));
#7873 = DIRECTION('',(-1.,7.470757438357E-07,0.));
#7874 = ADVANCED_FACE('',(#7875),#7886,.T.);
#7875 = FACE_BOUND('',#7876,.T.);
#7876 = EDGE_LOOP('',(#7877,#7883,#7884,#7885));
#7877 = ORIENTED_EDGE('',*,*,#7878,.T.);
#7878 = EDGE_CURVE('',#6820,#7236,#7879,.T.);
#7879 = LINE('',#7880,#7881);
#7880 = CARTESIAN_POINT('',(0.,1.,0.));
#7881 = VECTOR('',#7882,1.);
#7882 = DIRECTION('',(0.,0.,1.));
#7883 = ORIENTED_EDGE('',*,*,#7235,.T.);
#7884 = ORIENTED_EDGE('',*,*,#7844,.F.);
#7885 = ORIENTED_EDGE('',*,*,#6819,.F.);
#7886 = PLANE('',#7887);
#7887 = AXIS2_PLACEMENT_3D('',#7888,#7889,#7890);
#7888 = CARTESIAN_POINT('',(0.,1.,0.));
#7889 = DIRECTION('',(-1.,0.,0.));
#7890 = DIRECTION('',(0.,1.,0.));
#7891 = ADVANCED_FACE('',(#7892),#7903,.T.);
#7892 = FACE_BOUND('',#7893,.T.);
#7893 = EDGE_LOOP('',(#7894,#7895,#7896,#7902));
#7894 = ORIENTED_EDGE('',*,*,#7863,.T.);
#7895 = ORIENTED_EDGE('',*,*,#7388,.T.);
#7896 = ORIENTED_EDGE('',*,*,#7897,.F.);
#7897 = EDGE_CURVE('',#6964,#7380,#7898,.T.);
#7898 = LINE('',#7899,#7900);
#7899 = CARTESIAN_POINT('',(35.5,7.8,0.));
#7900 = VECTOR('',#7901,1.);
#7901 = DIRECTION('',(0.,0.,1.));
#7902 = ORIENTED_EDGE('',*,*,#6972,.F.);
#7903 = PLANE('',#7904);
#7904 = AXIS2_PLACEMENT_3D('',#7905,#7906,#7907);
#7905 = CARTESIAN_POINT('',(34.5,7.8,0.));
#7906 = DIRECTION('',(0.,1.,0.));
#7907 = DIRECTION('',(1.,0.,0.));
#7908 = ADVANCED_FACE('',(#7909),#7920,.T.);
#7909 = FACE_BOUND('',#7910,.T.);
#7910 = EDGE_LOOP('',(#7911,#7917,#7918,#7919));
#7911 = ORIENTED_EDGE('',*,*,#7912,.T.);
#7912 = EDGE_CURVE('',#6828,#7244,#7913,.T.);
#7913 = LINE('',#7914,#7915);
#7914 = CARTESIAN_POINT('',(1.,0.,0.));
#7915 = VECTOR('',#7916,1.);
#7916 = DIRECTION('',(0.,0.,1.));
#7917 = ORIENTED_EDGE('',*,*,#7243,.T.);
#7918 = ORIENTED_EDGE('',*,*,#7878,.F.);
#7919 = ORIENTED_EDGE('',*,*,#6827,.F.);
#7920 = CYLINDRICAL_SURFACE('',#7921,0.999999252925);
#7921 = AXIS2_PLACEMENT_3D('',#7922,#7923,#7924);
#7922 = CARTESIAN_POINT('',(0.999999252925,0.999999252925,0.));
#7923 = DIRECTION('',(0.,0.,-1.));
#7924 = DIRECTION('',(7.470757411712E-07,-1.,0.));
#7925 = ADVANCED_FACE('',(#7926),#7937,.F.);
#7926 = FACE_BOUND('',#7927,.T.);
#7927 = EDGE_LOOP('',(#7928,#7929,#7930,#7936));
#7928 = ORIENTED_EDGE('',*,*,#7897,.T.);
#7929 = ORIENTED_EDGE('',*,*,#7379,.T.);
#7930 = ORIENTED_EDGE('',*,*,#7931,.F.);
#7931 = EDGE_CURVE('',#6956,#7372,#7932,.T.);
#7932 = LINE('',#7933,#7934);
#7933 = CARTESIAN_POINT('',(36.5,8.8,0.));
#7934 = VECTOR('',#7935,1.);
#7935 = DIRECTION('',(0.,0.,1.));
#7936 = ORIENTED_EDGE('',*,*,#6963,.F.);
#7937 = CYLINDRICAL_SURFACE('',#7938,0.999999252925);
#7938 = AXIS2_PLACEMENT_3D('',#7939,#7940,#7941);
#7939 = CARTESIAN_POINT('',(35.500000747075,8.799999252925,0.));
#7940 = DIRECTION('',(-0.,-0.,-1.));
#7941 = DIRECTION('',(-7.470757491648E-07,-1.,0.));
#7942 = ADVANCED_FACE('',(#7943),#7954,.T.);
#7943 = FACE_BOUND('',#7944,.T.);
#7944 = EDGE_LOOP('',(#7945,#7951,#7952,#7953));
#7945 = ORIENTED_EDGE('',*,*,#7946,.T.);
#7946 = EDGE_CURVE('',#6837,#7253,#7947,.T.);
#7947 = LINE('',#7948,#7949);
#7948 = CARTESIAN_POINT('',(18.4,-1.110223024625E-16,0.));
#7949 = VECTOR('',#7950,1.);
#7950 = DIRECTION('',(0.,0.,1.));
#7951 = ORIENTED_EDGE('',*,*,#7252,.T.);
#7952 = ORIENTED_EDGE('',*,*,#7912,.F.);
#7953 = ORIENTED_EDGE('',*,*,#6836,.F.);
#7954 = PLANE('',#7955);
#7955 = AXIS2_PLACEMENT_3D('',#7956,#7957,#7958);
#7956 = CARTESIAN_POINT('',(18.4,0.,0.));
#7957 = DIRECTION('',(0.,-1.,0.));
#7958 = DIRECTION('',(-1.,0.,0.));
#7959 = ADVANCED_FACE('',(#7960),#7971,.T.);
#7960 = FACE_BOUND('',#7961,.T.);
#7961 = EDGE_LOOP('',(#7962,#7963,#7964,#7970));
#7962 = ORIENTED_EDGE('',*,*,#7931,.T.);
#7963 = ORIENTED_EDGE('',*,*,#7371,.T.);
#7964 = ORIENTED_EDGE('',*,*,#7965,.F.);
#7965 = EDGE_CURVE('',#6947,#7363,#7966,.T.);
#7966 = LINE('',#7967,#7968);
#7967 = CARTESIAN_POINT('',(36.5,17.,0.));
#7968 = VECTOR('',#7969,1.);
#7969 = DIRECTION('',(0.,0.,1.));
#7970 = ORIENTED_EDGE('',*,*,#6955,.F.);
#7971 = PLANE('',#7972);
#7972 = AXIS2_PLACEMENT_3D('',#7973,#7974,#7975);
#7973 = CARTESIAN_POINT('',(36.5,8.8,0.));
#7974 = DIRECTION('',(-1.,0.,0.));
#7975 = DIRECTION('',(0.,1.,0.));
#7976 = ADVANCED_FACE('',(#7977),#7988,.T.);
#7977 = FACE_BOUND('',#7978,.T.);
#7978 = EDGE_LOOP('',(#7979,#7985,#7986,#7987));
#7979 = ORIENTED_EDGE('',*,*,#7980,.T.);
#7980 = EDGE_CURVE('',#6845,#7261,#7981,.T.);
#7981 = LINE('',#7982,#7983);
#7982 = CARTESIAN_POINT('',(19.4,1.,0.));
#7983 = VECTOR('',#7984,1.);
#7984 = DIRECTION('',(0.,0.,1.));
#7985 = ORIENTED_EDGE('',*,*,#7260,.T.);
#7986 = ORIENTED_EDGE('',*,*,#7946,.F.);
#7987 = ORIENTED_EDGE('',*,*,#6844,.F.);
#7988 = CYLINDRICAL_SURFACE('',#7989,0.999999252925);
#7989 = AXIS2_PLACEMENT_3D('',#7990,#7991,#7992);
#7990 = CARTESIAN_POINT('',(18.400000747075,0.999999252925,0.));
#7991 = DIRECTION('',(0.,0.,-1.));
#7992 = DIRECTION('',(1.,7.470757425034E-07,0.));
#7993 = ADVANCED_FACE('',(#7994),#8005,.T.);
#7994 = FACE_BOUND('',#7995,.T.);
#7995 = EDGE_LOOP('',(#7996,#7997,#7998,#8004));
#7996 = ORIENTED_EDGE('',*,*,#7965,.T.);
#7997 = ORIENTED_EDGE('',*,*,#7362,.T.);
#7998 = ORIENTED_EDGE('',*,*,#7999,.F.);
#7999 = EDGE_CURVE('',#6939,#7355,#8000,.T.);
#8000 = LINE('',#8001,#8002);
#8001 = CARTESIAN_POINT('',(37.5,18.,0.));
#8002 = VECTOR('',#8003,1.);
#8003 = DIRECTION('',(0.,0.,1.));
#8004 = ORIENTED_EDGE('',*,*,#6946,.F.);
#8005 = CYLINDRICAL_SURFACE('',#8006,0.999999252925);
#8006 = AXIS2_PLACEMENT_3D('',#8007,#8008,#8009);
#8007 = CARTESIAN_POINT('',(37.499999252925,17.000000747075,0.));
#8008 = DIRECTION('',(0.,0.,-1.));
#8009 = DIRECTION('',(-1.,-7.470757420593E-07,-0.));
#8010 = ADVANCED_FACE('',(#8011),#8022,.T.);
#8011 = FACE_BOUND('',#8012,.T.);
#8012 = EDGE_LOOP('',(#8013,#8019,#8020,#8021));
#8013 = ORIENTED_EDGE('',*,*,#8014,.T.);
#8014 = EDGE_CURVE('',#6854,#7270,#8015,.T.);
#8015 = LINE('',#8016,#8017);
#8016 = CARTESIAN_POINT('',(19.4,3.75,0.));
#8017 = VECTOR('',#8018,1.);
#8018 = DIRECTION('',(0.,0.,1.));
#8019 = ORIENTED_EDGE('',*,*,#7269,.T.);
#8020 = ORIENTED_EDGE('',*,*,#7980,.F.);
#8021 = ORIENTED_EDGE('',*,*,#6853,.F.);
#8022 = PLANE('',#8023);
#8023 = AXIS2_PLACEMENT_3D('',#8024,#8025,#8026);
#8024 = CARTESIAN_POINT('',(19.4,3.75,0.));
#8025 = DIRECTION('',(1.,0.,-0.));
#8026 = DIRECTION('',(0.,-1.,0.));
#8027 = ADVANCED_FACE('',(#8028),#8039,.T.);
#8028 = FACE_BOUND('',#8029,.T.);
#8029 = EDGE_LOOP('',(#8030,#8031,#8032,#8038));
#8030 = ORIENTED_EDGE('',*,*,#7999,.T.);
#8031 = ORIENTED_EDGE('',*,*,#7354,.T.);
#8032 = ORIENTED_EDGE('',*,*,#8033,.F.);
#8033 = EDGE_CURVE('',#6930,#7346,#8034,.T.);
#8034 = LINE('',#8035,#8036);
#8035 = CARTESIAN_POINT('',(255.,18.,0.));
#8036 = VECTOR('',#8037,1.);
#8037 = DIRECTION('',(0.,0.,1.));
#8038 = ORIENTED_EDGE('',*,*,#6938,.F.);
#8039 = PLANE('',#8040);
#8040 = AXIS2_PLACEMENT_3D('',#8041,#8042,#8043);
#8041 = CARTESIAN_POINT('',(37.5,18.,0.));
#8042 = DIRECTION('',(0.,1.,0.));
#8043 = DIRECTION('',(1.,0.,0.));
#8044 = ADVANCED_FACE('',(#8045),#8056,.F.);
#8045 = FACE_BOUND('',#8046,.T.);
#8046 = EDGE_LOOP('',(#8047,#8053,#8054,#8055));
#8047 = ORIENTED_EDGE('',*,*,#8048,.T.);
#8048 = EDGE_CURVE('',#6862,#7278,#8049,.T.);
#8049 = LINE('',#8050,#8051);
#8050 = CARTESIAN_POINT('',(20.4,4.75,0.));
#8051 = VECTOR('',#8052,1.);
#8052 = DIRECTION('',(0.,0.,1.));
#8053 = ORIENTED_EDGE('',*,*,#7277,.T.);
#8054 = ORIENTED_EDGE('',*,*,#8014,.F.);
#8055 = ORIENTED_EDGE('',*,*,#6861,.F.);
#8056 = CYLINDRICAL_SURFACE('',#8057,0.999999252925);
#8057 = AXIS2_PLACEMENT_3D('',#8058,#8059,#8060);
#8058 = CARTESIAN_POINT('',(20.399999252925,3.750000747075,0.));
#8059 = DIRECTION('',(-0.,-0.,-1.));
#8060 = DIRECTION('',(7.470757349539E-07,1.,-0.));
#8061 = ADVANCED_FACE('',(#8062),#8073,.T.);
#8062 = FACE_BOUND('',#8063,.T.);
#8063 = EDGE_LOOP('',(#8064,#8065,#8066,#8072));
#8064 = ORIENTED_EDGE('',*,*,#8033,.T.);
#8065 = ORIENTED_EDGE('',*,*,#7345,.T.);
#8066 = ORIENTED_EDGE('',*,*,#8067,.F.);
#8067 = EDGE_CURVE('',#6922,#7338,#8068,.T.);
#8068 = LINE('',#8069,#8070);
#8069 = CARTESIAN_POINT('',(256.,17.,0.));
#8070 = VECTOR('',#8071,1.);
#8071 = DIRECTION('',(0.,0.,1.));
#8072 = ORIENTED_EDGE('',*,*,#6929,.F.);
#8073 = CYLINDRICAL_SURFACE('',#8074,0.999999252925);
#8074 = AXIS2_PLACEMENT_3D('',#8075,#8076,#8077);
#8075 = CARTESIAN_POINT('',(255.00000074707,17.000000747075,0.));
#8076 = DIRECTION('',(0.,0.,-1.));
#8077 = DIRECTION('',(-7.470757633756E-07,1.,0.));
#8078 = ADVANCED_FACE('',(#8079),#8090,.T.);
#8079 = FACE_BOUND('',#8080,.T.);
#8080 = EDGE_LOOP('',(#8081,#8087,#8088,#8089));
#8081 = ORIENTED_EDGE('',*,*,#8082,.T.);
#8082 = EDGE_CURVE('',#6871,#7287,#8083,.T.);
#8083 = LINE('',#8084,#8085);
#8084 = CARTESIAN_POINT('',(24.4,4.75,0.));
#8085 = VECTOR('',#8086,1.);
#8086 = DIRECTION('',(0.,0.,1.));
#8087 = ORIENTED_EDGE('',*,*,#7286,.T.);
#8088 = ORIENTED_EDGE('',*,*,#8048,.F.);
#8089 = ORIENTED_EDGE('',*,*,#6870,.F.);
#8090 = PLANE('',#8091);
#8091 = AXIS2_PLACEMENT_3D('',#8092,#8093,#8094);
#8092 = CARTESIAN_POINT('',(24.4,4.75,0.));
#8093 = DIRECTION('',(0.,-1.,0.));
#8094 = DIRECTION('',(-1.,0.,0.));
#8095 = ADVANCED_FACE('',(#8096),#8107,.T.);
#8096 = FACE_BOUND('',#8097,.T.);
#8097 = EDGE_LOOP('',(#8098,#8099,#8100,#8106));
#8098 = ORIENTED_EDGE('',*,*,#8067,.T.);
#8099 = ORIENTED_EDGE('',*,*,#7337,.T.);
#8100 = ORIENTED_EDGE('',*,*,#8101,.F.);
#8101 = EDGE_CURVE('',#6913,#7329,#8102,.T.);
#8102 = LINE('',#8103,#8104);
#8103 = CARTESIAN_POINT('',(256.,1.,0.));
#8104 = VECTOR('',#8105,1.);
#8105 = DIRECTION('',(0.,0.,1.));
#8106 = ORIENTED_EDGE('',*,*,#6921,.F.);
#8107 = PLANE('',#8108);
#8108 = AXIS2_PLACEMENT_3D('',#8109,#8110,#8111);
#8109 = CARTESIAN_POINT('',(256.,17.,0.));
#8110 = DIRECTION('',(1.,0.,-0.));
#8111 = DIRECTION('',(0.,-1.,0.));
#8112 = ADVANCED_FACE('',(#8113),#8124,.F.);
#8113 = FACE_BOUND('',#8114,.T.);
#8114 = EDGE_LOOP('',(#8115,#8121,#8122,#8123));
#8115 = ORIENTED_EDGE('',*,*,#8116,.T.);
#8116 = EDGE_CURVE('',#6879,#7295,#8117,.T.);
#8117 = LINE('',#8118,#8119);
#8118 = CARTESIAN_POINT('',(25.4,3.75,0.));
#8119 = VECTOR('',#8120,1.);
#8120 = DIRECTION('',(0.,0.,1.));
#8121 = ORIENTED_EDGE('',*,*,#7294,.T.);
#8122 = ORIENTED_EDGE('',*,*,#8082,.F.);
#8123 = ORIENTED_EDGE('',*,*,#6878,.F.);
#8124 = CYLINDRICAL_SURFACE('',#8125,0.999999252925);
#8125 = AXIS2_PLACEMENT_3D('',#8126,#8127,#8128);
#8126 = CARTESIAN_POINT('',(24.400000747075,3.750000747075,0.));
#8127 = DIRECTION('',(-0.,-0.,-1.));
#8128 = DIRECTION('',(1.,-7.470757425034E-07,0.));
#8129 = ADVANCED_FACE('',(#8130),#8141,.T.);
#8130 = FACE_BOUND('',#8131,.T.);
#8131 = EDGE_LOOP('',(#8132,#8133,#8134,#8140));
#8132 = ORIENTED_EDGE('',*,*,#8101,.T.);
#8133 = ORIENTED_EDGE('',*,*,#7328,.T.);
#8134 = ORIENTED_EDGE('',*,*,#8135,.F.);
#8135 = EDGE_CURVE('',#6905,#7321,#8136,.T.);
#8136 = LINE('',#8137,#8138);
#8137 = CARTESIAN_POINT('',(255.,2.498001805407E-15,0.));
#8138 = VECTOR('',#8139,1.);
#8139 = DIRECTION('',(0.,0.,1.));
#8140 = ORIENTED_EDGE('',*,*,#6912,.F.);
#8141 = CYLINDRICAL_SURFACE('',#8142,0.999999252925);
#8142 = AXIS2_PLACEMENT_3D('',#8143,#8144,#8145);
#8143 = CARTESIAN_POINT('',(255.00000074707,0.999999252925,0.));
#8144 = DIRECTION('',(0.,0.,-1.));
#8145 = DIRECTION('',(1.,7.470757544939E-07,0.));
#8146 = ADVANCED_FACE('',(#8147),#8158,.T.);
#8147 = FACE_BOUND('',#8148,.T.);
#8148 = EDGE_LOOP('',(#8149,#8155,#8156,#8157));
#8149 = ORIENTED_EDGE('',*,*,#8150,.T.);
#8150 = EDGE_CURVE('',#6888,#7304,#8151,.T.);
#8151 = LINE('',#8152,#8153);
#8152 = CARTESIAN_POINT('',(25.4,1.,0.));
#8153 = VECTOR('',#8154,1.);
#8154 = DIRECTION('',(0.,0.,1.));
#8155 = ORIENTED_EDGE('',*,*,#7303,.T.);
#8156 = ORIENTED_EDGE('',*,*,#8116,.F.);
#8157 = ORIENTED_EDGE('',*,*,#6887,.F.);
#8158 = PLANE('',#8159);
#8159 = AXIS2_PLACEMENT_3D('',#8160,#8161,#8162);
#8160 = CARTESIAN_POINT('',(25.4,1.,0.));
#8161 = DIRECTION('',(-1.,0.,0.));
#8162 = DIRECTION('',(0.,1.,0.));
#8163 = ADVANCED_FACE('',(#8164),#8175,.T.);
#8164 = FACE_BOUND('',#8165,.T.);
#8165 = EDGE_LOOP('',(#8166,#8167,#8168,#8174));
#8166 = ORIENTED_EDGE('',*,*,#8135,.T.);
#8167 = ORIENTED_EDGE('',*,*,#7320,.T.);
#8168 = ORIENTED_EDGE('',*,*,#8169,.F.);
#8169 = EDGE_CURVE('',#6896,#7312,#8170,.T.);
#8170 = LINE('',#8171,#8172);
#8171 = CARTESIAN_POINT('',(26.4,-4.996003610813E-16,0.));
#8172 = VECTOR('',#8173,1.);
#8173 = DIRECTION('',(0.,0.,1.));
#8174 = ORIENTED_EDGE('',*,*,#6904,.F.);
#8175 = PLANE('',#8176);
#8176 = AXIS2_PLACEMENT_3D('',#8177,#8178,#8179);
#8177 = CARTESIAN_POINT('',(255.,0.,0.));
#8178 = DIRECTION('',(0.,-1.,0.));
#8179 = DIRECTION('',(-1.,0.,0.));
#8180 = ADVANCED_FACE('',(#8181),#8187,.T.);
#8181 = FACE_BOUND('',#8182,.T.);
#8182 = EDGE_LOOP('',(#8183,#8184,#8185,#8186));
#8183 = ORIENTED_EDGE('',*,*,#8169,.T.);
#8184 = ORIENTED_EDGE('',*,*,#7311,.T.);
#8185 = ORIENTED_EDGE('',*,*,#8150,.F.);
#8186 = ORIENTED_EDGE('',*,*,#6895,.F.);
#8187 = CYLINDRICAL_SURFACE('',#8188,0.999999252925);
#8188 = AXIS2_PLACEMENT_3D('',#8189,#8190,#8191);
#8189 = CARTESIAN_POINT('',(26.399999252925,0.999999252925,0.));
#8190 = DIRECTION('',(0.,0.,-1.));
#8191 = DIRECTION('',(7.470757349539E-07,-1.,0.));
#8192 = ADVANCED_FACE('',(#8193),#8204,.F.);
#8193 = FACE_BOUND('',#8194,.T.);
#8194 = EDGE_LOOP('',(#8195,#8196,#8202,#8203));
#8195 = ORIENTED_EDGE('',*,*,#7058,.T.);
#8196 = ORIENTED_EDGE('',*,*,#8197,.T.);
#8197 = EDGE_CURVE('',#7059,#7475,#8198,.T.);
#8198 = LINE('',#8199,#8200);
#8199 = CARTESIAN_POINT('',(5.612998,1.0498,-4.6E-02));
#8200 = VECTOR('',#8201,1.);
#8201 = DIRECTION('',(0.,0.,1.));
#8202 = ORIENTED_EDGE('',*,*,#7474,.F.);
#8203 = ORIENTED_EDGE('',*,*,#8197,.F.);
#8204 = CYLINDRICAL_SURFACE('',#8205,1.6002);
#8205 = AXIS2_PLACEMENT_3D('',#8206,#8207,#8208);
#8206 = CARTESIAN_POINT('',(5.612998,2.65,-4.6E-02));
#8207 = DIRECTION('',(-0.,-0.,-1.));
#8208 = DIRECTION('',(-0.,-1.,0.));
#8209 = ADVANCED_FACE('',(#8210),#8226,.F.);
#8210 = FACE_BOUND('',#8211,.T.);
#8211 = EDGE_LOOP('',(#8212,#8218,#8219,#8225));
#8212 = ORIENTED_EDGE('',*,*,#8213,.T.);
#8213 = EDGE_CURVE('',#7070,#7486,#8214,.T.);
#8214 = LINE('',#8215,#8216);
#8215 = CARTESIAN_POINT('',(224.865,7.785,0.));
#8216 = VECTOR('',#8217,1.);
#8217 = DIRECTION('',(0.,0.,1.));
#8218 = ORIENTED_EDGE('',*,*,#7485,.T.);
#8219 = ORIENTED_EDGE('',*,*,#8220,.F.);
#8220 = EDGE_CURVE('',#7072,#7488,#8221,.T.);
#8221 = LINE('',#8222,#8223);
#8222 = CARTESIAN_POINT('',(224.365,7.285,0.));
#8223 = VECTOR('',#8224,1.);
#8224 = DIRECTION('',(0.,0.,1.));
#8225 = ORIENTED_EDGE('',*,*,#7069,.F.);
#8226 = CYLINDRICAL_SURFACE('',#8227,0.500001333575);
#8227 = AXIS2_PLACEMENT_3D('',#8228,#8229,#8230);
#8228 = CARTESIAN_POINT('',(224.86500133357,7.284998666427,0.));
#8229 = DIRECTION('',(-0.,-0.,-1.));
#8230 = DIRECTION('',(-2.667139134199E-06,0.999999999996,0.));
#8231 = ADVANCED_FACE('',(#8232),#8243,.T.);
#8232 = FACE_BOUND('',#8233,.T.);
#8233 = EDGE_LOOP('',(#8234,#8240,#8241,#8242));
#8234 = ORIENTED_EDGE('',*,*,#8235,.T.);
#8235 = EDGE_CURVE('',#7081,#7497,#8236,.T.);
#8236 = LINE('',#8237,#8238);
#8237 = CARTESIAN_POINT('',(241.315,7.785,0.));
#8238 = VECTOR('',#8239,1.);
#8239 = DIRECTION('',(0.,0.,1.));
#8240 = ORIENTED_EDGE('',*,*,#7496,.T.);
#8241 = ORIENTED_EDGE('',*,*,#8213,.F.);
#8242 = ORIENTED_EDGE('',*,*,#7080,.F.);
#8243 = PLANE('',#8244);
#8244 = AXIS2_PLACEMENT_3D('',#8245,#8246,#8247);
#8245 = CARTESIAN_POINT('',(241.315,7.785,0.));
#8246 = DIRECTION('',(0.,-1.,0.));
#8247 = DIRECTION('',(-1.,0.,0.));
#8248 = ADVANCED_FACE('',(#8249),#8260,.T.);
#8249 = FACE_BOUND('',#8250,.T.);
#8250 = EDGE_LOOP('',(#8251,#8252,#8253,#8259));
#8251 = ORIENTED_EDGE('',*,*,#8220,.T.);
#8252 = ORIENTED_EDGE('',*,*,#7547,.T.);
#8253 = ORIENTED_EDGE('',*,*,#8254,.F.);
#8254 = EDGE_CURVE('',#7123,#7539,#8255,.T.);
#8255 = LINE('',#8256,#8257);
#8256 = CARTESIAN_POINT('',(224.365,2.085,0.));
#8257 = VECTOR('',#8258,1.);
#8258 = DIRECTION('',(0.,0.,1.));
#8259 = ORIENTED_EDGE('',*,*,#7131,.F.);
#8260 = PLANE('',#8261);
#8261 = AXIS2_PLACEMENT_3D('',#8262,#8263,#8264);
#8262 = CARTESIAN_POINT('',(224.365,7.285,0.));
#8263 = DIRECTION('',(1.,0.,-0.));
#8264 = DIRECTION('',(0.,-1.,0.));
#8265 = ADVANCED_FACE('',(#8266),#8277,.F.);
#8266 = FACE_BOUND('',#8267,.T.);
#8267 = EDGE_LOOP('',(#8268,#8274,#8275,#8276));
#8268 = ORIENTED_EDGE('',*,*,#8269,.T.);
#8269 = EDGE_CURVE('',#7089,#7505,#8270,.T.);
#8270 = LINE('',#8271,#8272);
#8271 = CARTESIAN_POINT('',(241.815,7.285,0.));
#8272 = VECTOR('',#8273,1.);
#8273 = DIRECTION('',(0.,0.,1.));
#8274 = ORIENTED_EDGE('',*,*,#7504,.T.);
#8275 = ORIENTED_EDGE('',*,*,#8235,.F.);
#8276 = ORIENTED_EDGE('',*,*,#7088,.F.);
#8277 = CYLINDRICAL_SURFACE('',#8278,0.500001333575);
#8278 = AXIS2_PLACEMENT_3D('',#8279,#8280,#8281);
#8279 = CARTESIAN_POINT('',(241.31499866642,7.284998666427,0.));
#8280 = DIRECTION('',(-0.,-0.,-1.));
#8281 = DIRECTION('',(0.999999999996,2.667139162621E-06,-0.));
#8282 = ADVANCED_FACE('',(#8283),#8294,.F.);
#8283 = FACE_BOUND('',#8284,.T.);
#8284 = EDGE_LOOP('',(#8285,#8286,#8287,#8293));
#8285 = ORIENTED_EDGE('',*,*,#8254,.T.);
#8286 = ORIENTED_EDGE('',*,*,#7538,.T.);
#8287 = ORIENTED_EDGE('',*,*,#8288,.F.);
#8288 = EDGE_CURVE('',#7115,#7531,#8289,.T.);
#8289 = LINE('',#8290,#8291);
#8290 = CARTESIAN_POINT('',(224.865,1.585,0.));
#8291 = VECTOR('',#8292,1.);
#8292 = DIRECTION('',(0.,0.,1.));
#8293 = ORIENTED_EDGE('',*,*,#7122,.F.);
#8294 = CYLINDRICAL_SURFACE('',#8295,0.500001333575);
#8295 = AXIS2_PLACEMENT_3D('',#8296,#8297,#8298);
#8296 = CARTESIAN_POINT('',(224.86500133357,2.085001333573,0.));
#8297 = DIRECTION('',(-0.,-0.,-1.));
#8298 = DIRECTION('',(-0.999999999996,-2.667139161733E-06,0.));
#8299 = ADVANCED_FACE('',(#8300),#8311,.T.);
#8300 = FACE_BOUND('',#8301,.T.);
#8301 = EDGE_LOOP('',(#8302,#8308,#8309,#8310));
#8302 = ORIENTED_EDGE('',*,*,#8303,.T.);
#8303 = EDGE_CURVE('',#7098,#7514,#8304,.T.);
#8304 = LINE('',#8305,#8306);
#8305 = CARTESIAN_POINT('',(241.815,2.085,0.));
#8306 = VECTOR('',#8307,1.);
#8307 = DIRECTION('',(0.,0.,1.));
#8308 = ORIENTED_EDGE('',*,*,#7513,.T.);
#8309 = ORIENTED_EDGE('',*,*,#8269,.F.);
#8310 = ORIENTED_EDGE('',*,*,#7097,.F.);
#8311 = PLANE('',#8312);
#8312 = AXIS2_PLACEMENT_3D('',#8313,#8314,#8315);
#8313 = CARTESIAN_POINT('',(241.815,2.085,0.));
#8314 = DIRECTION('',(-1.,0.,0.));
#8315 = DIRECTION('',(0.,1.,0.));
#8316 = ADVANCED_FACE('',(#8317),#8328,.T.);
#8317 = FACE_BOUND('',#8318,.T.);
#8318 = EDGE_LOOP('',(#8319,#8320,#8321,#8327));
#8319 = ORIENTED_EDGE('',*,*,#8288,.T.);
#8320 = ORIENTED_EDGE('',*,*,#7530,.T.);
#8321 = ORIENTED_EDGE('',*,*,#8322,.F.);
#8322 = EDGE_CURVE('',#7106,#7522,#8323,.T.);
#8323 = LINE('',#8324,#8325);
#8324 = CARTESIAN_POINT('',(241.315,1.585,0.));
#8325 = VECTOR('',#8326,1.);
#8326 = DIRECTION('',(0.,0.,1.));
#8327 = ORIENTED_EDGE('',*,*,#7114,.F.);
#8328 = PLANE('',#8329);
#8329 = AXIS2_PLACEMENT_3D('',#8330,#8331,#8332);
#8330 = CARTESIAN_POINT('',(224.865,1.585,0.));
#8331 = DIRECTION('',(0.,1.,0.));
#8332 = DIRECTION('',(1.,0.,0.));
#8333 = ADVANCED_FACE('',(#8334),#8340,.F.);
#8334 = FACE_BOUND('',#8335,.T.);
#8335 = EDGE_LOOP('',(#8336,#8337,#8338,#8339));
#8336 = ORIENTED_EDGE('',*,*,#8322,.T.);
#8337 = ORIENTED_EDGE('',*,*,#7521,.T.);
#8338 = ORIENTED_EDGE('',*,*,#8303,.F.);
#8339 = ORIENTED_EDGE('',*,*,#7105,.F.);
#8340 = CYLINDRICAL_SURFACE('',#8341,0.500001333575);
#8341 = AXIS2_PLACEMENT_3D('',#8342,#8343,#8344);
#8342 = CARTESIAN_POINT('',(241.31499866642,2.085001333573,0.));
#8343 = DIRECTION('',(-0.,-0.,-1.));
#8344 = DIRECTION('',(2.667139134199E-06,-0.999999999996,0.));
#8345 = ADVANCED_FACE('',(#8346),#8357,.F.);
#8346 = FACE_BOUND('',#8347,.T.);
#8347 = EDGE_LOOP('',(#8348,#8349,#8355,#8356));
#8348 = ORIENTED_EDGE('',*,*,#7139,.T.);
#8349 = ORIENTED_EDGE('',*,*,#8350,.T.);
#8350 = EDGE_CURVE('',#7140,#7556,#8351,.T.);
#8351 = LINE('',#8352,#8353);
#8352 = CARTESIAN_POINT('',(5.612998,13.7498,-4.6E-02));
#8353 = VECTOR('',#8354,1.);
#8354 = DIRECTION('',(0.,0.,1.));
#8355 = ORIENTED_EDGE('',*,*,#7555,.F.);
#8356 = ORIENTED_EDGE('',*,*,#8350,.F.);
#8357 = CYLINDRICAL_SURFACE('',#8358,1.6002);
#8358 = AXIS2_PLACEMENT_3D('',#8359,#8360,#8361);
#8359 = CARTESIAN_POINT('',(5.612998,15.35,-4.6E-02));
#8360 = DIRECTION('',(-0.,-0.,-1.));
#8361 = DIRECTION('',(-0.,-1.,0.));
#8362 = ( GEOMETRIC_REPRESENTATION_CONTEXT(3) 
GLOBAL_UNCERTAINTY_ASSIGNED_CONTEXT((#8366)) 
GLOBAL_UNIT_ASSIGNED_CONTEXT((#8363,#8364,#8365)) REPRESENTATION_CONTEXT
('Context #1','3D Context with UNIT and UNCERTAINTY') );
#8363 = ( LENGTH_UNIT() NAMED_UNIT(*) SI_UNIT(.MILLI.,.METRE.) );
#8364 = ( NAMED_UNIT(*) PLANE_ANGLE_UNIT() SI_UNIT($,.RADIAN.) );
#8365 = ( NAMED_UNIT(*) SI_UNIT($,.STERADIAN.) SOLID_ANGLE_UNIT() );
#8366 = UNCERTAINTY_MEASURE_WITH_UNIT(LENGTH_MEASURE(1.E-07),#8363,
  'distance_accuracy_value','confusion accuracy');
#8367 = CONTEXT_DEPENDENT_SHAPE_REPRESENTATION(#8368,#8370);
#8368 = ( REPRESENTATION_RELATIONSHIP('','',#6629,#10) 
REPRESENTATION_RELATIONSHIP_WITH_TRANSFORMATION(#8369) 
SHAPE_REPRESENTATION_RELATIONSHIP() );
#8369 = ITEM_DEFINED_TRANSFORMATION('','',#11,#31);
#8370 = PRODUCT_DEFINITION_SHAPE('Placement','Placement of an item',
  #8371);
#8371 = NEXT_ASSEMBLY_USAGE_OCCURRENCE('5','=>[0:1:1:6]','',#5,#6624,$);
#8372 = PRODUCT_RELATED_PRODUCT_CATEGORY('part',$,(#6626));
#8373 = MECHANICAL_DESIGN_GEOMETRIC_PRESENTATION_REPRESENTATION('',(
    #8374),#8362);
#8374 = STYLED_ITEM('color',(#8375),#6630);
#8375 = PRESENTATION_STYLE_ASSIGNMENT((#8376));
#8376 = SURFACE_STYLE_USAGE(.BOTH.,#8377);
#8377 = SURFACE_SIDE_STYLE('',(#8378));
#8378 = SURFACE_STYLE_FILL_AREA(#8379);
#8379 = FILL_AREA_STYLE('',(#8380));
#8380 = FILL_AREA_STYLE_COLOUR('',#8381);
#8381 = COLOUR_RGB('',0.313304153717,0.484529207832,0.410020903123);
ENDSEC;
END-ISO-10303-21;
